year,geo,value,projections,benchmark_low,benchmark_mid
2000,WLD,57.9,,,
2001,WLD,58.4,,,
2002,WLD,59,,,
2003,WLD,59.6,,,
2004,WLD,60.1,,,
2005,WLD,60.7,,,
2006,WLD,61.3,,,
2007,WLD,61.8,,,
2008,WLD,62.4,,,
2009,WLD,62.9,,,
2010,WLD,63.4,,,
2011,WLD,63.9,,,
2012,WLD,64.4,,,
2013,WLD,64.8,,,
2014,WLD,65.3,,,
2015,WLD,65.7,,,
2016,WLD,66.1,,,
2017,WLD,66.5,,,
2018,WLD,66.9,,,
2019,WLD,67.3,,,
2020,WLD,67.6,,,
2030,WLD,,71.3,,100
2000,AFG,6.2,,,
2001,AFG,7.2,,,
2002,AFG,8.2,,,
2003,AFG,9.5,,,
2004,AFG,10.9,,,
2005,AFG,12.2,,,
2006,AFG,13.9,,,
2007,AFG,15.3,,,
2008,AFG,16.7,,,
2009,AFG,18.4,,,
2010,AFG,20,,,
2011,AFG,21.8,,,
2012,AFG,23,,,
2013,AFG,24.8,,,
2014,AFG,26.1,,,
2015,AFG,27.4,,,
2016,AFG,28.6,,,
2017,AFG,29.7,,,
2018,AFG,30.9,,,
2019,AFG,31.9,,,
2020,AFG,33.2,,,
2000,AGO,41.1,,,
2001,AGO,41.7,,,
2002,AGO,41.7,,,
2003,AGO,42,,,
2004,AGO,41.9,,,
2005,AGO,42.6,,,
2006,AGO,42.9,,,
2007,AGO,43.5,,,
2008,AGO,43.6,,,
2009,AGO,43.8,,,
2010,AGO,44.3,,,
2011,AGO,44.8,,,
2012,AGO,45.2,,,
2013,AGO,45.8,,,
2014,AGO,46.5,,,
2015,AGO,47.2,,,
2016,AGO,47.8,,,
2017,AGO,48.4,,,
2018,AGO,49.1,,,
2019,AGO,49.5,,,
2020,AGO,50.2,,,
2000,ALB,38.2,,,
2001,ALB,40.5,,,
2002,ALB,43.2,,,
2003,ALB,46.4,,,
2004,ALB,49,,,
2005,ALB,51.9,,,
2006,ALB,54.8,,,
2007,ALB,58.1,,,
2008,ALB,60.8,,,
2009,ALB,63.6,,,
2010,ALB,66.5,,,
2011,ALB,68.9,,,
2012,ALB,71.3,,,
2013,ALB,73.2,,,
2014,ALB,74.6,,,
2015,ALB,76.2,,,
2016,ALB,77.8,,,
2017,ALB,78.7,,,
2018,ALB,79.8,,,
2019,ALB,80.7,,,
2020,ALB,81.3,,,
2000,AND,100,,,
2001,AND,100,,,
2002,AND,100,,,
2003,AND,100,,,
2004,AND,100,,,
2005,AND,100,,,
2006,AND,100,,,
2007,AND,100,,,
2008,AND,100,,,
2009,AND,100,,,
2010,AND,100,,,
2011,AND,100,,,
2012,AND,100,,,
2013,AND,100,,,
2014,AND,100,,,
2015,AND,100,,,
2016,AND,100,,,
2017,AND,100,,,
2018,AND,100,,,
2019,AND,100,,,
2020,AND,100,,,
2000,ARE,100,,,
2001,ARE,100,,,
2002,ARE,100,,,
2003,ARE,100,,,
2004,ARE,100,,,
2005,ARE,100,,,
2006,ARE,100,,,
2007,ARE,100,,,
2008,ARE,100,,,
2009,ARE,100,,,
2010,ARE,100,,,
2011,ARE,100,,,
2012,ARE,100,,,
2013,ARE,100,,,
2014,ARE,100,,,
2015,ARE,100,,,
2016,ARE,100,,,
2017,ARE,100,,,
2018,ARE,100,,,
2019,ARE,100,,,
2020,ARE,100,,,
2000,ARG,95,,,
2001,ARG,95.6,,,
2002,ARG,96.1,,,
2003,ARG,96.5,,,
2004,ARG,97.2,,,
2005,ARG,97.5,,,
2006,ARG,98.1,,,
2007,ARG,98.3,,,
2008,ARG,98.6,,,
2009,ARG,98.9,,,
2010,ARG,99.1,,,
2011,ARG,99.3,,,
2012,ARG,99.5,,,
2013,ARG,99.6,,,
2014,ARG,99.7,,,
2015,ARG,99.7,,,
2016,ARG,99.8,,,
2017,ARG,99.8,,,
2018,ARG,99.8,,,
2019,ARG,99.9,,,
2020,ARG,99.9,,,
2000,ARM,79.5,,,
2001,ARM,82.2,,,
2002,ARM,84.9,,,
2003,ARM,87.7,,,
2004,ARM,89.9,,,
2005,ARM,91.6,,,
2006,ARM,92.9,,,
2007,ARM,94.2,,,
2008,ARM,95,,,
2009,ARM,95.7,,,
2010,ARM,96.4,,,
2011,ARM,96.8,,,
2012,ARM,97.2,,,
2013,ARM,97.5,,,
2014,ARM,97.6,,,
2015,ARM,97.8,,,
2016,ARM,97.9,,,
2017,ARM,98,,,
2018,ARM,98,,,
2019,ARM,98,,,
2020,ARM,98.1,,,
2000,ATG,100,,,
2001,ATG,100,,,
2002,ATG,100,,,
2003,ATG,100,,,
2004,ATG,100,,,
2005,ATG,100,,,
2006,ATG,100,,,
2007,ATG,100,,,
2008,ATG,100,,,
2009,ATG,100,,,
2010,ATG,100,,,
2011,ATG,100,,,
2012,ATG,100,,,
2013,ATG,100,,,
2014,ATG,100,,,
2015,ATG,100,,,
2016,ATG,100,,,
2017,ATG,100,,,
2018,ATG,100,,,
2019,ATG,100,,,
2020,ATG,100,,,
2000,AUS,100,,,
2001,AUS,100,,,
2002,AUS,100,,,
2003,AUS,100,,,
2004,AUS,100,,,
2005,AUS,100,,,
2006,AUS,100,,,
2007,AUS,100,,,
2008,AUS,100,,,
2009,AUS,100,,,
2010,AUS,100,,,
2011,AUS,100,,,
2012,AUS,100,,,
2013,AUS,100,,,
2014,AUS,100,,,
2015,AUS,100,,,
2016,AUS,100,,,
2017,AUS,100,,,
2018,AUS,100,,,
2019,AUS,100,,,
2020,AUS,100,,,
2000,AUT,100,,,
2001,AUT,100,,,
2002,AUT,100,,,
2003,AUT,100,,,
2004,AUT,100,,,
2005,AUT,100,,,
2006,AUT,100,,,
2007,AUT,100,,,
2008,AUT,100,,,
2009,AUT,100,,,
2010,AUT,100,,,
2011,AUT,100,,,
2012,AUT,100,,,
2013,AUT,100,,,
2014,AUT,100,,,
2015,AUT,100,,,
2016,AUT,100,,,
2017,AUT,100,,,
2018,AUT,100,,,
2019,AUT,100,,,
2020,AUT,100,,,
2000,AZE,70.3,,,
2001,AZE,73.6,,,
2002,AZE,76.8,,,
2003,AZE,80.3,,,
2004,AZE,82.9,,,
2005,AZE,85.2,,,
2006,AZE,87.4,,,
2007,AZE,89.4,,,
2008,AZE,90.7,,,
2009,AZE,92.1,,,
2010,AZE,93.1,,,
2011,AZE,94,,,
2012,AZE,94.7,,,
2013,AZE,95.2,,,
2014,AZE,95.5,,,
2015,AZE,95.9,,,
2016,AZE,96.2,,,
2017,AZE,96.4,,,
2018,AZE,96.6,,,
2019,AZE,96.7,,,
2020,AZE,96.8,,,
2000,BDI,0.3,,,
2001,BDI,0.3,,,
2002,BDI,0.3,,,
2003,BDI,0.3,,,
2004,BDI,0.3,,,
2005,BDI,0.3,,,
2006,BDI,0.3,,,
2007,BDI,0.3,,,
2008,BDI,0.3,,,
2009,BDI,0.3,,,
2010,BDI,0.3,,,
2011,BDI,0.2,,,
2012,BDI,0.2,,,
2013,BDI,0.2,,,
2014,BDI,0.2,,,
2015,BDI,0.2,,,
2016,BDI,0.2,,,
2017,BDI,0.2,,,
2018,BDI,0.2,,,
2019,BDI,0.2,,,
2020,BDI,0.2,,,
2000,BEL,100,,,
2001,BEL,100,,,
2002,BEL,100,,,
2003,BEL,100,,,
2004,BEL,100,,,
2005,BEL,100,,,
2006,BEL,100,,,
2007,BEL,100,,,
2008,BEL,100,,,
2009,BEL,100,,,
2010,BEL,100,,,
2011,BEL,100,,,
2012,BEL,100,,,
2013,BEL,100,,,
2014,BEL,100,,,
2015,BEL,100,,,
2016,BEL,100,,,
2017,BEL,100,,,
2018,BEL,100,,,
2019,BEL,100,,,
2020,BEL,100,,,
2000,BEN,0.6,,,
2001,BEN,0.8,,,
2002,BEN,1,,,
2003,BEN,1.3,,,
2004,BEN,1.7,,,
2005,BEN,2.1,,,
2006,BEN,2.5,,,
2007,BEN,2.9,,,
2008,BEN,3.4,,,
2009,BEN,3.7,,,
2010,BEN,4,,,
2011,BEN,4.1,,,
2012,BEN,4.3,,,
2013,BEN,4.3,,,
2014,BEN,4.3,,,
2015,BEN,4.3,,,
2016,BEN,4.3,,,
2017,BEN,4.2,,,
2018,BEN,4.2,,,
2019,BEN,4,,,
2020,BEN,4,,,
2000,BFA,2.7,,,
2001,BFA,2.9,,,
2002,BFA,3.1,,,
2003,BFA,3.4,,,
2004,BFA,3.7,,,
2005,BFA,3.9,,,
2006,BFA,4.4,,,
2007,BFA,4.6,,,
2008,BFA,5.1,,,
2009,BFA,5.4,,,
2010,BFA,5.8,,,
2011,BFA,6.3,,,
2012,BFA,6.7,,,
2013,BFA,7.1,,,
2014,BFA,7.6,,,
2015,BFA,8.1,,,
2016,BFA,8.7,,,
2017,BFA,9,,,
2018,BFA,9.5,,,
2019,BFA,10.1,,,
2020,BFA,10.6,,,
2000,BGD,8.3,,,
2001,BGD,8.3,,,
2002,BGD,8.4,,,
2003,BGD,8.6,,,
2004,BGD,8.9,,,
2005,BGD,9.2,,,
2006,BGD,9.8,,,
2007,BGD,10.3,,,
2008,BGD,11,,,
2009,BGD,11.8,,,
2010,BGD,12.7,,,
2011,BGD,13.7,,,
2012,BGD,14.7,,,
2013,BGD,15.8,,,
2014,BGD,17.1,,,
2015,BGD,18.3,,,
2016,BGD,19.3,,,
2017,BGD,20.6,,,
2018,BGD,21.9,,,
2019,BGD,23.4,,,
2020,BGD,25,,,
2000,BHR,100,,,
2001,BHR,100,,,
2002,BHR,100,,,
2003,BHR,100,,,
2004,BHR,100,,,
2005,BHR,100,,,
2006,BHR,100,,,
2007,BHR,100,,,
2008,BHR,100,,,
2009,BHR,100,,,
2010,BHR,100,,,
2011,BHR,100,,,
2012,BHR,100,,,
2013,BHR,100,,,
2014,BHR,100,,,
2015,BHR,100,,,
2016,BHR,100,,,
2017,BHR,100,,,
2018,BHR,100,,,
2019,BHR,100,,,
2020,BHR,100,,,
2000,BHS,100,,,
2001,BHS,100,,,
2002,BHS,100,,,
2003,BHS,100,,,
2004,BHS,100,,,
2005,BHS,100,,,
2006,BHS,100,,,
2007,BHS,100,,,
2008,BHS,100,,,
2009,BHS,100,,,
2010,BHS,100,,,
2011,BHS,100,,,
2012,BHS,100,,,
2013,BHS,100,,,
2014,BHS,100,,,
2015,BHS,100,,,
2016,BHS,100,,,
2017,BHS,100,,,
2018,BHS,100,,,
2019,BHS,100,,,
2020,BHS,100,,,
2000,BIH,52.1,,,
2001,BIH,51.5,,,
2002,BIH,50.9,,,
2003,BIH,50.8,,,
2004,BIH,49.3,,,
2005,BIH,48.9,,,
2006,BIH,47.9,,,
2007,BIH,47.1,,,
2008,BIH,46.7,,,
2009,BIH,45.8,,,
2010,BIH,45,,,
2011,BIH,44.7,,,
2012,BIH,44.2,,,
2013,BIH,44.2,,,
2014,BIH,44.1,,,
2015,BIH,43.9,,,
2016,BIH,45.2,,,
2017,BIH,43.6,,,
2018,BIH,44.7,,,
2019,BIH,45,,,
2020,BIH,45.2,,,
2000,BLR,94.7,,,
2001,BLR,95.2,,,
2002,BLR,95.8,,,
2003,BLR,96.4,,,
2004,BLR,96.9,,,
2005,BLR,97.1,,,
2006,BLR,97.5,,,
2007,BLR,97.9,,,
2008,BLR,98.2,,,
2009,BLR,98.5,,,
2010,BLR,98.7,,,
2011,BLR,98.8,,,
2012,BLR,99,,,
2013,BLR,99.1,,,
2014,BLR,99.2,,,
2015,BLR,99.3,,,
2016,BLR,99.4,,,
2017,BLR,99.4,,,
2018,BLR,99.5,,,
2019,BLR,99.5,,,
2020,BLR,99.6,,,
2000,BLZ,79.9,,,
2001,BLZ,80.6,,,
2002,BLZ,81.5,,,
2003,BLZ,81.9,,,
2004,BLZ,82.6,,,
2005,BLZ,82.9,,,
2006,BLZ,83.2,,,
2007,BLZ,83.3,,,
2008,BLZ,83.5,,,
2009,BLZ,83.4,,,
2010,BLZ,83.6,,,
2011,BLZ,83.4,,,
2012,BLZ,83.3,,,
2013,BLZ,83.3,,,
2014,BLZ,83,,,
2015,BLZ,82.9,,,
2016,BLZ,82.8,,,
2017,BLZ,82.6,,,
2018,BLZ,82.4,,,
2019,BLZ,82.1,,,
2020,BLZ,82.1,,,
2000,BOL,62.9,,,
2001,BOL,63.9,,,
2002,BOL,65,,,
2003,BOL,65.9,,,
2004,BOL,67.3,,,
2005,BOL,68.4,,,
2006,BOL,69.8,,,
2007,BOL,71.5,,,
2008,BOL,73.1,,,
2009,BOL,74.7,,,
2010,BOL,76.2,,,
2011,BOL,77.8,,,
2012,BOL,79.3,,,
2013,BOL,80.4,,,
2014,BOL,81.7,,,
2015,BOL,82.7,,,
2016,BOL,83.5,,,
2017,BOL,84.2,,,
2018,BOL,85,,,
2019,BOL,85.7,,,
2020,BOL,86.1,,,
2000,BRA,89,,,
2001,BRA,89.7,,,
2002,BRA,90.1,,,
2003,BRA,90.6,,,
2004,BRA,91.1,,,
2005,BRA,91.6,,,
2006,BRA,92.1,,,
2007,BRA,92.6,,,
2008,BRA,93.1,,,
2009,BRA,93.6,,,
2010,BRA,94,,,
2011,BRA,94.3,,,
2012,BRA,94.7,,,
2013,BRA,95,,,
2014,BRA,95.2,,,
2015,BRA,95.4,,,
2016,BRA,95.7,,,
2017,BRA,95.7,,,
2018,BRA,95.8,,,
2019,BRA,95.8,,,
2020,BRA,95.9,,,
2000,BRB,100,,,
2001,BRB,100,,,
2002,BRB,100,,,
2003,BRB,100,,,
2004,BRB,100,,,
2005,BRB,100,,,
2006,BRB,100,,,
2007,BRB,100,,,
2008,BRB,100,,,
2009,BRB,100,,,
2010,BRB,100,,,
2011,BRB,100,,,
2012,BRB,100,,,
2013,BRB,100,,,
2014,BRB,100,,,
2015,BRB,100,,,
2016,BRB,100,,,
2017,BRB,100,,,
2018,BRB,100,,,
2019,BRB,100,,,
2020,BRB,100,,,
2000,BRN,100,,,
2001,BRN,100,,,
2002,BRN,100,,,
2003,BRN,100,,,
2004,BRN,100,,,
2005,BRN,100,,,
2006,BRN,100,,,
2007,BRN,100,,,
2008,BRN,100,,,
2009,BRN,100,,,
2010,BRN,100,,,
2011,BRN,100,,,
2012,BRN,100,,,
2013,BRN,100,,,
2014,BRN,100,,,
2015,BRN,100,,,
2016,BRN,100,,,
2017,BRN,100,,,
2018,BRN,100,,,
2019,BRN,100,,,
2020,BRN,100,,,
2000,BTN,27.8,,,
2001,BTN,30.9,,,
2002,BTN,34.8,,,
2003,BTN,38.8,,,
2004,BTN,42.7,,,
2005,BTN,47.3,,,
2006,BTN,51.1,,,
2007,BTN,54.7,,,
2008,BTN,57.8,,,
2009,BTN,61.2,,,
2010,BTN,63.9,,,
2011,BTN,66.7,,,
2012,BTN,68.9,,,
2013,BTN,71.2,,,
2014,BTN,72.9,,,
2015,BTN,75,,,
2016,BTN,76,,,
2017,BTN,77.4,,,
2018,BTN,78.3,,,
2019,BTN,79.4,,,
2020,BTN,80.2,,,
2000,BWA,44.4,,,
2001,BWA,46.3,,,
2002,BWA,47.8,,,
2003,BWA,49.5,,,
2004,BWA,51.1,,,
2005,BWA,52.6,,,
2006,BWA,53.7,,,
2007,BWA,55.1,,,
2008,BWA,56.4,,,
2009,BWA,57.6,,,
2010,BWA,58.5,,,
2011,BWA,59.6,,,
2012,BWA,60.2,,,
2013,BWA,60.8,,,
2014,BWA,61.3,,,
2015,BWA,61.7,,,
2016,BWA,62.4,,,
2017,BWA,63,,,
2018,BWA,63.8,,,
2019,BWA,63.9,,,
2020,BWA,64.7,,,
2000,CAF,0.6,,,
2001,CAF,0.6,,,
2002,CAF,0.6,,,
2003,CAF,0.6,,,
2004,CAF,0.5,,,
2005,CAF,0.5,,,
2006,CAF,0.6,,,
2007,CAF,0.6,,,
2008,CAF,0.6,,,
2009,CAF,0.6,,,
2010,CAF,0.5,,,
2011,CAF,0.5,,,
2012,CAF,0.6,,,
2013,CAF,0.6,,,
2014,CAF,0.6,,,
2015,CAF,0.6,,,
2016,CAF,0.7,,,
2017,CAF,0.7,,,
2018,CAF,0.7,,,
2019,CAF,0.7,,,
2020,CAF,0.8,,,
2000,CAN,100,,,
2001,CAN,100,,,
2002,CAN,100,,,
2003,CAN,100,,,
2004,CAN,100,,,
2005,CAN,100,,,
2006,CAN,100,,,
2007,CAN,100,,,
2008,CAN,100,,,
2009,CAN,100,,,
2010,CAN,100,,,
2011,CAN,100,,,
2012,CAN,100,,,
2013,CAN,100,,,
2014,CAN,100,,,
2015,CAN,100,,,
2016,CAN,100,,,
2017,CAN,100,,,
2018,CAN,100,,,
2019,CAN,100,,,
2020,CAN,100,,,
2000,CHE,100,,,
2001,CHE,100,,,
2002,CHE,100,,,
2003,CHE,100,,,
2004,CHE,100,,,
2005,CHE,100,,,
2006,CHE,100,,,
2007,CHE,100,,,
2008,CHE,100,,,
2009,CHE,100,,,
2010,CHE,100,,,
2011,CHE,100,,,
2012,CHE,100,,,
2013,CHE,100,,,
2014,CHE,100,,,
2015,CHE,100,,,
2016,CHE,100,,,
2017,CHE,100,,,
2018,CHE,100,,,
2019,CHE,100,,,
2020,CHE,100,,,
2000,CHL,100,,,
2001,CHL,100,,,
2002,CHL,100,,,
2003,CHL,100,,,
2004,CHL,100,,,
2005,CHL,100,,,
2006,CHL,100,,,
2007,CHL,100,,,
2008,CHL,100,,,
2009,CHL,100,,,
2010,CHL,100,,,
2011,CHL,100,,,
2012,CHL,100,,,
2013,CHL,100,,,
2014,CHL,100,,,
2015,CHL,100,,,
2016,CHL,100,,,
2017,CHL,100,,,
2018,CHL,100,,,
2019,CHL,100,,,
2020,CHL,100,,,
2000,CHN,42,,,
2001,CHN,42.3,,,
2002,CHN,43.1,,,
2003,CHN,43.4,,,
2004,CHN,44.9,,,
2005,CHN,46.3,,,
2006,CHN,47.7,,,
2007,CHN,49.4,,,
2008,CHN,51.1,,,
2009,CHN,53.5,,,
2010,CHN,55.6,,,
2011,CHN,58,,,
2012,CHN,60.7,,,
2013,CHN,63.2,,,
2014,CHN,66,,,
2015,CHN,68.4,,,
2016,CHN,70.6,,,
2017,CHN,73.2,,,
2018,CHN,75.6,,,
2019,CHN,77.6,,,
2020,CHN,79.4,,,
2000,CIV,18.6,,,
2001,CIV,18.1,,,
2002,CIV,17.6,,,
2003,CIV,17.1,,,
2004,CIV,16.7,,,
2005,CIV,16.7,,,
2006,CIV,16.6,,,
2007,CIV,16.6,,,
2008,CIV,16.8,,,
2009,CIV,17.2,,,
2010,CIV,18,,,
2011,CIV,18.7,,,
2012,CIV,19.4,,,
2013,CIV,20.6,,,
2014,CIV,21.7,,,
2015,CIV,23.1,,,
2016,CIV,24.9,,,
2017,CIV,26.6,,,
2018,CIV,28.4,,,
2019,CIV,30.3,,,
2020,CIV,31.8,,,
2000,CMR,9.8,,,
2001,CMR,10.7,,,
2002,CMR,11.7,,,
2003,CMR,12.7,,,
2004,CMR,13.7,,,
2005,CMR,14.7,,,
2006,CMR,15.9,,,
2007,CMR,16.8,,,
2008,CMR,17.7,,,
2009,CMR,18.6,,,
2010,CMR,19.4,,,
2011,CMR,20,,,
2012,CMR,20.8,,,
2013,CMR,21.4,,,
2014,CMR,21.7,,,
2015,CMR,22,,,
2016,CMR,22.2,,,
2017,CMR,22.2,,,
2018,CMR,22.1,,,
2019,CMR,22.2,,,
2020,CMR,21.9,,,
2000,COD,1,,,
2001,COD,1.2,,,
2002,COD,1.4,,,
2003,COD,1.6,,,
2004,COD,1.9,,,
2005,COD,2.1,,,
2006,COD,2.4,,,
2007,COD,2.7,,,
2008,COD,2.9,,,
2009,COD,3.1,,,
2010,COD,3.2,,,
2011,COD,3.5,,,
2012,COD,3.5,,,
2013,COD,3.7,,,
2014,COD,3.8,,,
2015,COD,3.7,,,
2016,COD,3.7,,,
2017,COD,3.8,,,
2018,COD,3.6,,,
2019,COD,3.8,,,
2020,COD,3.7,,,
2000,COG,9.3,,,
2001,COG,9.6,,,
2002,COG,9.9,,,
2003,COG,10.5,,,
2004,COG,11.1,,,
2005,COG,11.6,,,
2006,COG,12.6,,,
2007,COG,13.4,,,
2008,COG,14.5,,,
2009,COG,15.8,,,
2010,COG,17,,,
2011,COG,18.5,,,
2012,COG,20.1,,,
2013,COG,21.8,,,
2014,COG,23.5,,,
2015,COG,25.4,,,
2016,COG,27.4,,,
2017,COG,29.5,,,
2018,COG,31.1,,,
2019,COG,32.6,,,
2020,COG,34.9,,,
2000,COK,81.1,,,
2001,COK,81.4,,,
2002,COK,82.3,,,
2003,COK,82.5,,,
2004,COK,82.6,,,
2005,COK,83,,,
2006,COK,83.3,,,
2007,COK,83,,,
2008,COK,82.2,,,
2009,COK,82.1,,,
2010,COK,81.1,,,
2011,COK,80.5,,,
2012,COK,80.1,,,
2013,COK,79.8,,,
2014,COK,79.3,,,
2015,COK,78.5,,,
2016,COK,78.1,,,
2017,COK,77.4,,,
2018,COK,77.4,,,
2019,COK,76.6,,,
2020,COK,76.2,,,
2000,COL,78.1,,,
2001,COL,78.9,,,
2002,COL,79.7,,,
2003,COL,80.7,,,
2004,COL,81.5,,,
2005,COL,82.4,,,
2006,COL,83,,,
2007,COL,83.8,,,
2008,COL,84.6,,,
2009,COL,85.4,,,
2010,COL,86.3,,,
2011,COL,87,,,
2012,COL,87.6,,,
2013,COL,88.5,,,
2014,COL,89.1,,,
2015,COL,89.8,,,
2016,COL,90.7,,,
2017,COL,91.2,,,
2018,COL,92,,,
2019,COL,92.5,,,
2020,COL,93.2,,,
2000,COM,0.6,,,
2001,COM,0.7,,,
2002,COM,0.8,,,
2003,COM,1,,,
2004,COM,1.2,,,
2005,COM,1.4,,,
2006,COM,1.7,,,
2007,COM,2,,,
2008,COM,2.4,,,
2009,COM,2.8,,,
2010,COM,3.2,,,
2011,COM,3.7,,,
2012,COM,4.2,,,
2013,COM,4.8,,,
2014,COM,5.3,,,
2015,COM,5.7,,,
2016,COM,6.3,,,
2017,COM,6.8,,,
2018,COM,7.3,,,
2019,COM,7.8,,,
2020,COM,8.4,,,
2000,CPV,62.8,,,
2001,CPV,62.9,,,
2002,CPV,63.2,,,
2003,CPV,63.3,,,
2004,CPV,63.9,,,
2005,CPV,64.5,,,
2006,CPV,65.2,,,
2007,CPV,66.3,,,
2008,CPV,67.5,,,
2009,CPV,68.4,,,
2010,CPV,69.7,,,
2011,CPV,70.8,,,
2012,CPV,72,,,
2013,CPV,73.2,,,
2014,CPV,74.4,,,
2015,CPV,75.5,,,
2016,CPV,76.5,,,
2017,CPV,77.8,,,
2018,CPV,78.9,,,
2019,CPV,80.2,,,
2020,CPV,81,,,
2000,CRI,89,,,
2001,CRI,89.4,,,
2002,CRI,89.8,,,
2003,CRI,90.1,,,
2004,CRI,90.4,,,
2005,CRI,90.7,,,
2006,CRI,91.2,,,
2007,CRI,91.3,,,
2008,CRI,91.8,,,
2009,CRI,92.1,,,
2010,CRI,92.4,,,
2011,CRI,92.9,,,
2012,CRI,93.1,,,
2013,CRI,93.6,,,
2014,CRI,94,,,
2015,CRI,94.3,,,
2016,CRI,94.6,,,
2017,CRI,94.9,,,
2018,CRI,95.3,,,
2019,CRI,95.6,,,
2020,CRI,95.7,,,
2000,CUB,71.4,,,
2001,CUB,74.5,,,
2002,CUB,77.2,,,
2003,CUB,79.8,,,
2004,CUB,81.8,,,
2005,CUB,83.8,,,
2006,CUB,85.4,,,
2007,CUB,87,,,
2008,CUB,88.1,,,
2009,CUB,89.1,,,
2010,CUB,90.2,,,
2011,CUB,91,,,
2012,CUB,91.5,,,
2013,CUB,92,,,
2014,CUB,92.7,,,
2015,CUB,92.7,,,
2016,CUB,93.2,,,
2017,CUB,93.4,,,
2018,CUB,93.5,,,
2019,CUB,93.6,,,
2020,CUB,93.8,,,
2000,CYP,100,,,
2001,CYP,100,,,
2002,CYP,100,,,
2003,CYP,100,,,
2004,CYP,100,,,
2005,CYP,100,,,
2006,CYP,100,,,
2007,CYP,100,,,
2008,CYP,100,,,
2009,CYP,100,,,
2010,CYP,100,,,
2011,CYP,100,,,
2012,CYP,100,,,
2013,CYP,100,,,
2014,CYP,100,,,
2015,CYP,100,,,
2016,CYP,100,,,
2017,CYP,100,,,
2018,CYP,100,,,
2019,CYP,100,,,
2020,CYP,100,,,
2000,CZE,100,,,
2001,CZE,100,,,
2002,CZE,100,,,
2003,CZE,100,,,
2004,CZE,100,,,
2005,CZE,100,,,
2006,CZE,100,,,
2007,CZE,100,,,
2008,CZE,100,,,
2009,CZE,100,,,
2010,CZE,100,,,
2011,CZE,100,,,
2012,CZE,100,,,
2013,CZE,100,,,
2014,CZE,100,,,
2015,CZE,100,,,
2016,CZE,100,,,
2017,CZE,100,,,
2018,CZE,100,,,
2019,CZE,100,,,
2020,CZE,100,,,
2000,DEU,100,,,
2001,DEU,100,,,
2002,DEU,100,,,
2003,DEU,100,,,
2004,DEU,100,,,
2005,DEU,100,,,
2006,DEU,100,,,
2007,DEU,100,,,
2008,DEU,100,,,
2009,DEU,100,,,
2010,DEU,100,,,
2011,DEU,100,,,
2012,DEU,100,,,
2013,DEU,100,,,
2014,DEU,100,,,
2015,DEU,100,,,
2016,DEU,100,,,
2017,DEU,100,,,
2018,DEU,100,,,
2019,DEU,100,,,
2020,DEU,100,,,
2000,DJI,4,,,
2001,DJI,4.1,,,
2002,DJI,4.2,,,
2003,DJI,4.3,,,
2004,DJI,4.5,,,
2005,DJI,4.8,,,
2006,DJI,5,,,
2007,DJI,5.3,,,
2008,DJI,5.7,,,
2009,DJI,6.1,,,
2010,DJI,6.5,,,
2011,DJI,6.8,,,
2012,DJI,7.2,,,
2013,DJI,7.8,,,
2014,DJI,8.1,,,
2015,DJI,8.4,,,
2016,DJI,8.8,,,
2017,DJI,9,,,
2018,DJI,9.3,,,
2019,DJI,9.5,,,
2020,DJI,9.7,,,
2000,DMA,81,,,
2001,DMA,82,,,
2002,DMA,82.8,,,
2003,DMA,83.6,,,
2004,DMA,84,,,
2005,DMA,85,,,
2006,DMA,85.5,,,
2007,DMA,86.3,,,
2008,DMA,87,,,
2009,DMA,87.4,,,
2010,DMA,87.8,,,
2011,DMA,88.3,,,
2012,DMA,88.4,,,
2013,DMA,88.7,,,
2014,DMA,88.9,,,
2015,DMA,89.3,,,
2016,DMA,89.3,,,
2017,DMA,89.3,,,
2018,DMA,89.1,,,
2019,DMA,89.3,,,
2020,DMA,88.9,,,
2000,DNK,100,,,
2001,DNK,100,,,
2002,DNK,100,,,
2003,DNK,100,,,
2004,DNK,100,,,
2005,DNK,100,,,
2006,DNK,100,,,
2007,DNK,100,,,
2008,DNK,100,,,
2009,DNK,100,,,
2010,DNK,100,,,
2011,DNK,100,,,
2012,DNK,100,,,
2013,DNK,100,,,
2014,DNK,100,,,
2015,DNK,100,,,
2016,DNK,100,,,
2017,DNK,100,,,
2018,DNK,100,,,
2019,DNK,100,,,
2020,DNK,100,,,
2000,DOM,84.1,,,
2001,DOM,84.7,,,
2002,DOM,85.5,,,
2003,DOM,86.1,,,
2004,DOM,86.4,,,
2005,DOM,86.7,,,
2006,DOM,87,,,
2007,DOM,87.1,,,
2008,DOM,87.3,,,
2009,DOM,87.4,,,
2010,DOM,87.6,,,
2011,DOM,87.8,,,
2012,DOM,87.9,,,
2013,DOM,88.2,,,
2014,DOM,88.5,,,
2015,DOM,89,,,
2016,DOM,89.5,,,
2017,DOM,90,,,
2018,DOM,90.4,,,
2019,DOM,90.9,,,
2020,DOM,91.5,,,
2000,DZA,97.1,,,
2001,DZA,97.3,,,
2002,DZA,97.8,,,
2003,DZA,98,,,
2004,DZA,98.2,,,
2005,DZA,98.5,,,
2006,DZA,98.7,,,
2007,DZA,98.8,,,
2008,DZA,99,,,
2009,DZA,99.1,,,
2010,DZA,99.2,,,
2011,DZA,99.3,,,
2012,DZA,99.4,,,
2013,DZA,99.4,,,
2014,DZA,99.5,,,
2015,DZA,99.5,,,
2016,DZA,99.6,,,
2017,DZA,99.6,,,
2018,DZA,99.6,,,
2019,DZA,99.7,,,
2020,DZA,99.7,,,
2000,ECU,87.8,,,
2001,ECU,88.8,,,
2002,ECU,89.8,,,
2003,ECU,90.6,,,
2004,ECU,91.1,,,
2005,ECU,91.7,,,
2006,ECU,92.3,,,
2007,ECU,92.7,,,
2008,ECU,93.1,,,
2009,ECU,93.3,,,
2010,ECU,93.6,,,
2011,ECU,93.9,,,
2012,ECU,94,,,
2013,ECU,94.1,,,
2014,ECU,94.3,,,
2015,ECU,94.4,,,
2016,ECU,94.4,,,
2017,ECU,94.4,,,
2018,ECU,94.5,,,
2019,ECU,94.5,,,
2020,ECU,94.3,,,
2000,EGY,83.5,,,
2001,EGY,86.7,,,
2002,EGY,89.4,,,
2003,EGY,92,,,
2004,EGY,93.9,,,
2005,EGY,95.5,,,
2006,EGY,96.7,,,
2007,EGY,97.6,,,
2008,EGY,98.2,,,
2009,EGY,98.8,,,
2010,EGY,99.1,,,
2011,EGY,99.4,,,
2012,EGY,99.6,,,
2013,EGY,99.7,,,
2014,EGY,99.8,,,
2015,EGY,99.8,,,
2016,EGY,99.8,,,
2017,EGY,99.9,,,
2018,EGY,99.9,,,
2019,EGY,99.9,,,
2020,EGY,99.9,,,
2000,ERI,3.5,,,
2001,ERI,3.9,,,
2002,ERI,4.4,,,
2003,ERI,4.9,,,
2004,ERI,5.4,,,
2005,ERI,5.8,,,
2006,ERI,6.4,,,
2007,ERI,6.8,,,
2008,ERI,7.4,,,
2009,ERI,7.7,,,
2010,ERI,8,,,
2011,ERI,8.3,,,
2012,ERI,8.6,,,
2013,ERI,8.9,,,
2014,ERI,8.9,,,
2015,ERI,9,,,
2016,ERI,9,,,
2017,ERI,9.2,,,
2018,ERI,9.1,,,
2019,ERI,9.2,,,
2020,ERI,9.3,,,
2000,ESP,100,,,
2001,ESP,100,,,
2002,ESP,100,,,
2003,ESP,100,,,
2004,ESP,100,,,
2005,ESP,100,,,
2006,ESP,100,,,
2007,ESP,100,,,
2008,ESP,100,,,
2009,ESP,100,,,
2010,ESP,100,,,
2011,ESP,100,,,
2012,ESP,100,,,
2013,ESP,100,,,
2014,ESP,100,,,
2015,ESP,100,,,
2016,ESP,100,,,
2017,ESP,100,,,
2018,ESP,100,,,
2019,ESP,100,,,
2020,ESP,100,,,
2000,EST,100,,,
2001,EST,100,,,
2002,EST,100,,,
2003,EST,100,,,
2004,EST,100,,,
2005,EST,100,,,
2006,EST,100,,,
2007,EST,100,,,
2008,EST,100,,,
2009,EST,100,,,
2010,EST,100,,,
2011,EST,100,,,
2012,EST,100,,,
2013,EST,100,,,
2014,EST,100,,,
2015,EST,100,,,
2016,EST,100,,,
2017,EST,100,,,
2018,EST,100,,,
2019,EST,100,,,
2020,EST,100,,,
2000,ETH,0.9,,,
2001,ETH,0.9,,,
2002,ETH,1,,,
2003,ETH,1,,,
2004,ETH,1.1,,,
2005,ETH,1.1,,,
2006,ETH,1.3,,,
2007,ETH,1.4,,,
2008,ETH,1.6,,,
2009,ETH,1.9,,,
2010,ETH,2.1,,,
2011,ETH,2.5,,,
2012,ETH,2.9,,,
2013,ETH,3.2,,,
2014,ETH,3.7,,,
2015,ETH,4.3,,,
2016,ETH,4.9,,,
2017,ETH,5.5,,,
2018,ETH,6.2,,,
2019,ETH,7,,,
2020,ETH,7.8,,,
2000,FIN,100,,,
2001,FIN,100,,,
2002,FIN,100,,,
2003,FIN,100,,,
2004,FIN,100,,,
2005,FIN,100,,,
2006,FIN,100,,,
2007,FIN,100,,,
2008,FIN,100,,,
2009,FIN,100,,,
2010,FIN,100,,,
2011,FIN,100,,,
2012,FIN,100,,,
2013,FIN,100,,,
2014,FIN,100,,,
2015,FIN,100,,,
2016,FIN,100,,,
2017,FIN,100,,,
2018,FIN,100,,,
2019,FIN,100,,,
2020,FIN,100,,,
2000,FJI,28.2,,,
2001,FJI,28.2,,,
2002,FJI,28.2,,,
2003,FJI,28.3,,,
2004,FJI,28.5,,,
2005,FJI,28.7,,,
2006,FJI,29.2,,,
2007,FJI,29.6,,,
2008,FJI,30.2,,,
2009,FJI,31,,,
2010,FJI,31.9,,,
2011,FJI,33.2,,,
2012,FJI,34.5,,,
2013,FJI,36.6,,,
2014,FJI,38.1,,,
2015,FJI,40.3,,,
2016,FJI,42.4,,,
2017,FJI,44.6,,,
2018,FJI,46.7,,,
2019,FJI,49.4,,,
2020,FJI,51.4,,,
2000,FRA,100,,,
2001,FRA,100,,,
2002,FRA,100,,,
2003,FRA,100,,,
2004,FRA,100,,,
2005,FRA,100,,,
2006,FRA,100,,,
2007,FRA,100,,,
2008,FRA,100,,,
2009,FRA,100,,,
2010,FRA,100,,,
2011,FRA,100,,,
2012,FRA,100,,,
2013,FRA,100,,,
2014,FRA,100,,,
2015,FRA,100,,,
2016,FRA,100,,,
2017,FRA,100,,,
2018,FRA,100,,,
2019,FRA,100,,,
2020,FRA,100,,,
2000,FSM,10.8,,,
2001,FSM,10.9,,,
2002,FSM,10.8,,,
2003,FSM,10.7,,,
2004,FSM,10.9,,,
2005,FSM,10.9,,,
2006,FSM,11.1,,,
2007,FSM,11.2,,,
2008,FSM,11.3,,,
2009,FSM,11.4,,,
2010,FSM,11.6,,,
2011,FSM,11.8,,,
2012,FSM,11.9,,,
2013,FSM,12,,,
2014,FSM,12.2,,,
2015,FSM,12.4,,,
2016,FSM,12.6,,,
2017,FSM,12.6,,,
2018,FSM,12.7,,,
2019,FSM,12.8,,,
2020,FSM,13,,,
2000,GAB,64.6,,,
2001,GAB,66.5,,,
2002,GAB,68,,,
2003,GAB,69.6,,,
2004,GAB,71.1,,,
2005,GAB,72.7,,,
2006,GAB,74.5,,,
2007,GAB,75.9,,,
2008,GAB,77.7,,,
2009,GAB,79,,,
2010,GAB,80.4,,,
2011,GAB,81.6,,,
2012,GAB,82.7,,,
2013,GAB,83.6,,,
2014,GAB,84.7,,,
2015,GAB,85.6,,,
2016,GAB,86.2,,,
2017,GAB,86.8,,,
2018,GAB,87.4,,,
2019,GAB,87.8,,,
2020,GAB,88.1,,,
2000,GBR,100,,,
2001,GBR,100,,,
2002,GBR,100,,,
2003,GBR,100,,,
2004,GBR,100,,,
2005,GBR,100,,,
2006,GBR,100,,,
2007,GBR,100,,,
2008,GBR,100,,,
2009,GBR,100,,,
2010,GBR,100,,,
2011,GBR,100,,,
2012,GBR,100,,,
2013,GBR,100,,,
2014,GBR,100,,,
2015,GBR,100,,,
2016,GBR,100,,,
2017,GBR,100,,,
2018,GBR,100,,,
2019,GBR,100,,,
2020,GBR,100,,,
2000,GEO,48.1,,,
2001,GEO,49.1,,,
2002,GEO,49.6,,,
2003,GEO,51.1,,,
2004,GEO,52.7,,,
2005,GEO,54.2,,,
2006,GEO,56.4,,,
2007,GEO,58.3,,,
2008,GEO,60.8,,,
2009,GEO,63,,,
2010,GEO,65.6,,,
2011,GEO,68.7,,,
2012,GEO,71.7,,,
2013,GEO,74.1,,,
2014,GEO,77,,,
2015,GEO,79.3,,,
2016,GEO,81.7,,,
2017,GEO,84,,,
2018,GEO,85.8,,,
2019,GEO,87.7,,,
2020,GEO,89.1,,,
2000,GHA,6.2,,,
2001,GHA,6.6,,,
2002,GHA,7.2,,,
2003,GHA,7.9,,,
2004,GHA,8.5,,,
2005,GHA,9.5,,,
2006,GHA,10.5,,,
2007,GHA,11.8,,,
2008,GHA,13,,,
2009,GHA,14.5,,,
2010,GHA,16,,,
2011,GHA,17.3,,,
2012,GHA,18.7,,,
2013,GHA,19.6,,,
2014,GHA,20.5,,,
2015,GHA,21.1,,,
2016,GHA,21.8,,,
2017,GHA,21.9,,,
2018,GHA,22.2,,,
2019,GHA,22.4,,,
2020,GHA,22.2,,,
2000,GIN,0.7,,,
2001,GIN,0.7,,,
2002,GIN,0.7,,,
2003,GIN,0.7,,,
2004,GIN,0.7,,,
2005,GIN,0.7,,,
2006,GIN,0.7,,,
2007,GIN,0.7,,,
2008,GIN,0.7,,,
2009,GIN,0.7,,,
2010,GIN,0.7,,,
2011,GIN,0.8,,,
2012,GIN,0.8,,,
2013,GIN,0.8,,,
2014,GIN,0.9,,,
2015,GIN,1,,,
2016,GIN,1.1,,,
2017,GIN,1.2,,,
2018,GIN,1.4,,,
2019,GIN,1.6,,,
2020,GIN,1.9,,,
2000,GMB,3.7,,,
2001,GMB,3.7,,,
2002,GMB,3.8,,,
2003,GMB,3.7,,,
2004,GMB,3.6,,,
2005,GMB,3.4,,,
2006,GMB,3.3,,,
2007,GMB,3.1,,,
2008,GMB,3,,,
2009,GMB,2.8,,,
2010,GMB,2.7,,,
2011,GMB,2.4,,,
2012,GMB,2.3,,,
2013,GMB,2.2,,,
2014,GMB,2.1,,,
2015,GMB,2,,,
2016,GMB,1.9,,,
2017,GMB,1.9,,,
2018,GMB,1.8,,,
2019,GMB,1.8,,,
2020,GMB,1.7,,,
2000,GNB,1.4,,,
2001,GNB,1.3,,,
2002,GNB,1.3,,,
2003,GNB,1.2,,,
2004,GNB,1.2,,,
2005,GNB,1.2,,,
2006,GNB,1.2,,,
2007,GNB,1.1,,,
2008,GNB,1.1,,,
2009,GNB,1.1,,,
2010,GNB,1.1,,,
2011,GNB,1.1,,,
2012,GNB,1.1,,,
2013,GNB,1.1,,,
2014,GNB,1.1,,,
2015,GNB,1.1,,,
2016,GNB,1.1,,,
2017,GNB,1.1,,,
2018,GNB,1.2,,,
2019,GNB,1,,,
2020,GNB,1.1,,,
2000,GNQ,19,,,
2001,GNQ,19.5,,,
2002,GNQ,19.4,,,
2003,GNQ,19.6,,,
2004,GNQ,20.1,,,
2005,GNQ,20.8,,,
2006,GNQ,21.3,,,
2007,GNQ,21.7,,,
2008,GNQ,22.1,,,
2009,GNQ,22.5,,,
2010,GNQ,22.7,,,
2011,GNQ,23.4,,,
2012,GNQ,24,,,
2013,GNQ,23.6,,,
2014,GNQ,23.9,,,
2015,GNQ,24,,,
2016,GNQ,23.9,,,
2017,GNQ,24.2,,,
2018,GNQ,24.1,,,
2019,GNQ,24,,,
2020,GNQ,24.5,,,
2000,GRC,100,,,
2001,GRC,100,,,
2002,GRC,100,,,
2003,GRC,100,,,
2004,GRC,100,,,
2005,GRC,100,,,
2006,GRC,100,,,
2007,GRC,100,,,
2008,GRC,100,,,
2009,GRC,100,,,
2010,GRC,100,,,
2011,GRC,100,,,
2012,GRC,100,,,
2013,GRC,100,,,
2014,GRC,100,,,
2015,GRC,100,,,
2016,GRC,100,,,
2017,GRC,100,,,
2018,GRC,100,,,
2019,GRC,100,,,
2020,GRC,100,,,
2000,GRD,92.4,,,
2001,GRD,92.8,,,
2002,GRD,92.8,,,
2003,GRD,93.1,,,
2004,GRD,93.1,,,
2005,GRD,93.2,,,
2006,GRD,93.3,,,
2007,GRD,93.2,,,
2008,GRD,93.2,,,
2009,GRD,92.9,,,
2010,GRD,92.7,,,
2011,GRD,92.6,,,
2012,GRD,92.2,,,
2013,GRD,91.7,,,
2014,GRD,91.5,,,
2015,GRD,91.2,,,
2016,GRD,90.9,,,
2017,GRD,90.3,,,
2018,GRD,89.9,,,
2019,GRD,89.6,,,
2020,GRD,89.1,,,
2000,GTM,40.6,,,
2001,GTM,39.7,,,
2002,GTM,39,,,
2003,GTM,38.2,,,
2004,GTM,37.6,,,
2005,GTM,37.5,,,
2006,GTM,37.3,,,
2007,GTM,37.1,,,
2008,GTM,37.1,,,
2009,GTM,37.4,,,
2010,GTM,38.1,,,
2011,GTM,38.4,,,
2012,GTM,39.2,,,
2013,GTM,40.2,,,
2014,GTM,41.6,,,
2015,GTM,42.7,,,
2016,GTM,44.3,,,
2017,GTM,45.7,,,
2018,GTM,47,,,
2019,GTM,48.6,,,
2020,GTM,50.1,,,
2000,GUY,35.6,,,
2001,GUY,37.7,,,
2002,GUY,39.9,,,
2003,GUY,42.4,,,
2004,GUY,45,,,
2005,GUY,47.6,,,
2006,GUY,50.3,,,
2007,GUY,53,,,
2008,GUY,55.8,,,
2009,GUY,58.5,,,
2010,GUY,61,,,
2011,GUY,63.7,,,
2012,GUY,66.2,,,
2013,GUY,68.6,,,
2014,GUY,70.9,,,
2015,GUY,72.8,,,
2016,GUY,74.7,,,
2017,GUY,76.2,,,
2018,GUY,77.9,,,
2019,GUY,79.5,,,
2020,GUY,80.6,,,
2000,HND,30.7,,,
2001,HND,32.2,,,
2002,HND,33.8,,,
2003,HND,35,,,
2004,HND,36.3,,,
2005,HND,37.4,,,
2006,HND,38.7,,,
2007,HND,39.8,,,
2008,HND,40.8,,,
2009,HND,41.5,,,
2010,HND,42.5,,,
2011,HND,43.2,,,
2012,HND,43.8,,,
2013,HND,44.5,,,
2014,HND,45.1,,,
2015,HND,45.9,,,
2016,HND,46.5,,,
2017,HND,47.1,,,
2018,HND,47.2,,,
2019,HND,48.1,,,
2020,HND,48.3,,,
2000,HRV,100,,,
2001,HRV,100,,,
2002,HRV,100,,,
2003,HRV,100,,,
2004,HRV,100,,,
2005,HRV,100,,,
2006,HRV,100,,,
2007,HRV,100,,,
2008,HRV,100,,,
2009,HRV,100,,,
2010,HRV,100,,,
2011,HRV,100,,,
2012,HRV,100,,,
2013,HRV,100,,,
2014,HRV,100,,,
2015,HRV,100,,,
2016,HRV,100,,,
2017,HRV,100,,,
2018,HRV,100,,,
2019,HRV,100,,,
2020,HRV,100,,,
2000,HTI,2.6,,,
2001,HTI,2.7,,,
2002,HTI,2.9,,,
2003,HTI,3,,,
2004,HTI,3.1,,,
2005,HTI,3.1,,,
2006,HTI,3.3,,,
2007,HTI,3.4,,,
2008,HTI,3.4,,,
2009,HTI,3.6,,,
2010,HTI,3.6,,,
2011,HTI,3.7,,,
2012,HTI,3.7,,,
2013,HTI,3.7,,,
2014,HTI,3.8,,,
2015,HTI,4,,,
2016,HTI,4,,,
2017,HTI,4.1,,,
2018,HTI,4.3,,,
2019,HTI,4.4,,,
2020,HTI,4.5,,,
2000,HUN,100,,,
2001,HUN,100,,,
2002,HUN,100,,,
2003,HUN,100,,,
2004,HUN,100,,,
2005,HUN,100,,,
2006,HUN,100,,,
2007,HUN,100,,,
2008,HUN,100,,,
2009,HUN,100,,,
2010,HUN,100,,,
2011,HUN,100,,,
2012,HUN,100,,,
2013,HUN,100,,,
2014,HUN,100,,,
2015,HUN,100,,,
2016,HUN,100,,,
2017,HUN,100,,,
2018,HUN,100,,,
2019,HUN,100,,,
2020,HUN,100,,,
2000,IDN,6.1,,,
2001,IDN,6.9,,,
2002,IDN,8,,,
2003,IDN,9.3,,,
2004,IDN,11.3,,,
2005,IDN,14.1,,,
2006,IDN,17.9,,,
2007,IDN,22.5,,,
2008,IDN,28.5,,,
2009,IDN,34.7,,,
2010,IDN,41.3,,,
2011,IDN,47.3,,,
2012,IDN,52.9,,,
2013,IDN,58,,,
2014,IDN,62.8,,,
2015,IDN,67.1,,,
2016,IDN,71.2,,,
2017,IDN,75.1,,,
2018,IDN,78.7,,,
2019,IDN,81.9,,,
2020,IDN,84.5,,,
2000,IND,22.3,,,
2001,IND,23.4,,,
2002,IND,24.7,,,
2003,IND,25.9,,,
2004,IND,27.3,,,
2005,IND,28.6,,,
2006,IND,29.5,,,
2007,IND,30.6,,,
2008,IND,32,,,
2009,IND,34,,,
2010,IND,35.4,,,
2011,IND,37.2,,,
2012,IND,39.6,,,
2013,IND,41.6,,,
2014,IND,44.8,,,
2015,IND,48.2,,,
2016,IND,51.4,,,
2017,IND,55.8,,,
2018,IND,59.8,,,
2019,IND,63.9,,,
2020,IND,67.9,,,
2000,IRL,100,,,
2001,IRL,100,,,
2002,IRL,100,,,
2003,IRL,100,,,
2004,IRL,100,,,
2005,IRL,100,,,
2006,IRL,100,,,
2007,IRL,100,,,
2008,IRL,100,,,
2009,IRL,100,,,
2010,IRL,100,,,
2011,IRL,100,,,
2012,IRL,100,,,
2013,IRL,100,,,
2014,IRL,100,,,
2015,IRL,100,,,
2016,IRL,100,,,
2017,IRL,100,,,
2018,IRL,100,,,
2019,IRL,100,,,
2020,IRL,100,,,
2000,IRN,93.2,,,
2001,IRN,93.6,,,
2002,IRN,94.3,,,
2003,IRN,94.6,,,
2004,IRN,95.1,,,
2005,IRN,95.3,,,
2006,IRN,95.8,,,
2007,IRN,96,,,
2008,IRN,96.1,,,
2009,IRN,96.4,,,
2010,IRN,96.5,,,
2011,IRN,96.8,,,
2012,IRN,96.7,,,
2013,IRN,96.6,,,
2014,IRN,96.7,,,
2015,IRN,96.6,,,
2016,IRN,96.7,,,
2017,IRN,96.7,,,
2018,IRN,96.5,,,
2019,IRN,96.4,,,
2020,IRN,96.1,,,
2000,IRQ,74.1,,,
2001,IRQ,77,,,
2002,IRQ,79.4,,,
2003,IRQ,82.2,,,
2004,IRQ,84.9,,,
2005,IRQ,87,,,
2006,IRQ,89.1,,,
2007,IRQ,90.9,,,
2008,IRQ,92.6,,,
2009,IRQ,93.9,,,
2010,IRQ,95,,,
2011,IRQ,96.1,,,
2012,IRQ,96.7,,,
2013,IRQ,97.3,,,
2014,IRQ,97.7,,,
2015,IRQ,98.1,,,
2016,IRQ,98.3,,,
2017,IRQ,98.7,,,
2018,IRQ,98.8,,,
2019,IRQ,98.9,,,
2020,IRQ,99,,,
2000,ISL,100,,,
2001,ISL,100,,,
2002,ISL,100,,,
2003,ISL,100,,,
2004,ISL,100,,,
2005,ISL,100,,,
2006,ISL,100,,,
2007,ISL,100,,,
2008,ISL,100,,,
2009,ISL,100,,,
2010,ISL,100,,,
2011,ISL,100,,,
2012,ISL,100,,,
2013,ISL,100,,,
2014,ISL,100,,,
2015,ISL,100,,,
2016,ISL,100,,,
2017,ISL,100,,,
2018,ISL,100,,,
2019,ISL,100,,,
2020,ISL,100,,,
2000,ISR,100,,,
2001,ISR,100,,,
2002,ISR,100,,,
2003,ISR,100,,,
2004,ISR,100,,,
2005,ISR,100,,,
2006,ISR,100,,,
2007,ISR,100,,,
2008,ISR,100,,,
2009,ISR,100,,,
2010,ISR,100,,,
2011,ISR,100,,,
2012,ISR,100,,,
2013,ISR,100,,,
2014,ISR,100,,,
2015,ISR,100,,,
2016,ISR,100,,,
2017,ISR,100,,,
2018,ISR,100,,,
2019,ISR,100,,,
2020,ISR,100,,,
2000,ITA,100,,,
2001,ITA,100,,,
2002,ITA,100,,,
2003,ITA,100,,,
2004,ITA,100,,,
2005,ITA,100,,,
2006,ITA,100,,,
2007,ITA,100,,,
2008,ITA,100,,,
2009,ITA,100,,,
2010,ITA,100,,,
2011,ITA,100,,,
2012,ITA,100,,,
2013,ITA,100,,,
2014,ITA,100,,,
2015,ITA,100,,,
2016,ITA,100,,,
2017,ITA,100,,,
2018,ITA,100,,,
2019,ITA,100,,,
2020,ITA,100,,,
2000,JAM,75.7,,,
2001,JAM,77.6,,,
2002,JAM,79.2,,,
2003,JAM,80.6,,,
2004,JAM,81.9,,,
2005,JAM,83.4,,,
2006,JAM,84.1,,,
2007,JAM,84.9,,,
2008,JAM,85.4,,,
2009,JAM,85.8,,,
2010,JAM,85.9,,,
2011,JAM,86.2,,,
2012,JAM,86.1,,,
2013,JAM,86,,,
2014,JAM,85.9,,,
2015,JAM,85.4,,,
2016,JAM,85,,,
2017,JAM,84.5,,,
2018,JAM,83.9,,,
2019,JAM,83.4,,,
2020,JAM,82.7,,,
2000,JOR,99.6,,,
2001,JOR,99.7,,,
2002,JOR,99.8,,,
2003,JOR,99.8,,,
2004,JOR,99.8,,,
2005,JOR,99.8,,,
2006,JOR,99.9,,,
2007,JOR,99.9,,,
2008,JOR,99.9,,,
2009,JOR,99.9,,,
2010,JOR,99.9,,,
2011,JOR,99.9,,,
2012,JOR,99.9,,,
2013,JOR,99.9,,,
2014,JOR,99.9,,,
2015,JOR,99.9,,,
2016,JOR,99.9,,,
2017,JOR,99.9,,,
2018,JOR,99.9,,,
2019,JOR,99.9,,,
2020,JOR,99.9,,,
2000,JPN,100,,,
2001,JPN,100,,,
2002,JPN,100,,,
2003,JPN,100,,,
2004,JPN,100,,,
2005,JPN,100,,,
2006,JPN,100,,,
2007,JPN,100,,,
2008,JPN,100,,,
2009,JPN,100,,,
2010,JPN,100,,,
2011,JPN,100,,,
2012,JPN,100,,,
2013,JPN,100,,,
2014,JPN,100,,,
2015,JPN,100,,,
2016,JPN,100,,,
2017,JPN,100,,,
2018,JPN,100,,,
2019,JPN,100,,,
2020,JPN,100,,,
2000,KAZ,84.4,,,
2001,KAZ,85.7,,,
2002,KAZ,86.5,,,
2003,KAZ,87.4,,,
2004,KAZ,87.8,,,
2005,KAZ,88.7,,,
2006,KAZ,89.3,,,
2007,KAZ,89.9,,,
2008,KAZ,90.6,,,
2009,KAZ,91.2,,,
2010,KAZ,91.7,,,
2011,KAZ,92.3,,,
2012,KAZ,92.4,,,
2013,KAZ,92.6,,,
2014,KAZ,92.9,,,
2015,KAZ,93.3,,,
2016,KAZ,93.1,,,
2017,KAZ,93.1,,,
2018,KAZ,92.9,,,
2019,KAZ,92.8,,,
2020,KAZ,92.7,,,
2000,KEN,1.8,,,
2001,KEN,2.2,,,
2002,KEN,2.6,,,
2003,KEN,3.1,,,
2004,KEN,3.6,,,
2005,KEN,4.2,,,
2006,KEN,4.8,,,
2007,KEN,5.3,,,
2008,KEN,6,,,
2009,KEN,6.6,,,
2010,KEN,7.2,,,
2011,KEN,8,,,
2012,KEN,8.7,,,
2013,KEN,9.6,,,
2014,KEN,10.6,,,
2015,KEN,11.6,,,
2016,KEN,13,,,
2017,KEN,14.4,,,
2018,KEN,16,,,
2019,KEN,17.7,,,
2020,KEN,19.5,,,
2000,KGZ,52.7,,,
2001,KGZ,55,,,
2002,KGZ,56.4,,,
2003,KGZ,58.2,,,
2004,KGZ,60.5,,,
2005,KGZ,62.4,,,
2006,KGZ,64.3,,,
2007,KGZ,66.4,,,
2008,KGZ,68.2,,,
2009,KGZ,70,,,
2010,KGZ,71.6,,,
2011,KGZ,73.3,,,
2012,KGZ,74.7,,,
2013,KGZ,75.4,,,
2014,KGZ,76,,,
2015,KGZ,76.3,,,
2016,KGZ,76.6,,,
2017,KGZ,76.6,,,
2018,KGZ,76.9,,,
2019,KGZ,76.6,,,
2020,KGZ,76.6,,,
2000,KHM,3.6,,,
2001,KHM,4.1,,,
2002,KHM,4.7,,,
2003,KHM,5.3,,,
2004,KHM,5.9,,,
2005,KHM,6.7,,,
2006,KHM,7.6,,,
2007,KHM,8.4,,,
2008,KHM,9.4,,,
2009,KHM,10.5,,,
2010,KHM,11.7,,,
2011,KHM,13.1,,,
2012,KHM,14.5,,,
2013,KHM,16.2,,,
2014,KHM,18,,,
2015,KHM,20.3,,,
2016,KHM,22.7,,,
2017,KHM,25.5,,,
2018,KHM,28.9,,,
2019,KHM,32.6,,,
2020,KHM,36.8,,,
2000,KIR,1.6,,,
2001,KIR,1.7,,,
2002,KIR,1.7,,,
2003,KIR,1.8,,,
2004,KIR,1.9,,,
2005,KIR,2,,,
2006,KIR,2.1,,,
2007,KIR,2.3,,,
2008,KIR,2.6,,,
2009,KIR,2.9,,,
2010,KIR,3.2,,,
2011,KIR,3.6,,,
2012,KIR,4.1,,,
2013,KIR,4.5,,,
2014,KIR,5.2,,,
2015,KIR,5.7,,,
2016,KIR,6.5,,,
2017,KIR,7.2,,,
2018,KIR,8.2,,,
2019,KIR,9.1,,,
2020,KIR,9.9,,,
2000,KNA,100,,,
2001,KNA,100,,,
2002,KNA,100,,,
2003,KNA,100,,,
2004,KNA,100,,,
2005,KNA,100,,,
2006,KNA,100,,,
2007,KNA,100,,,
2008,KNA,100,,,
2009,KNA,100,,,
2010,KNA,100,,,
2011,KNA,100,,,
2012,KNA,100,,,
2013,KNA,100,,,
2014,KNA,100,,,
2015,KNA,100,,,
2016,KNA,100,,,
2017,KNA,100,,,
2018,KNA,100,,,
2019,KNA,100,,,
2020,KNA,100,,,
2000,KOR,100,,,
2001,KOR,100,,,
2002,KOR,100,,,
2003,KOR,100,,,
2004,KOR,100,,,
2005,KOR,100,,,
2006,KOR,100,,,
2007,KOR,100,,,
2008,KOR,100,,,
2009,KOR,100,,,
2010,KOR,100,,,
2011,KOR,100,,,
2012,KOR,100,,,
2013,KOR,100,,,
2014,KOR,100,,,
2015,KOR,100,,,
2016,KOR,100,,,
2017,KOR,100,,,
2018,KOR,100,,,
2019,KOR,100,,,
2020,KOR,100,,,
2000,KWT,100,,,
2001,KWT,100,,,
2002,KWT,100,,,
2003,KWT,100,,,
2004,KWT,100,,,
2005,KWT,100,,,
2006,KWT,100,,,
2007,KWT,100,,,
2008,KWT,100,,,
2009,KWT,100,,,
2010,KWT,100,,,
2011,KWT,100,,,
2012,KWT,100,,,
2013,KWT,100,,,
2014,KWT,100,,,
2015,KWT,100,,,
2016,KWT,100,,,
2017,KWT,100,,,
2018,KWT,100,,,
2019,KWT,100,,,
2020,KWT,100,,,
2000,LAO,1.3,,,
2001,LAO,1.4,,,
2002,LAO,1.5,,,
2003,LAO,1.7,,,
2004,LAO,1.8,,,
2005,LAO,2.1,,,
2006,LAO,2.3,,,
2007,LAO,2.6,,,
2008,LAO,2.9,,,
2009,LAO,3.3,,,
2010,LAO,3.5,,,
2011,LAO,4.1,,,
2012,LAO,4.4,,,
2013,LAO,4.8,,,
2014,LAO,5.2,,,
2015,LAO,5.7,,,
2016,LAO,6.2,,,
2017,LAO,6.7,,,
2018,LAO,7.2,,,
2019,LAO,7.7,,,
2020,LAO,8.5,,,
2000,LBR,0.7,,,
2001,LBR,0.6,,,
2002,LBR,0.6,,,
2003,LBR,0.6,,,
2004,LBR,0.5,,,
2005,LBR,0.5,,,
2006,LBR,0.5,,,
2007,LBR,0.4,,,
2008,LBR,0.4,,,
2009,LBR,0.4,,,
2010,LBR,0.4,,,
2011,LBR,0.4,,,
2012,LBR,0.4,,,
2013,LBR,0.3,,,
2014,LBR,0.4,,,
2015,LBR,0.4,,,
2016,LBR,0.4,,,
2017,LBR,0.4,,,
2018,LBR,0.4,,,
2019,LBR,0.4,,,
2020,LBR,0.4,,,
2000,LCA,86.2,,,
2001,LCA,87.7,,,
2002,LCA,89.1,,,
2003,LCA,90.4,,,
2004,LCA,91.4,,,
2005,LCA,92.3,,,
2006,LCA,93.2,,,
2007,LCA,93.9,,,
2008,LCA,94.4,,,
2009,LCA,94.9,,,
2010,LCA,95.2,,,
2011,LCA,95.4,,,
2012,LCA,95.4,,,
2013,LCA,95.5,,,
2014,LCA,95.5,,,
2015,LCA,95.3,,,
2016,LCA,95.2,,,
2017,LCA,95,,,
2018,LCA,94.8,,,
2019,LCA,94.4,,,
2020,LCA,94.3,,,
2000,LKA,16.9,,,
2001,LKA,17.5,,,
2002,LKA,17.9,,,
2003,LKA,18.5,,,
2004,LKA,18.7,,,
2005,LKA,19.5,,,
2006,LKA,19.8,,,
2007,LKA,20.3,,,
2008,LKA,20.9,,,
2009,LKA,21.3,,,
2010,LKA,21.7,,,
2011,LKA,22.3,,,
2012,LKA,23,,,
2013,LKA,24,,,
2014,LKA,24.8,,,
2015,LKA,25.8,,,
2016,LKA,26.9,,,
2017,LKA,28.2,,,
2018,LKA,29.4,,,
2019,LKA,30.6,,,
2020,LKA,32.2,,,
2000,LSO,16,,,
2001,LSO,17.5,,,
2002,LSO,19.2,,,
2003,LSO,20.8,,,
2004,LSO,22.2,,,
2005,LSO,23.9,,,
2006,LSO,25.5,,,
2007,LSO,26.9,,,
2008,LSO,28.4,,,
2009,LSO,29.9,,,
2010,LSO,31.2,,,
2011,LSO,32.5,,,
2012,LSO,33.8,,,
2013,LSO,35,,,
2014,LSO,35.8,,,
2015,LSO,36.5,,,
2016,LSO,37.4,,,
2017,LSO,38.1,,,
2018,LSO,38.7,,,
2019,LSO,39.3,,,
2020,LSO,40.1,,,
2000,LTU,100,,,
2001,LTU,100,,,
2002,LTU,100,,,
2003,LTU,100,,,
2004,LTU,100,,,
2005,LTU,100,,,
2006,LTU,100,,,
2007,LTU,100,,,
2008,LTU,100,,,
2009,LTU,100,,,
2010,LTU,100,,,
2011,LTU,100,,,
2012,LTU,100,,,
2013,LTU,100,,,
2014,LTU,100,,,
2015,LTU,100,,,
2016,LTU,100,,,
2017,LTU,100,,,
2018,LTU,100,,,
2019,LTU,100,,,
2020,LTU,100,,,
2000,LUX,100,,,
2001,LUX,100,,,
2002,LUX,100,,,
2003,LUX,100,,,
2004,LUX,100,,,
2005,LUX,100,,,
2006,LUX,100,,,
2007,LUX,100,,,
2008,LUX,100,,,
2009,LUX,100,,,
2010,LUX,100,,,
2011,LUX,100,,,
2012,LUX,100,,,
2013,LUX,100,,,
2014,LUX,100,,,
2015,LUX,100,,,
2016,LUX,100,,,
2017,LUX,100,,,
2018,LUX,100,,,
2019,LUX,100,,,
2020,LUX,100,,,
2000,LVA,100,,,
2001,LVA,100,,,
2002,LVA,100,,,
2003,LVA,100,,,
2004,LVA,100,,,
2005,LVA,100,,,
2006,LVA,100,,,
2007,LVA,100,,,
2008,LVA,100,,,
2009,LVA,100,,,
2010,LVA,100,,,
2011,LVA,100,,,
2012,LVA,100,,,
2013,LVA,100,,,
2014,LVA,100,,,
2015,LVA,100,,,
2016,LVA,100,,,
2017,LVA,100,,,
2018,LVA,100,,,
2019,LVA,100,,,
2020,LVA,100,,,
2000,MAR,90.6,,,
2001,MAR,91.3,,,
2002,MAR,92,,,
2003,MAR,92.7,,,
2004,MAR,93.2,,,
2005,MAR,94,,,
2006,MAR,94.4,,,
2007,MAR,95,,,
2008,MAR,95.6,,,
2009,MAR,96,,,
2010,MAR,96.5,,,
2011,MAR,96.7,,,
2012,MAR,97.1,,,
2013,MAR,97.3,,,
2014,MAR,97.4,,,
2015,MAR,97.7,,,
2016,MAR,97.8,,,
2017,MAR,97.9,,,
2018,MAR,97.9,,,
2019,MAR,98,,,
2020,MAR,98.1,,,
2000,MCO,100,,,
2001,MCO,100,,,
2002,MCO,100,,,
2003,MCO,100,,,
2004,MCO,100,,,
2005,MCO,100,,,
2006,MCO,100,,,
2007,MCO,100,,,
2008,MCO,100,,,
2009,MCO,100,,,
2010,MCO,100,,,
2011,MCO,100,,,
2012,MCO,100,,,
2013,MCO,100,,,
2014,MCO,100,,,
2015,MCO,100,,,
2016,MCO,100,,,
2017,MCO,100,,,
2018,MCO,100,,,
2019,MCO,100,,,
2020,MCO,100,,,
2000,MDA,64.3,,,
2001,MDA,68,,,
2002,MDA,71.7,,,
2003,MDA,75.1,,,
2004,MDA,78.6,,,
2005,MDA,81.4,,,
2006,MDA,84,,,
2007,MDA,86.3,,,
2008,MDA,88.3,,,
2009,MDA,89.8,,,
2010,MDA,91.1,,,
2011,MDA,92.3,,,
2012,MDA,93.3,,,
2013,MDA,93.8,,,
2014,MDA,94.4,,,
2015,MDA,94.7,,,
2016,MDA,95.2,,,
2017,MDA,95.4,,,
2018,MDA,95.6,,,
2019,MDA,95.8,,,
2020,MDA,95.8,,,
2000,MDG,1.3,,,
2001,MDG,1.3,,,
2002,MDG,1.3,,,
2003,MDG,1.2,,,
2004,MDG,1.2,,,
2005,MDG,1.1,,,
2006,MDG,1.1,,,
2007,MDG,1.1,,,
2008,MDG,1,,,
2009,MDG,1,,,
2010,MDG,0.9,,,
2011,MDG,0.9,,,
2012,MDG,0.9,,,
2013,MDG,0.9,,,
2014,MDG,0.9,,,
2015,MDG,0.9,,,
2016,MDG,0.9,,,
2017,MDG,0.9,,,
2018,MDG,0.9,,,
2019,MDG,0.9,,,
2020,MDG,1,,,
2000,MDV,53.1,,,
2001,MDV,58.6,,,
2002,MDV,63.7,,,
2003,MDV,68.9,,,
2004,MDV,74,,,
2005,MDV,78.7,,,
2006,MDV,82.9,,,
2007,MDV,86.2,,,
2008,MDV,89,,,
2009,MDV,91.3,,,
2010,MDV,93.3,,,
2011,MDV,94.8,,,
2012,MDV,95.9,,,
2013,MDV,96.6,,,
2014,MDV,97.3,,,
2015,MDV,97.9,,,
2016,MDV,98.3,,,
2017,MDV,98.6,,,
2018,MDV,98.8,,,
2019,MDV,99,,,
2020,MDV,99.2,,,
2000,MEX,82.4,,,
2001,MEX,83.1,,,
2002,MEX,84.1,,,
2003,MEX,84.6,,,
2004,MEX,84.9,,,
2005,MEX,85.3,,,
2006,MEX,85.3,,,
2007,MEX,85.4,,,
2008,MEX,85.4,,,
2009,MEX,85.2,,,
2010,MEX,85,,,
2011,MEX,84.9,,,
2012,MEX,84.6,,,
2013,MEX,84.6,,,
2014,MEX,84.6,,,
2015,MEX,84.6,,,
2016,MEX,84.8,,,
2017,MEX,84.8,,,
2018,MEX,84.8,,,
2019,MEX,84.9,,,
2020,MEX,84.9,,,
2000,MHL,16.3,,,
2001,MHL,19,,,
2002,MHL,21.4,,,
2003,MHL,24.4,,,
2004,MHL,28.2,,,
2005,MHL,32,,,
2006,MHL,36.7,,,
2007,MHL,41.1,,,
2008,MHL,45.6,,,
2009,MHL,49.5,,,
2010,MHL,52.9,,,
2011,MHL,55.4,,,
2012,MHL,58,,,
2013,MHL,59.4,,,
2014,MHL,60.7,,,
2015,MHL,61.9,,,
2016,MHL,62.5,,,
2017,MHL,63,,,
2018,MHL,63.4,,,
2019,MHL,63.9,,,
2020,MHL,63.9,,,
2000,MKD,57.6,,,
2001,MKD,58.4,,,
2002,MKD,59.1,,,
2003,MKD,60.6,,,
2004,MKD,61.3,,,
2005,MKD,62.4,,,
2006,MKD,63.1,,,
2007,MKD,64.7,,,
2008,MKD,65.8,,,
2009,MKD,66.7,,,
2010,MKD,68.1,,,
2011,MKD,68.9,,,
2012,MKD,69.8,,,
2013,MKD,71,,,
2014,MKD,72.3,,,
2015,MKD,73.1,,,
2016,MKD,74.2,,,
2017,MKD,75.5,,,
2018,MKD,76.8,,,
2019,MKD,77.3,,,
2020,MKD,78.1,,,
2000,MLI,0.7,,,
2001,MLI,0.8,,,
2002,MLI,0.8,,,
2003,MLI,0.8,,,
2004,MLI,0.8,,,
2005,MLI,0.8,,,
2006,MLI,0.9,,,
2007,MLI,0.9,,,
2008,MLI,0.9,,,
2009,MLI,0.9,,,
2010,MLI,0.9,,,
2011,MLI,0.9,,,
2012,MLI,0.8,,,
2013,MLI,0.9,,,
2014,MLI,0.9,,,
2015,MLI,0.9,,,
2016,MLI,0.9,,,
2017,MLI,0.9,,,
2018,MLI,0.9,,,
2019,MLI,0.9,,,
2020,MLI,0.9,,,
2000,MLT,100,,,
2001,MLT,100,,,
2002,MLT,100,,,
2003,MLT,100,,,
2004,MLT,100,,,
2005,MLT,100,,,
2006,MLT,100,,,
2007,MLT,100,,,
2008,MLT,100,,,
2009,MLT,100,,,
2010,MLT,100,,,
2011,MLT,100,,,
2012,MLT,100,,,
2013,MLT,100,,,
2014,MLT,100,,,
2015,MLT,100,,,
2016,MLT,100,,,
2017,MLT,100,,,
2018,MLT,100,,,
2019,MLT,100,,,
2020,MLT,100,,,
2000,MMR,2.9,,,
2001,MMR,3.1,,,
2002,MMR,3.3,,,
2003,MMR,3.6,,,
2004,MMR,4.1,,,
2005,MMR,4.6,,,
2006,MMR,5.4,,,
2007,MMR,6.2,,,
2008,MMR,7.1,,,
2009,MMR,8.4,,,
2010,MMR,9.8,,,
2011,MMR,11.5,,,
2012,MMR,13.4,,,
2013,MMR,15.1,,,
2014,MMR,17.5,,,
2015,MMR,19.6,,,
2016,MMR,21.8,,,
2017,MMR,24,,,
2018,MMR,26.4,,,
2019,MMR,28.9,,,
2020,MMR,31.3,,,
2000,MNE,67.4,,,
2001,MNE,67.4,,,
2002,MNE,67.3,,,
2003,MNE,66.9,,,
2004,MNE,66.6,,,
2005,MNE,66.3,,,
2006,MNE,65.2,,,
2007,MNE,64.8,,,
2008,MNE,64.2,,,
2009,MNE,63.3,,,
2010,MNE,63,,,
2011,MNE,62.6,,,
2012,MNE,61.9,,,
2013,MNE,61.7,,,
2014,MNE,61.5,,,
2015,MNE,61.4,,,
2016,MNE,61.5,,,
2017,MNE,61.7,,,
2018,MNE,61.8,,,
2019,MNE,62,,,
2020,MNE,62.4,,,
2000,MNG,22.8,,,
2001,MNG,23.1,,,
2002,MNG,23.6,,,
2003,MNG,24.3,,,
2004,MNG,25.3,,,
2005,MNG,26,,,
2006,MNG,27.6,,,
2007,MNG,28.8,,,
2008,MNG,30.8,,,
2009,MNG,33,,,
2010,MNG,35.2,,,
2011,MNG,37,,,
2012,MNG,38.6,,,
2013,MNG,40.8,,,
2014,MNG,42.6,,,
2015,MNG,44.2,,,
2016,MNG,45.6,,,
2017,MNG,47.2,,,
2018,MNG,48.7,,,
2019,MNG,50.1,,,
2020,MNG,51.8,,,
2000,MOZ,2.3,,,
2001,MOZ,2.3,,,
2002,MOZ,2.3,,,
2003,MOZ,2.4,,,
2004,MOZ,2.4,,,
2005,MOZ,2.5,,,
2006,MOZ,2.5,,,
2007,MOZ,2.7,,,
2008,MOZ,2.7,,,
2009,MOZ,2.9,,,
2010,MOZ,3.1,,,
2011,MOZ,3.1,,,
2012,MOZ,3.4,,,
2013,MOZ,3.5,,,
2014,MOZ,3.7,,,
2015,MOZ,3.9,,,
2016,MOZ,4.2,,,
2017,MOZ,4.4,,,
2018,MOZ,4.6,,,
2019,MOZ,4.8,,,
2020,MOZ,5.1,,,
2000,MRT,29.6,,,
2001,MRT,31.4,,,
2002,MRT,33.2,,,
2003,MRT,34.5,,,
2004,MRT,36.1,,,
2005,MRT,37.7,,,
2006,MRT,38.7,,,
2007,MRT,39.8,,,
2008,MRT,40.9,,,
2009,MRT,41.3,,,
2010,MRT,41.8,,,
2011,MRT,42.6,,,
2012,MRT,42.7,,,
2013,MRT,43,,,
2014,MRT,43.1,,,
2015,MRT,43.1,,,
2016,MRT,43.3,,,
2017,MRT,43.2,,,
2018,MRT,43.3,,,
2019,MRT,43,,,
2020,MRT,42.6,,,
2000,MUS,93.6,,,
2001,MUS,94.1,,,
2002,MUS,94.7,,,
2003,MUS,95.1,,,
2004,MUS,95.5,,,
2005,MUS,95.8,,,
2006,MUS,96.1,,,
2007,MUS,96.3,,,
2008,MUS,96.5,,,
2009,MUS,96.7,,,
2010,MUS,96.8,,,
2011,MUS,96.9,,,
2012,MUS,97.1,,,
2013,MUS,97.1,,,
2014,MUS,97.3,,,
2015,MUS,97.2,,,
2016,MUS,97.1,,,
2017,MUS,97.1,,,
2018,MUS,97,,,
2019,MUS,96.9,,,
2020,MUS,96.8,,,
2000,MWI,2.1,,,
2001,MWI,2.1,,,
2002,MWI,2.1,,,
2003,MWI,2.1,,,
2004,MWI,2.1,,,
2005,MWI,2.2,,,
2006,MWI,2.3,,,
2007,MWI,2.3,,,
2008,MWI,2.4,,,
2009,MWI,2.5,,,
2010,MWI,2.5,,,
2011,MWI,2.5,,,
2012,MWI,2.4,,,
2013,MWI,2.3,,,
2014,MWI,2.2,,,
2015,MWI,2,,,
2016,MWI,1.8,,,
2017,MWI,1.6,,,
2018,MWI,1.3,,,
2019,MWI,1.2,,,
2020,MWI,1,,,
2000,MYS,98,,,
2001,MYS,98,,,
2002,MYS,98.1,,,
2003,MYS,98.2,,,
2004,MYS,98.1,,,
2005,MYS,98.1,,,
2006,MYS,98.1,,,
2007,MYS,98,,,
2008,MYS,98,,,
2009,MYS,97.7,,,
2010,MYS,97.7,,,
2011,MYS,97.6,,,
2012,MYS,97.4,,,
2013,MYS,97.2,,,
2014,MYS,97.1,,,
2015,MYS,96.8,,,
2016,MYS,96.6,,,
2017,MYS,96.5,,,
2018,MYS,96.1,,,
2019,MYS,95.8,,,
2020,MYS,95.5,,,
2000,NAM,33.7,,,
2001,NAM,34,,,
2002,NAM,35,,,
2003,NAM,35.9,,,
2004,NAM,36.4,,,
2005,NAM,37.3,,,
2006,NAM,37.9,,,
2007,NAM,38.6,,,
2008,NAM,39.5,,,
2009,NAM,40.1,,,
2010,NAM,40.9,,,
2011,NAM,41.5,,,
2012,NAM,42.2,,,
2013,NAM,43,,,
2014,NAM,43.6,,,
2015,NAM,44.3,,,
2016,NAM,45.2,,,
2017,NAM,45.6,,,
2018,NAM,46,,,
2019,NAM,46.5,,,
2020,NAM,46.8,,,
2000,NER,0.9,,,
2001,NER,1,,,
2002,NER,1,,,
2003,NER,1,,,
2004,NER,1,,,
2005,NER,1,,,
2006,NER,1,,,
2007,NER,1.1,,,
2008,NER,1.1,,,
2009,NER,1.1,,,
2010,NER,1.3,,,
2011,NER,1.3,,,
2012,NER,1.4,,,
2013,NER,1.5,,,
2014,NER,1.6,,,
2015,NER,1.7,,,
2016,NER,1.8,,,
2017,NER,1.9,,,
2018,NER,2.1,,,
2019,NER,2.3,,,
2020,NER,2.4,,,
2000,NGA,1,,,
2001,NGA,1,,,
2002,NGA,0.9,,,
2003,NGA,1,,,
2004,NGA,1,,,
2005,NGA,1,,,
2006,NGA,1.1,,,
2007,NGA,1.3,,,
2008,NGA,1.4,,,
2009,NGA,1.6,,,
2010,NGA,1.9,,,
2011,NGA,2.2,,,
2012,NGA,2.7,,,
2013,NGA,3.4,,,
2014,NGA,4.2,,,
2015,NGA,5.4,,,
2016,NGA,6.9,,,
2017,NGA,8.7,,,
2018,NGA,10.7,,,
2019,NGA,12.9,,,
2020,NGA,15,,,
2000,NIC,33.9,,,
2001,NIC,35,,,
2002,NIC,36,,,
2003,NIC,37,,,
2004,NIC,38.2,,,
2005,NIC,39.1,,,
2006,NIC,40.2,,,
2007,NIC,41.2,,,
2008,NIC,42.5,,,
2009,NIC,43.4,,,
2010,NIC,44.7,,,
2011,NIC,46,,,
2012,NIC,47.2,,,
2013,NIC,48.2,,,
2014,NIC,49.3,,,
2015,NIC,50.5,,,
2016,NIC,51.7,,,
2017,NIC,52.9,,,
2018,NIC,53.8,,,
2019,NIC,55.1,,,
2020,NIC,56.2,,,
2000,NIU,74.9,,,
2001,NIU,77.7,,,
2002,NIU,79.7,,,
2003,NIU,82.1,,,
2004,NIU,84.1,,,
2005,NIU,86.2,,,
2006,NIU,87.8,,,
2007,NIU,89.8,,,
2008,NIU,90.9,,,
2009,NIU,92.3,,,
2010,NIU,93.4,,,
2011,NIU,94.3,,,
2012,NIU,95.2,,,
2013,NIU,95.7,,,
2014,NIU,96.3,,,
2015,NIU,96.7,,,
2016,NIU,97.1,,,
2017,NIU,97.4,,,
2018,NIU,97.7,,,
2019,NIU,97.7,,,
2020,NIU,98,,,
2000,NLD,100,,,
2001,NLD,100,,,
2002,NLD,100,,,
2003,NLD,100,,,
2004,NLD,100,,,
2005,NLD,100,,,
2006,NLD,100,,,
2007,NLD,100,,,
2008,NLD,100,,,
2009,NLD,100,,,
2010,NLD,100,,,
2011,NLD,100,,,
2012,NLD,100,,,
2013,NLD,100,,,
2014,NLD,100,,,
2015,NLD,100,,,
2016,NLD,100,,,
2017,NLD,100,,,
2018,NLD,100,,,
2019,NLD,100,,,
2020,NLD,100,,,
2000,NOR,100,,,
2001,NOR,100,,,
2002,NOR,100,,,
2003,NOR,100,,,
2004,NOR,100,,,
2005,NOR,100,,,
2006,NOR,100,,,
2007,NOR,100,,,
2008,NOR,100,,,
2009,NOR,100,,,
2010,NOR,100,,,
2011,NOR,100,,,
2012,NOR,100,,,
2013,NOR,100,,,
2014,NOR,100,,,
2015,NOR,100,,,
2016,NOR,100,,,
2017,NOR,100,,,
2018,NOR,100,,,
2019,NOR,100,,,
2020,NOR,100,,,
2000,NPL,5.7,,,
2001,NPL,6.9,,,
2002,NPL,8.3,,,
2003,NPL,9.9,,,
2004,NPL,11.4,,,
2005,NPL,13.1,,,
2006,NPL,14.7,,,
2007,NPL,16.5,,,
2008,NPL,18.1,,,
2009,NPL,19.8,,,
2010,NPL,21.6,,,
2011,NPL,23.2,,,
2012,NPL,24.6,,,
2013,NPL,26.1,,,
2014,NPL,27.6,,,
2015,NPL,29,,,
2016,NPL,30.2,,,
2017,NPL,31.4,,,
2018,NPL,32.3,,,
2019,NPL,33.6,,,
2020,NPL,34.8,,,
2000,NRU,100,,,
2001,NRU,100,,,
2002,NRU,100,,,
2003,NRU,100,,,
2004,NRU,100,,,
2005,NRU,100,,,
2006,NRU,100,,,
2007,NRU,100,,,
2008,NRU,100,,,
2009,NRU,100,,,
2010,NRU,100,,,
2011,NRU,100,,,
2012,NRU,100,,,
2013,NRU,100,,,
2014,NRU,100,,,
2015,NRU,100,,,
2016,NRU,100,,,
2017,NRU,100,,,
2018,NRU,100,,,
2019,NRU,100,,,
2020,NRU,100,,,
2000,NZL,100,,,
2001,NZL,100,,,
2002,NZL,100,,,
2003,NZL,100,,,
2004,NZL,100,,,
2005,NZL,100,,,
2006,NZL,100,,,
2007,NZL,100,,,
2008,NZL,100,,,
2009,NZL,100,,,
2010,NZL,100,,,
2011,NZL,100,,,
2012,NZL,100,,,
2013,NZL,100,,,
2014,NZL,100,,,
2015,NZL,100,,,
2016,NZL,100,,,
2017,NZL,100,,,
2018,NZL,100,,,
2019,NZL,100,,,
2020,NZL,100,,,
2000,OMN,100,,,
2001,OMN,100,,,
2002,OMN,100,,,
2003,OMN,100,,,
2004,OMN,100,,,
2005,OMN,100,,,
2006,OMN,100,,,
2007,OMN,100,,,
2008,OMN,100,,,
2009,OMN,100,,,
2010,OMN,100,,,
2011,OMN,100,,,
2012,OMN,100,,,
2013,OMN,100,,,
2014,OMN,100,,,
2015,OMN,100,,,
2016,OMN,100,,,
2017,OMN,100,,,
2018,OMN,100,,,
2019,OMN,100,,,
2020,OMN,100,,,
2000,PAK,23.7,,,
2001,PAK,24.4,,,
2002,PAK,25.6,,,
2003,PAK,26.7,,,
2004,PAK,27.7,,,
2005,PAK,28.8,,,
2006,PAK,30.2,,,
2007,PAK,31.5,,,
2008,PAK,32.8,,,
2009,PAK,33.9,,,
2010,PAK,35.7,,,
2011,PAK,36.9,,,
2012,PAK,38.2,,,
2013,PAK,39.6,,,
2014,PAK,41,,,
2015,PAK,42.1,,,
2016,PAK,43.3,,,
2017,PAK,44.8,,,
2018,PAK,46.3,,,
2019,PAK,47.8,,,
2020,PAK,49.3,,,
2000,PAN,80,,,
2001,PAN,80.9,,,
2002,PAN,81.6,,,
2003,PAN,82.5,,,
2004,PAN,83,,,
2005,PAN,83.7,,,
2006,PAN,84.1,,,
2007,PAN,84.9,,,
2008,PAN,85.4,,,
2009,PAN,85.9,,,
2010,PAN,86.4,,,
2011,PAN,86.9,,,
2012,PAN,87,,,
2013,PAN,87.1,,,
2014,PAN,87.6,,,
2015,PAN,87.5,,,
2016,PAN,87.7,,,
2017,PAN,87.9,,,
2018,PAN,87.6,,,
2019,PAN,87.6,,,
2020,PAN,87.6,,,
2000,PER,43.1,,,
2001,PER,45.7,,,
2002,PER,48.7,,,
2003,PER,51.2,,,
2004,PER,53.8,,,
2005,PER,56.2,,,
2006,PER,58.3,,,
2007,PER,60.3,,,
2008,PER,62.3,,,
2009,PER,63.8,,,
2010,PER,65.9,,,
2011,PER,67.5,,,
2012,PER,69.7,,,
2013,PER,71.7,,,
2014,PER,73.7,,,
2015,PER,75.8,,,
2016,PER,77.7,,,
2017,PER,79.6,,,
2018,PER,81.5,,,
2019,PER,83.3,,,
2020,PER,85.1,,,
2000,PHL,37.9,,,
2001,PHL,39.2,,,
2002,PHL,39.6,,,
2003,PHL,40.1,,,
2004,PHL,40.9,,,
2005,PHL,40.9,,,
2006,PHL,41.4,,,
2007,PHL,40.9,,,
2008,PHL,40.8,,,
2009,PHL,40.9,,,
2010,PHL,40.7,,,
2011,PHL,40.6,,,
2012,PHL,40.7,,,
2013,PHL,40.9,,,
2014,PHL,42,,,
2015,PHL,42.2,,,
2016,PHL,43.3,,,
2017,PHL,44.1,,,
2018,PHL,45.4,,,
2019,PHL,46.5,,,
2020,PHL,48,,,
2000,PLW,100,,,
2001,PLW,100,,,
2002,PLW,100,,,
2003,PLW,100,,,
2004,PLW,100,,,
2005,PLW,100,,,
2006,PLW,100,,,
2007,PLW,100,,,
2008,PLW,100,,,
2009,PLW,100,,,
2010,PLW,100,,,
2011,PLW,100,,,
2012,PLW,100,,,
2013,PLW,100,,,
2014,PLW,100,,,
2015,PLW,100,,,
2016,PLW,100,,,
2017,PLW,100,,,
2018,PLW,100,,,
2019,PLW,100,,,
2020,PLW,100,,,
2000,PNG,5.6,,,
2001,PNG,5.7,,,
2002,PNG,5.9,,,
2003,PNG,6.1,,,
2004,PNG,6.1,,,
2005,PNG,6.5,,,
2006,PNG,6.7,,,
2007,PNG,6.9,,,
2008,PNG,7.1,,,
2009,PNG,7.4,,,
2010,PNG,7.7,,,
2011,PNG,7.8,,,
2012,PNG,8.2,,,
2013,PNG,8.2,,,
2014,PNG,8.5,,,
2015,PNG,8.7,,,
2016,PNG,8.9,,,
2017,PNG,8.8,,,
2018,PNG,9,,,
2019,PNG,9.1,,,
2020,PNG,9.4,,,
2000,POL,100,,,
2001,POL,100,,,
2002,POL,100,,,
2003,POL,100,,,
2004,POL,100,,,
2005,POL,100,,,
2006,POL,100,,,
2007,POL,100,,,
2008,POL,100,,,
2009,POL,100,,,
2010,POL,100,,,
2011,POL,100,,,
2012,POL,100,,,
2013,POL,100,,,
2014,POL,100,,,
2015,POL,100,,,
2016,POL,100,,,
2017,POL,100,,,
2018,POL,100,,,
2019,POL,100,,,
2020,POL,100,,,
2000,PRK,2.4,,,
2001,PRK,2.5,,,
2002,PRK,2.8,,,
2003,PRK,3,,,
2004,PRK,3.2,,,
2005,PRK,3.6,,,
2006,PRK,3.9,,,
2007,PRK,4.4,,,
2008,PRK,4.8,,,
2009,PRK,5.3,,,
2010,PRK,5.9,,,
2011,PRK,6.3,,,
2012,PRK,6.9,,,
2013,PRK,7.3,,,
2014,PRK,8.1,,,
2015,PRK,8.4,,,
2016,PRK,9,,,
2017,PRK,9.5,,,
2018,PRK,10.3,,,
2019,PRK,10.8,,,
2020,PRK,11.5,,,
2000,PRT,100,,,
2001,PRT,100,,,
2002,PRT,100,,,
2003,PRT,100,,,
2004,PRT,100,,,
2005,PRT,100,,,
2006,PRT,100,,,
2007,PRT,100,,,
2008,PRT,100,,,
2009,PRT,100,,,
2010,PRT,100,,,
2011,PRT,100,,,
2012,PRT,100,,,
2013,PRT,100,,,
2014,PRT,100,,,
2015,PRT,100,,,
2016,PRT,100,,,
2017,PRT,100,,,
2018,PRT,100,,,
2019,PRT,100,,,
2020,PRT,100,,,
2000,PRY,49.2,,,
2001,PRY,48.9,,,
2002,PRY,48.6,,,
2003,PRY,48.4,,,
2004,PRY,48.6,,,
2005,PRY,49.1,,,
2006,PRY,50.3,,,
2007,PRY,51.7,,,
2008,PRY,53.7,,,
2009,PRY,55.6,,,
2010,PRY,57.5,,,
2011,PRY,59.7,,,
2012,PRY,61.3,,,
2013,PRY,63.1,,,
2014,PRY,64.3,,,
2015,PRY,65.4,,,
2016,PRY,66.2,,,
2017,PRY,66.8,,,
2018,PRY,67.4,,,
2019,PRY,68,,,
2020,PRY,68.6,,,
2000,QAT,100,,,
2001,QAT,100,,,
2002,QAT,100,,,
2003,QAT,100,,,
2004,QAT,100,,,
2005,QAT,100,,,
2006,QAT,100,,,
2007,QAT,100,,,
2008,QAT,100,,,
2009,QAT,100,,,
2010,QAT,100,,,
2011,QAT,100,,,
2012,QAT,100,,,
2013,QAT,100,,,
2014,QAT,100,,,
2015,QAT,100,,,
2016,QAT,100,,,
2017,QAT,100,,,
2018,QAT,100,,,
2019,QAT,100,,,
2020,QAT,100,,,
2000,ROU,72.4,,,
2001,ROU,73.4,,,
2002,ROU,74.2,,,
2003,ROU,75.6,,,
2004,ROU,77,,,
2005,ROU,78,,,
2006,ROU,79.1,,,
2007,ROU,80.2,,,
2008,ROU,81.5,,,
2009,ROU,82.1,,,
2010,ROU,83.2,,,
2011,ROU,84.3,,,
2012,ROU,84.8,,,
2013,ROU,85.3,,,
2014,ROU,85.8,,,
2015,ROU,86.2,,,
2016,ROU,86.5,,,
2017,ROU,87.1,,,
2018,ROU,87.1,,,
2019,ROU,87.7,,,
2020,ROU,87.7,,,
2000,RUS,99.9,,,
2001,RUS,99.9,,,
2002,RUS,99.8,,,
2003,RUS,99.7,,,
2004,RUS,99.6,,,
2005,RUS,99.4,,,
2006,RUS,99,,,
2007,RUS,98.7,,,
2008,RUS,98.2,,,
2009,RUS,97.7,,,
2010,RUS,97,,,
2011,RUS,96.1,,,
2012,RUS,95.3,,,
2013,RUS,94.4,,,
2014,RUS,93.5,,,
2015,RUS,92.3,,,
2016,RUS,91.2,,,
2017,RUS,90.3,,,
2018,RUS,89.2,,,
2019,RUS,87.8,,,
2020,RUS,86.3,,,
2000,RWA,0.2,,,
2001,RWA,0.2,,,
2002,RWA,0.2,,,
2003,RWA,0.2,,,
2004,RWA,0.1,,,
2005,RWA,0.2,,,
2006,RWA,0.2,,,
2007,RWA,0.2,,,
2008,RWA,0.2,,,
2009,RWA,0.2,,,
2010,RWA,0.2,,,
2011,RWA,0.3,,,
2012,RWA,0.3,,,
2013,RWA,0.4,,,
2014,RWA,0.5,,,
2015,RWA,0.6,,,
2016,RWA,0.9,,,
2017,RWA,1.1,,,
2018,RWA,1.4,,,
2019,RWA,1.9,,,
2020,RWA,2.4,,,
2000,SAU,100,,,
2001,SAU,100,,,
2002,SAU,100,,,
2003,SAU,100,,,
2004,SAU,100,,,
2005,SAU,100,,,
2006,SAU,100,,,
2007,SAU,100,,,
2008,SAU,100,,,
2009,SAU,100,,,
2010,SAU,100,,,
2011,SAU,100,,,
2012,SAU,100,,,
2013,SAU,100,,,
2014,SAU,100,,,
2015,SAU,100,,,
2016,SAU,100,,,
2017,SAU,100,,,
2018,SAU,100,,,
2019,SAU,100,,,
2020,SAU,100,,,
2000,SDN,7.6,,,
2001,SDN,9.5,,,
2002,SDN,11.2,,,
2003,SDN,13.4,,,
2004,SDN,15.5,,,
2005,SDN,17.9,,,
2006,SDN,21.3,,,
2007,SDN,24.2,,,
2008,SDN,26.6,,,
2009,SDN,29.7,,,
2010,SDN,32.5,,,
2011,SDN,35.6,,,
2012,SDN,39,,,
2013,SDN,41,,,
2014,SDN,43.3,,,
2015,SDN,45.4,,,
2016,SDN,47.9,,,
2017,SDN,49.8,,,
2018,SDN,51.3,,,
2019,SDN,53.6,,,
2020,SDN,54.7,,,
2000,SEN,34.8,,,
2001,SEN,35.9,,,
2002,SEN,37,,,
2003,SEN,37.9,,,
2004,SEN,38.5,,,
2005,SEN,38.8,,,
2006,SEN,38.4,,,
2007,SEN,37.6,,,
2008,SEN,36.7,,,
2009,SEN,35.4,,,
2010,SEN,33.9,,,
2011,SEN,32.4,,,
2012,SEN,30.8,,,
2013,SEN,29.3,,,
2014,SEN,28.4,,,
2015,SEN,27.3,,,
2016,SEN,26.5,,,
2017,SEN,25.9,,,
2018,SEN,25.2,,,
2019,SEN,24.7,,,
2020,SEN,24.2,,,
2000,SGP,100,,,
2001,SGP,100,,,
2002,SGP,100,,,
2003,SGP,100,,,
2004,SGP,100,,,
2005,SGP,100,,,
2006,SGP,100,,,
2007,SGP,100,,,
2008,SGP,100,,,
2009,SGP,100,,,
2010,SGP,100,,,
2011,SGP,100,,,
2012,SGP,100,,,
2013,SGP,100,,,
2014,SGP,100,,,
2015,SGP,100,,,
2016,SGP,100,,,
2017,SGP,100,,,
2018,SGP,100,,,
2019,SGP,100,,,
2020,SGP,100,,,
2000,SLB,8.7,,,
2001,SLB,8.7,,,
2002,SLB,8.6,,,
2003,SLB,8.6,,,
2004,SLB,8.5,,,
2005,SLB,8.4,,,
2006,SLB,8.3,,,
2007,SLB,8.2,,,
2008,SLB,8.2,,,
2009,SLB,8.2,,,
2010,SLB,8.1,,,
2011,SLB,8.2,,,
2012,SLB,8.2,,,
2013,SLB,8.2,,,
2014,SLB,8.4,,,
2015,SLB,8.4,,,
2016,SLB,8.6,,,
2017,SLB,8.6,,,
2018,SLB,8.9,,,
2019,SLB,9.2,,,
2020,SLB,9.1,,,
2000,SLE,0.1,,,
2001,SLE,0.2,,,
2002,SLE,0.2,,,
2003,SLE,0.2,,,
2004,SLE,0.3,,,
2005,SLE,0.3,,,
2006,SLE,0.3,,,
2007,SLE,0.3,,,
2008,SLE,0.4,,,
2009,SLE,0.4,,,
2010,SLE,0.4,,,
2011,SLE,0.4,,,
2012,SLE,0.4,,,
2013,SLE,0.5,,,
2014,SLE,0.5,,,
2015,SLE,0.5,,,
2016,SLE,0.5,,,
2017,SLE,0.6,,,
2018,SLE,0.7,,,
2019,SLE,0.7,,,
2020,SLE,0.8,,,
2000,SLV,57.9,,,
2001,SLV,60,,,
2002,SLV,62,,,
2003,SLV,63.9,,,
2004,SLV,65.8,,,
2005,SLV,67.7,,,
2006,SLV,69.4,,,
2007,SLV,71.4,,,
2008,SLV,73.1,,,
2009,SLV,75.1,,,
2010,SLV,76.8,,,
2011,SLV,78.7,,,
2012,SLV,80.3,,,
2013,SLV,82.1,,,
2014,SLV,84,,,
2015,SLV,85.5,,,
2016,SLV,86.9,,,
2017,SLV,88.2,,,
2018,SLV,89.4,,,
2019,SLV,90.8,,,
2020,SLV,91.8,,,
2000,SMR,100,,,
2001,SMR,100,,,
2002,SMR,100,,,
2003,SMR,100,,,
2004,SMR,100,,,
2005,SMR,100,,,
2006,SMR,100,,,
2007,SMR,100,,,
2008,SMR,100,,,
2009,SMR,100,,,
2010,SMR,100,,,
2011,SMR,100,,,
2012,SMR,100,,,
2013,SMR,100,,,
2014,SMR,100,,,
2015,SMR,100,,,
2016,SMR,100,,,
2017,SMR,100,,,
2018,SMR,100,,,
2019,SMR,100,,,
2020,SMR,100,,,
2000,SOM,0.4,,,
2001,SOM,0.4,,,
2002,SOM,0.5,,,
2003,SOM,0.5,,,
2004,SOM,0.6,,,
2005,SOM,0.6,,,
2006,SOM,0.7,,,
2007,SOM,0.7,,,
2008,SOM,0.8,,,
2009,SOM,1,,,
2010,SOM,1.1,,,
2011,SOM,1.3,,,
2012,SOM,1.4,,,
2013,SOM,1.6,,,
2014,SOM,1.8,,,
2015,SOM,2,,,
2016,SOM,2.3,,,
2017,SOM,2.4,,,
2018,SOM,2.7,,,
2019,SOM,2.9,,,
2020,SOM,3.2,,,
2000,SRB,57.6,,,
2001,SRB,58.8,,,
2002,SRB,59.8,,,
2003,SRB,60.6,,,
2004,SRB,62,,,
2005,SRB,62.5,,,
2006,SRB,63.6,,,
2007,SRB,64.6,,,
2008,SRB,65.3,,,
2009,SRB,66.1,,,
2010,SRB,67.4,,,
2011,SRB,67.9,,,
2012,SRB,69.2,,,
2013,SRB,70.5,,,
2014,SRB,71.6,,,
2015,SRB,73,,,
2016,SRB,74.4,,,
2017,SRB,75.7,,,
2018,SRB,77.3,,,
2019,SRB,78.6,,,
2020,SRB,79.8,,,
2000,SSD,0.1,,,
2001,SSD,0.1,,,
2002,SSD,0,,,
2003,SSD,0,,,
2004,SSD,0,,,
2005,SSD,0,,,
2006,SSD,0,,,
2007,SSD,0,,,
2008,SSD,0,,,
2009,SSD,0,,,
2010,SSD,0,,,
2011,SSD,0,,,
2012,SSD,0,,,
2013,SSD,0,,,
2014,SSD,0,,,
2015,SSD,0,,,
2016,SSD,0,,,
2017,SSD,0,,,
2018,SSD,0,,,
2019,SSD,0,,,
2020,SSD,0,,,
2000,STP,0.4,,,
2001,STP,0.4,,,
2002,STP,0.4,,,
2003,STP,0.5,,,
2004,STP,0.5,,,
2005,STP,0.6,,,
2006,STP,0.7,,,
2007,STP,0.8,,,
2008,STP,0.9,,,
2009,STP,1.1,,,
2010,STP,1.2,,,
2011,STP,1.3,,,
2012,STP,1.5,,,
2013,STP,1.7,,,
2014,STP,1.9,,,
2015,STP,2.1,,,
2016,STP,2.3,,,
2017,STP,2.6,,,
2018,STP,2.7,,,
2019,STP,3,,,
2020,STP,3.3,,,
2000,SUR,77.9,,,
2001,SUR,78.9,,,
2002,SUR,79.8,,,
2003,SUR,80.9,,,
2004,SUR,82,,,
2005,SUR,82.8,,,
2006,SUR,83.5,,,
2007,SUR,84.6,,,
2008,SUR,85.3,,,
2009,SUR,86.3,,,
2010,SUR,87.1,,,
2011,SUR,88,,,
2012,SUR,89,,,
2013,SUR,89.8,,,
2014,SUR,90.6,,,
2015,SUR,91.2,,,
2016,SUR,92,,,
2017,SUR,92.7,,,
2018,SUR,93.3,,,
2019,SUR,93.9,,,
2020,SUR,94.5,,,
2000,SVK,100,,,
2001,SVK,100,,,
2002,SVK,100,,,
2003,SVK,100,,,
2004,SVK,100,,,
2005,SVK,100,,,
2006,SVK,100,,,
2007,SVK,100,,,
2008,SVK,100,,,
2009,SVK,100,,,
2010,SVK,100,,,
2011,SVK,100,,,
2012,SVK,100,,,
2013,SVK,100,,,
2014,SVK,100,,,
2015,SVK,100,,,
2016,SVK,100,,,
2017,SVK,100,,,
2018,SVK,100,,,
2019,SVK,100,,,
2020,SVK,100,,,
2000,SVN,100,,,
2001,SVN,100,,,
2002,SVN,100,,,
2003,SVN,100,,,
2004,SVN,100,,,
2005,SVN,100,,,
2006,SVN,100,,,
2007,SVN,100,,,
2008,SVN,100,,,
2009,SVN,100,,,
2010,SVN,100,,,
2011,SVN,100,,,
2012,SVN,100,,,
2013,SVN,100,,,
2014,SVN,100,,,
2015,SVN,100,,,
2016,SVN,100,,,
2017,SVN,100,,,
2018,SVN,100,,,
2019,SVN,100,,,
2020,SVN,100,,,
2000,SWE,100,,,
2001,SWE,100,,,
2002,SWE,100,,,
2003,SWE,100,,,
2004,SWE,100,,,
2005,SWE,100,,,
2006,SWE,100,,,
2007,SWE,100,,,
2008,SWE,100,,,
2009,SWE,100,,,
2010,SWE,100,,,
2011,SWE,100,,,
2012,SWE,100,,,
2013,SWE,100,,,
2014,SWE,100,,,
2015,SWE,100,,,
2016,SWE,100,,,
2017,SWE,100,,,
2018,SWE,100,,,
2019,SWE,100,,,
2020,SWE,100,,,
2000,SWZ,24.3,,,
2001,SWZ,25.4,,,
2002,SWZ,26.4,,,
2003,SWZ,27.8,,,
2004,SWZ,29.3,,,
2005,SWZ,30.1,,,
2006,SWZ,31.8,,,
2007,SWZ,33.7,,,
2008,SWZ,35.3,,,
2009,SWZ,37.1,,,
2010,SWZ,39.1,,,
2011,SWZ,41,,,
2012,SWZ,42.7,,,
2013,SWZ,44.2,,,
2014,SWZ,46.3,,,
2015,SWZ,47.6,,,
2016,SWZ,49.2,,,
2017,SWZ,50.6,,,
2018,SWZ,52.4,,,
2019,SWZ,53.8,,,
2020,SWZ,55.4,,,
2000,SYC,100,,,
2001,SYC,100,,,
2002,SYC,100,,,
2003,SYC,100,,,
2004,SYC,100,,,
2005,SYC,100,,,
2006,SYC,100,,,
2007,SYC,100,,,
2008,SYC,100,,,
2009,SYC,100,,,
2010,SYC,100,,,
2011,SYC,100,,,
2012,SYC,100,,,
2013,SYC,100,,,
2014,SYC,100,,,
2015,SYC,100,,,
2016,SYC,100,,,
2017,SYC,100,,,
2018,SYC,100,,,
2019,SYC,100,,,
2020,SYC,100,,,
2000,SYR,98.6,,,
2001,SYR,98.7,,,
2002,SYR,98.9,,,
2003,SYR,98.8,,,
2004,SYR,98.9,,,
2005,SYR,98.9,,,
2006,SYR,98.9,,,
2007,SYR,98.9,,,
2008,SYR,98.8,,,
2009,SYR,98.7,,,
2010,SYR,98.6,,,
2011,SYR,98.4,,,
2012,SYR,98.4,,,
2013,SYR,98.2,,,
2014,SYR,98,,,
2015,SYR,97.9,,,
2016,SYR,97.6,,,
2017,SYR,97.6,,,
2018,SYR,97.2,,,
2019,SYR,97.3,,,
2020,SYR,96.9,,,
2000,TCD,3,,,
2001,TCD,2.8,,,
2002,TCD,2.5,,,
2003,TCD,2.5,,,
2004,TCD,2.5,,,
2005,TCD,2.4,,,
2006,TCD,2.4,,,
2007,TCD,2.3,,,
2008,TCD,2.3,,,
2009,TCD,2.5,,,
2010,TCD,2.6,,,
2011,TCD,2.8,,,
2012,TCD,2.9,,,
2013,TCD,3.3,,,
2014,TCD,3.7,,,
2015,TCD,4.1,,,
2016,TCD,4.6,,,
2017,TCD,5.1,,,
2018,TCD,5.5,,,
2019,TCD,6.1,,,
2020,TCD,6.8,,,
2000,TGO,0.5,,,
2001,TGO,0.6,,,
2002,TGO,0.7,,,
2003,TGO,0.8,,,
2004,TGO,1,,,
2005,TGO,1.3,,,
2006,TGO,1.6,,,
2007,TGO,1.9,,,
2008,TGO,2.4,,,
2009,TGO,2.9,,,
2010,TGO,3.4,,,
2011,TGO,4,,,
2012,TGO,4.5,,,
2013,TGO,5.3,,,
2014,TGO,6,,,
2015,TGO,6.6,,,
2016,TGO,7.3,,,
2017,TGO,8,,,
2018,TGO,8.6,,,
2019,TGO,9.3,,,
2020,TGO,10.1,,,
2000,THA,56.9,,,
2001,THA,58.6,,,
2002,THA,61.1,,,
2003,THA,63,,,
2004,THA,64.6,,,
2005,THA,66.4,,,
2006,THA,68.2,,,
2007,THA,69.6,,,
2008,THA,71.1,,,
2009,THA,72.6,,,
2010,THA,73.6,,,
2011,THA,74.7,,,
2012,THA,75.9,,,
2013,THA,77.1,,,
2014,THA,77.9,,,
2015,THA,78.9,,,
2016,THA,80.1,,,
2017,THA,80.8,,,
2018,THA,81.7,,,
2019,THA,82.7,,,
2020,THA,83.6,,,
2000,TJK,36.5,,,
2001,TJK,40,,,
2002,TJK,44.1,,,
2003,TJK,48,,,
2004,TJK,52.2,,,
2005,TJK,56,,,
2006,TJK,59.7,,,
2007,TJK,62.6,,,
2008,TJK,65.3,,,
2009,TJK,67.7,,,
2010,TJK,69.9,,,
2011,TJK,71.9,,,
2012,TJK,73.4,,,
2013,TJK,74.9,,,
2014,TJK,76.5,,,
2015,TJK,77.3,,,
2016,TJK,78.7,,,
2017,TJK,79.7,,,
2018,TJK,80.9,,,
2019,TJK,81.6,,,
2020,TJK,82.4,,,
2000,TKM,99.4,,,
2001,TKM,99.5,,,
2002,TKM,99.6,,,
2003,TKM,99.6,,,
2004,TKM,99.7,,,
2005,TKM,99.7,,,
2006,TKM,99.8,,,
2007,TKM,99.8,,,
2008,TKM,99.8,,,
2009,TKM,99.8,,,
2010,TKM,99.9,,,
2011,TKM,99.9,,,
2012,TKM,99.9,,,
2013,TKM,99.9,,,
2014,TKM,99.9,,,
2015,TKM,99.9,,,
2016,TKM,99.9,,,
2017,TKM,99.9,,,
2018,TKM,99.9,,,
2019,TKM,99.9,,,
2020,TKM,99.9,,,
2000,TLS,1.5,,,
2001,TLS,1.6,,,
2002,TLS,1.8,,,
2003,TLS,2,,,
2004,TLS,2.2,,,
2005,TLS,2.4,,,
2006,TLS,2.8,,,
2007,TLS,3.1,,,
2008,TLS,3.6,,,
2009,TLS,4.1,,,
2010,TLS,4.7,,,
2011,TLS,5.3,,,
2012,TLS,6,,,
2013,TLS,6.8,,,
2014,TLS,7.7,,,
2015,TLS,8.5,,,
2016,TLS,9.5,,,
2017,TLS,10.3,,,
2018,TLS,11.5,,,
2019,TLS,12.5,,,
2020,TLS,13.6,,,
2000,TON,35.9,,,
2001,TON,38.1,,,
2002,TON,40.5,,,
2003,TON,42.8,,,
2004,TON,45.8,,,
2005,TON,47.9,,,
2006,TON,50.7,,,
2007,TON,53.1,,,
2008,TON,55.2,,,
2009,TON,57.6,,,
2010,TON,59.8,,,
2011,TON,62.1,,,
2012,TON,64.6,,,
2013,TON,67,,,
2014,TON,69.5,,,
2015,TON,72.1,,,
2016,TON,75.1,,,
2017,TON,77.1,,,
2018,TON,79.8,,,
2019,TON,82.1,,,
2020,TON,84.1,,,
2000,TTO,100,,,
2001,TTO,100,,,
2002,TTO,100,,,
2003,TTO,100,,,
2004,TTO,100,,,
2005,TTO,100,,,
2006,TTO,100,,,
2007,TTO,100,,,
2008,TTO,100,,,
2009,TTO,100,,,
2010,TTO,100,,,
2011,TTO,100,,,
2012,TTO,100,,,
2013,TTO,100,,,
2014,TTO,100,,,
2015,TTO,100,,,
2016,TTO,100,,,
2017,TTO,100,,,
2018,TTO,100,,,
2019,TTO,100,,,
2020,TTO,100,,,
2000,TUN,94.2,,,
2001,TUN,95.1,,,
2002,TUN,96.1,,,
2003,TUN,96.8,,,
2004,TUN,97.4,,,
2005,TUN,97.9,,,
2006,TUN,98.4,,,
2007,TUN,98.7,,,
2008,TUN,99,,,
2009,TUN,99.2,,,
2010,TUN,99.4,,,
2011,TUN,99.5,,,
2012,TUN,99.6,,,
2013,TUN,99.7,,,
2014,TUN,99.7,,,
2015,TUN,99.7,,,
2016,TUN,99.8,,,
2017,TUN,99.8,,,
2018,TUN,99.8,,,
2019,TUN,99.8,,,
2020,TUN,99.8,,,
2000,TUR,90.1,,,
2001,TUR,90.8,,,
2002,TUR,91.3,,,
2003,TUR,91.7,,,
2004,TUR,92.3,,,
2005,TUR,92.8,,,
2006,TUR,93.1,,,
2007,TUR,93.4,,,
2008,TUR,93.7,,,
2009,TUR,93.9,,,
2010,TUR,94.2,,,
2011,TUR,94.3,,,
2012,TUR,94.5,,,
2013,TUR,94.7,,,
2014,TUR,94.8,,,
2015,TUR,94.9,,,
2016,TUR,95.1,,,
2017,TUR,95.2,,,
2018,TUR,95.2,,,
2019,TUR,95.2,,,
2020,TUR,95.2,,,
2000,TUV,16.1,,,
2001,TUV,17.8,,,
2002,TUV,19.8,,,
2003,TUV,22.4,,,
2004,TUV,25.3,,,
2005,TUV,28.2,,,
2006,TUV,31.4,,,
2007,TUV,35.8,,,
2008,TUV,40.9,,,
2009,TUV,44.7,,,
2010,TUV,48.6,,,
2011,TUV,52.9,,,
2012,TUV,56.6,,,
2013,TUV,59.5,,,
2014,TUV,62.4,,,
2015,TUV,64.2,,,
2016,TUV,65.5,,,
2017,TUV,67.6,,,
2018,TUV,68.9,,,
2019,TUV,69.8,,,
2020,TUV,70.6,,,
2000,TZA,0.6,,,
2001,TZA,0.7,,,
2002,TZA,0.7,,,
2003,TZA,0.7,,,
2004,TZA,0.8,,,
2005,TZA,0.8,,,
2006,TZA,0.9,,,
2007,TZA,1,,,
2008,TZA,1.1,,,
2009,TZA,1.2,,,
2010,TZA,1.4,,,
2011,TZA,1.7,,,
2012,TZA,1.9,,,
2013,TZA,2.2,,,
2014,TZA,2.5,,,
2015,TZA,2.9,,,
2016,TZA,3.3,,,
2017,TZA,3.6,,,
2018,TZA,3.9,,,
2019,TZA,4.3,,,
2020,TZA,4.5,,,
2000,UGA,0.9,,,
2001,UGA,0.9,,,
2002,UGA,0.9,,,
2003,UGA,0.9,,,
2004,UGA,0.8,,,
2005,UGA,0.8,,,
2006,UGA,0.8,,,
2007,UGA,0.8,,,
2008,UGA,0.9,,,
2009,UGA,0.8,,,
2010,UGA,0.8,,,
2011,UGA,0.8,,,
2012,UGA,0.8,,,
2013,UGA,0.8,,,
2014,UGA,0.7,,,
2015,UGA,0.7,,,
2016,UGA,0.7,,,
2017,UGA,0.6,,,
2018,UGA,0.6,,,
2019,UGA,0.5,,,
2020,UGA,0.5,,,
2000,UKR,91.7,,,
2001,UKR,92,,,
2002,UKR,92.3,,,
2003,UKR,92.7,,,
2004,UKR,92.9,,,
2005,UKR,93.2,,,
2006,UKR,93.6,,,
2007,UKR,93.9,,,
2008,UKR,94,,,
2009,UKR,94.2,,,
2010,UKR,94.3,,,
2011,UKR,94.6,,,
2012,UKR,94.7,,,
2013,UKR,94.8,,,
2014,UKR,94.8,,,
2015,UKR,94.9,,,
2016,UKR,94.9,,,
2017,UKR,94.9,,,
2018,UKR,95,,,
2019,UKR,94.9,,,
2020,UKR,94.9,,,
2000,URY,100,,,
2001,URY,100,,,
2002,URY,100,,,
2003,URY,100,,,
2004,URY,100,,,
2005,URY,100,,,
2006,URY,100,,,
2007,URY,100,,,
2008,URY,100,,,
2009,URY,100,,,
2010,URY,100,,,
2011,URY,100,,,
2012,URY,100,,,
2013,URY,100,,,
2014,URY,100,,,
2015,URY,100,,,
2016,URY,100,,,
2017,URY,100,,,
2018,URY,100,,,
2019,URY,100,,,
2020,URY,100,,,
2000,USA,100,,,
2001,USA,100,,,
2002,USA,100,,,
2003,USA,100,,,
2004,USA,100,,,
2005,USA,100,,,
2006,USA,100,,,
2007,USA,100,,,
2008,USA,100,,,
2009,USA,100,,,
2010,USA,100,,,
2011,USA,100,,,
2012,USA,100,,,
2013,USA,100,,,
2014,USA,100,,,
2015,USA,100,,,
2016,USA,100,,,
2017,USA,100,,,
2018,USA,100,,,
2019,USA,100,,,
2020,USA,100,,,
2000,UZB,83.6,,,
2001,UZB,83.9,,,
2002,UZB,84.2,,,
2003,UZB,84.5,,,
2004,UZB,84.6,,,
2005,UZB,85,,,
2006,UZB,85.3,,,
2007,UZB,85.3,,,
2008,UZB,85.7,,,
2009,UZB,85.6,,,
2010,UZB,85.8,,,
2011,UZB,85.6,,,
2012,UZB,85.8,,,
2013,UZB,85.5,,,
2014,UZB,85.5,,,
2015,UZB,85.4,,,
2016,UZB,85.2,,,
2017,UZB,84.9,,,
2018,UZB,84.3,,,
2019,UZB,84.6,,,
2020,UZB,84.3,,,
2000,VCT,95.6,,,
2001,VCT,95.6,,,
2002,VCT,95.6,,,
2003,VCT,95.8,,,
2004,VCT,95.6,,,
2005,VCT,95.6,,,
2006,VCT,95.7,,,
2007,VCT,95.8,,,
2008,VCT,95.8,,,
2009,VCT,95.7,,,
2010,VCT,95.6,,,
2011,VCT,95.7,,,
2012,VCT,95.6,,,
2013,VCT,95.6,,,
2014,VCT,95.4,,,
2015,VCT,95.2,,,
2016,VCT,95.3,,,
2017,VCT,94.9,,,
2018,VCT,94.7,,,
2019,VCT,94.5,,,
2020,VCT,94.2,,,
2000,VEN,97,,,
2001,VEN,97,,,
2002,VEN,97,,,
2003,VEN,96.8,,,
2004,VEN,96.7,,,
2005,VEN,96.8,,,
2006,VEN,96.8,,,
2007,VEN,96.7,,,
2008,VEN,96.8,,,
2009,VEN,96.8,,,
2010,VEN,96.9,,,
2011,VEN,96.9,,,
2012,VEN,97,,,
2013,VEN,97,,,
2014,VEN,97.2,,,
2015,VEN,97.1,,,
2016,VEN,97,,,
2017,VEN,97,,,
2018,VEN,97.3,,,
2019,VEN,97,,,
2020,VEN,97,,,
2000,VNM,14,,,
2001,VNM,17.2,,,
2002,VNM,20.6,,,
2003,VNM,24.4,,,
2004,VNM,28.2,,,
2005,VNM,31.8,,,
2006,VNM,35.6,,,
2007,VNM,39.4,,,
2008,VNM,42.8,,,
2009,VNM,45.8,,,
2010,VNM,48.7,,,
2011,VNM,51.6,,,
2012,VNM,53.9,,,
2013,VNM,56.2,,,
2014,VNM,58.3,,,
2015,VNM,59.6,,,
2016,VNM,61,,,
2017,VNM,62.3,,,
2018,VNM,63.3,,,
2019,VNM,64.4,,,
2020,VNM,65.3,,,
2000,VUT,15.9,,,
2001,VUT,15.7,,,
2002,VUT,15.5,,,
2003,VUT,15.4,,,
2004,VUT,15.1,,,
2005,VUT,14.7,,,
2006,VUT,14.5,,,
2007,VUT,13.9,,,
2008,VUT,13.5,,,
2009,VUT,12.9,,,
2010,VUT,12.3,,,
2011,VUT,11.5,,,
2012,VUT,11,,,
2013,VUT,10.6,,,
2014,VUT,10,,,
2015,VUT,9.5,,,
2016,VUT,8.8,,,
2017,VUT,8.4,,,
2018,VUT,8.3,,,
2019,VUT,8,,,
2020,VUT,7.6,,,
2000,WSM,18.6,,,
2001,WSM,19.4,,,
2002,WSM,19.9,,,
2003,WSM,20.8,,,
2004,WSM,21.5,,,
2005,WSM,22.3,,,
2006,WSM,23.2,,,
2007,WSM,24,,,
2008,WSM,25.1,,,
2009,WSM,25.9,,,
2010,WSM,26.8,,,
2011,WSM,27.8,,,
2012,WSM,28.6,,,
2013,WSM,29.5,,,
2014,WSM,30.4,,,
2015,WSM,31.4,,,
2016,WSM,32.4,,,
2017,WSM,33.6,,,
2018,WSM,34.6,,,
2019,WSM,35.3,,,
2020,WSM,36.5,,,
2000,YEM,55.7,,,
2001,YEM,56.1,,,
2002,YEM,56.7,,,
2003,YEM,57.2,,,
2004,YEM,57.4,,,
2005,YEM,57.9,,,
2006,YEM,58.2,,,
2007,YEM,58.7,,,
2008,YEM,59,,,
2009,YEM,59.5,,,
2010,YEM,59.7,,,
2011,YEM,60,,,
2012,YEM,60,,,
2013,YEM,60.3,,,
2014,YEM,60.8,,,
2015,YEM,61.1,,,
2016,YEM,61.2,,,
2017,YEM,61.4,,,
2018,YEM,61.5,,,
2019,YEM,61.3,,,
2020,YEM,61.5,,,
2000,ZAF,55.9,,,
2001,ZAF,57.8,,,
2002,ZAF,60,,,
2003,ZAF,62.1,,,
2004,ZAF,64.4,,,
2005,ZAF,66.8,,,
2006,ZAF,69,,,
2007,ZAF,71.4,,,
2008,ZAF,73.5,,,
2009,ZAF,75.4,,,
2010,ZAF,77.1,,,
2011,ZAF,78.8,,,
2012,ZAF,80.2,,,
2013,ZAF,81.5,,,
2014,ZAF,82.7,,,
2015,ZAF,83.4,,,
2016,ZAF,84.4,,,
2017,ZAF,85.2,,,
2018,ZAF,85.7,,,
2019,ZAF,86.3,,,
2020,ZAF,86.8,,,
2000,ZMB,13.8,,,
2001,ZMB,14.2,,,
2002,ZMB,14.6,,,
2003,ZMB,15.1,,,
2004,ZMB,15.3,,,
2005,ZMB,15.7,,,
2006,ZMB,15.9,,,
2007,ZMB,16.1,,,
2008,ZMB,16.2,,,
2009,ZMB,16.3,,,
2010,ZMB,16.2,,,
2011,ZMB,15.9,,,
2012,ZMB,15.5,,,
2013,ZMB,15.1,,,
2014,ZMB,14.6,,,
2015,ZMB,14,,,
2016,ZMB,13.4,,,
2017,ZMB,12.5,,,
2018,ZMB,11.9,,,
2019,ZMB,11.2,,,
2020,ZMB,10.4,,,
2000,ZWE,33.5,,,
2001,ZWE,33.6,,,
2002,ZWE,33.5,,,
2003,ZWE,32.8,,,
2004,ZWE,32.2,,,
2005,ZWE,31.7,,,
2006,ZWE,31.4,,,
2007,ZWE,31,,,
2008,ZWE,30.5,,,
2009,ZWE,30.5,,,
2010,ZWE,30.2,,,
2011,ZWE,30.1,,,
2012,ZWE,29.8,,,
2013,ZWE,29.8,,,
2014,ZWE,29.5,,,
2015,ZWE,29.5,,,
2016,ZWE,29.8,,,
2017,ZWE,29.8,,,
2018,ZWE,29.9,,,
2019,ZWE,30.1,,,
2020,ZWE,30.4,,,
