year,geo,value,projections,benchmark_low,benchmark_mid,benchmark_high,,
2000,WLD,731.09,,,,,,
2001,WLD,760.38,,,,,,
2002,WLD,807.58,,,,,,
2003,WLD,889,,,,,,
2004,WLD,950.51,,,,,,
2005,WLD,1023.96,,,,,,
2006,WLD,1125.73,,,,,,
2007,WLD,1244.84,,,,,,
2008,WLD,1240.59,,,,,,
2009,WLD,1293.6,,,,,,
2010,WLD,1387.95,,,,,,
2011,WLD,1477.59,,,,,,
2012,WLD,1534.62,,,,,,
2013,WLD,1366.46,,,,,,
2014,WLD,1399.34,,,,,,
2015,WLD,1368.8,,,,,,
2016,WLD,1432.57,,,,,,
2017,WLD,1422.97,,,,,,
2018,WLD,1511.99,,,,,,
2019,WLD,1548.31,,,,,,
2020,WLD,1590.01,,,,,,
2030,WLD,,2030.23,,,,,
2000,AFG,0.027,,,,,,
2001,AFG,0.027,,,,,,
2002,AFG,0.031,,,,,,
2003,AFG,0.036,,,,,,
2004,AFG,0.035,,,,,,
2005,AFG,0.029,,,,,,
2006,AFG,0.025,,,,,,
2007,AFG,0.025,,,,,,
2008,AFG,0.017,,,,,,
2009,AFG,0.015,,,,,,
2010,AFG,0.015,,,,,,
2011,AFG,0.016,,,,,,
2012,AFG,0.015,,,,,,
2013,AFG,0.019,,,,,,
2014,AFG,0.032,,,,,,
2015,AFG,0.025,,,,,,
2016,AFG,0.037,,,,,,
2017,AFG,0.065,,,,,,
2018,AFG,0.04,,,,,,
2019,AFG,0.04,,,,,,
2020,AFG,0.041,,,,,,
2000,AGO,0.145,,,,,,
2001,AGO,0.229,,,,,,
2002,AGO,0.248,,,,,,
2003,AGO,0.291,,,,,,
2004,AGO,0.314,,,,,,
2005,AGO,0.55,,,,,,
2006,AGO,0.545,,,,,,
2007,AGO,0.533,,,,,,
2008,AGO,0.669,,,,,,
2009,AGO,0.637,,,,,,
2010,AGO,0.546,,,,,,
2011,AGO,0.531,,,,,,
2012,AGO,1.06,,,,,,
2013,AGO,1.36,,,,,,
2014,AGO,1.69,,,,,,
2015,AGO,1.85,,,,,,
2016,AGO,1.81,,,,,,
2017,AGO,1.84,,,,,,
2018,AGO,1.99,,,,,,
2019,AGO,2.01,,,,,,
2020,AGO,2.03,,,,,,
2000,ALB,0.04,,,,,,
2001,ALB,0.11,,,,,,
2002,ALB,0.1,,,,,,
2003,ALB,0.23,,,,,,
2004,ALB,0.22,,,,,,
2005,ALB,0.19,,,,,,
2006,ALB,0.2,,,,,,
2007,ALB,0.34,,,,,,
2008,ALB,0.35,,,,,,
2009,ALB,0.42,,,,,,
2010,ALB,0.52,,,,,,
2011,ALB,0.69,,,,,,
2012,ALB,0.9,,,,,,
2013,ALB,0.99,,,,,,
2014,ALB,0.8,,,,,,
2015,ALB,0.85,,,,,,
2016,ALB,0.79,,,,,,
2017,ALB,0.8,,,,,,
2018,ALB,0.79,,,,,,
2019,ALB,0.8,,,,,,
2020,ALB,0.81,,,,,,
2000,ARE,2.53,,,,,,
2001,ARE,2.55,,,,,,
2002,ARE,2.95,,,,,,
2003,ARE,3.4,,,,,,
2004,ARE,3.42,,,,,,
2005,ARE,4.31,,,,,,
2006,ARE,4.61,,,,,,
2007,ARE,5.08,,,,,,
2008,ARE,9.81,,,,,,
2009,ARE,8.34,,,,,,
2010,ARE,7.9,,,,,,
2011,ARE,7.52,,,,,,
2012,ARE,6.41,,,,,,
2013,ARE,6.34,,,,,,
2014,ARE,8.08,,,,,,
2015,ARE,8.2,,,,,,
2016,ARE,9.68,,,,,,
2017,ARE,10.17,,,,,,
2018,ARE,11.03,,,,,,
2019,ARE,11.16,,,,,,
2020,ARE,11.29,,,,,,
2000,ARG,2.23,,,,,,
2001,ARG,2.03,,,,,,
2002,ARG,1.44,,,,,,
2003,ARG,1.93,,,,,,
2004,ARG,2.31,,,,,,
2005,ARG,2.82,,,,,,
2006,ARG,3.3,,,,,,
2007,ARG,3.64,,,,,,
2008,ARG,3.63,,,,,,
2009,ARG,3.51,,,,,,
2010,ARG,3.8,,,,,,
2011,ARG,4.08,,,,,,
2012,ARG,3.88,,,,,,
2013,ARG,3.94,,,,,,
2014,ARG,3.62,,,,,,
2015,ARG,3.93,,,,,,
2016,ARG,3.93,,,,,,
2017,ARG,4.51,,,,,,
2018,ARG,4.47,,,,,,
2019,ARG,4.52,,,,,,
2020,ARG,4.57,,,,,,
2000,ARM,0.09,,,,,,
2001,ARM,0.13,,,,,,
2002,ARM,0.15,,,,,,
2003,ARM,0.16,,,,,,
2004,ARM,0.21,,,,,,
2005,ARM,0.25,,,,,,
2006,ARM,0.26,,,,,,
2007,ARM,0.3,,,,,,
2008,ARM,0.32,,,,,,
2009,ARM,0.18,,,,,,
2010,ARM,0.2,,,,,,
2011,ARM,0.18,,,,,,
2012,ARM,0.17,,,,,,
2013,ARM,0.18,,,,,,
2014,ARM,0.18,,,,,,
2015,ARM,0.18,,,,,,
2016,ARM,0.11,,,,,,
2017,ARM,0.15,,,,,,
2018,ARM,0.23,,,,,,
2019,ARM,0.24,,,,,,
2020,ARM,0.24,,,,,,
2000,AUS,3.41,,,,,,
2001,AUS,3.34,,,,,,
2002,AUS,3.31,,,,,,
2003,AUS,3.42,,,,,,
2004,AUS,3.38,,,,,,
2005,AUS,3.46,,,,,,
2006,AUS,3.68,,,,,,
2007,AUS,3.77,,,,,,
2008,AUS,3.67,,,,,,
2009,AUS,3.63,,,,,,
2010,AUS,3.36,,,,,,
2011,AUS,3.31,,,,,,
2012,AUS,3.34,,,,,,
2013,AUS,3.13,,,,,,
2014,AUS,2.99,,,,,,
2015,AUS,3.09,,,,,,
2016,AUS,3.04,,,,,,
2017,AUS,3.02,,,,,,
2018,AUS,3.08,,,,,,
2019,AUS,2.93,,,,,,
2020,AUS,2.96,,,,,,
2000,AUT,1.59,,,,,,
2001,AUT,1.59,,,,,,
2002,AUT,1.62,,,,,,
2003,AUT,1.62,,,,,,
2004,AUT,1.68,,,,,,
2005,AUT,1.67,,,,,,
2006,AUT,1.9,,,,,,
2007,AUT,2.07,,,,,,
2008,AUT,2.08,,,,,,
2009,AUT,1.79,,,,,,
2010,AUT,1.61,,,,,,
2011,AUT,1.65,,,,,,
2012,AUT,1.67,,,,,,
2013,AUT,1.64,,,,,,
2014,AUT,1.64,,,,,,
2015,AUT,1.69,,,,,,
2016,AUT,1.79,,,,,,
2017,AUT,1.77,,,,,,
2018,AUT,1.95,,,,,,
2019,AUT,1.78,,,,,,
2020,AUT,1.8,,,,,,
2000,AZE,0.09,,,,,,
2001,AZE,0.22,,,,,,
2002,AZE,0.36,,,,,,
2003,AZE,0.43,,,,,,
2004,AZE,0.6,,,,,,
2005,AZE,0.64,,,,,,
2006,AZE,0.67,,,,,,
2007,AZE,0.69,,,,,,
2008,AZE,0.68,,,,,,
2009,AZE,0.5,,,,,,
2010,AZE,0.53,,,,,,
2011,AZE,0.61,,,,,,
2012,AZE,0.78,,,,,,
2013,AZE,0.96,,,,,,
2014,AZE,1.24,,,,,,
2015,AZE,1.15,,,,,,
2016,AZE,0.99,,,,,,
2017,AZE,1.26,,,,,,
2018,AZE,1.47,,,,,,
2019,AZE,1.48,,,,,,
2020,AZE,1.5,,,,,,
2011,BDI,0.01,,,,,,
2012,BDI,0.03,,,,,,
2013,BDI,0.03,,,,,,
2014,BDI,0.02,,,,,,
2015,BDI,0.04,,,,,,
2016,BDI,0.04,,,,,,
2017,BDI,0.02,,,,,,
2018,BDI,0.03,,,,,,
2019,BDI,0.03,,,,,,
2020,BDI,0.03,,,,,,
2000,BEL,3.17,,,,,,
2001,BEL,2.88,,,,,,
2002,BEL,2.9,,,,,,
2003,BEL,2.74,,,,,,
2004,BEL,2.69,,,,,,
2005,BEL,2.88,,,,,,
2006,BEL,3,,,,,,
2007,BEL,2.98,,,,,,
2008,BEL,2.93,,,,,,
2009,BEL,2.67,,,,,,
2010,BEL,2.46,,,,,,
2011,BEL,2.63,,,,,,
2012,BEL,2.53,,,,,,
2013,BEL,2.44,,,,,,
2014,BEL,2.51,,,,,,
2015,BEL,2.28,,,,,,
2016,BEL,2.31,,,,,,
2017,BEL,2.2,,,,,,
2018,BEL,2.38,,,,,,
2019,BEL,2.62,,,,,,
2020,BEL,2.65,,,,,,
2000,BEN,0.1,,,,,,
2001,BEN,0.1,,,,,,
2002,BEN,0.1,,,,,,
2003,BEN,0.1,,,,,,
2004,BEN,0.1,,,,,,
2005,BEN,0.1,,,,,,
2006,BEN,0.59,,,,,,
2007,BEN,0.59,,,,,,
2008,BEN,0.51,,,,,,
2009,BEN,0.47,,,,,,
2010,BEN,0.48,,,,,,
2011,BEN,0.52,,,,,,
2012,BEN,0.49,,,,,,
2013,BEN,0.48,,,,,,
2014,BEN,0.46,,,,,,
2015,BEN,0.49,,,,,,
2016,BEN,0.55,,,,,,
2017,BEN,0.54,,,,,,
2018,BEN,0.54,,,,,,
2019,BEN,0.55,,,,,,
2020,BEN,0.56,,,,,,
2000,BFA,0.02,,,,,,
2001,BFA,0.02,,,,,,
2002,BFA,0.01,,,,,,
2003,BFA,0.01,,,,,,
2004,BFA,0.01,,,,,,
2005,BFA,0.01,,,,,,
2006,BFA,0.01,,,,,,
2007,BFA,0.01,,,,,,
2008,BFA,0.18,,,,,,
2009,BFA,0.2,,,,,,
2010,BFA,0.21,,,,,,
2011,BFA,0.21,,,,,,
2012,BFA,0.23,,,,,,
2013,BFA,0.2,,,,,,
2014,BFA,0.13,,,,,,
2015,BFA,0.09,,,,,,
2016,BFA,0.12,,,,,,
2017,BFA,0.12,,,,,,
2018,BFA,0.12,,,,,,
2019,BFA,0.12,,,,,,
2020,BFA,0.13,,,,,,
2000,BGD,1.94,,,,,,
2001,BGD,2.66,,,,,,
2002,BGD,2.6,,,,,,
2003,BGD,2.55,,,,,,
2004,BGD,2.49,,,,,,
2005,BGD,2.48,,,,,,
2006,BGD,2.53,,,,,,
2007,BGD,2.57,,,,,,
2008,BGD,4.72,,,,,,
2009,BGD,5.51,,,,,,
2010,BGD,5.91,,,,,,
2011,BGD,6.17,,,,,,
2012,BGD,6.1,,,,,,
2013,BGD,6.18,,,,,,
2014,BGD,6.19,,,,,,
2015,BGD,10.08,,,,,,
2016,BGD,11.56,,,,,,
2017,BGD,11.56,,,,,,
2018,BGD,12,,,,,,
2019,BGD,12.13,,,,,,
2020,BGD,12.27,,,,,,
2000,BGR,1.15,,,,,,
2001,BGR,1.17,,,,,,
2002,BGR,1.16,,,,,,
2003,BGR,1.21,,,,,,
2004,BGR,1.38,,,,,,
2005,BGR,1.55,,,,,,
2006,BGR,1.48,,,,,,
2007,BGR,1.89,,,,,,
2008,BGR,1.82,,,,,,
2009,BGR,0.97,,,,,,
2010,BGR,0.79,,,,,,
2011,BGR,0.77,,,,,,
2012,BGR,0.96,,,,,,
2013,BGR,0.87,,,,,,
2014,BGR,0.89,,,,,,
2015,BGR,1.08,,,,,,
2016,BGR,1.17,,,,,,
2017,BGR,1.21,,,,,,
2018,BGR,1.18,,,,,,
2019,BGR,1.11,,,,,,
2020,BGR,1.12,,,,,,
2000,BHR,0.04,,,,,,
2001,BHR,0.04,,,,,,
2002,BHR,0.03,,,,,,
2003,BHR,0.05,,,,,,
2004,BHR,0.07,,,,,,
2005,BHR,0.17,,,,,,
2006,BHR,0.17,,,,,,
2007,BHR,0.17,,,,,,
2008,BHR,0.2,,,,,,
2009,BHR,0.31,,,,,,
2010,BHR,0.53,,,,,,
2011,BHR,0.54,,,,,,
2012,BHR,0.58,,,,,,
2013,BHR,0.53,,,,,,
2014,BHR,0.51,,,,,,
2015,BHR,0.52,,,,,,
2016,BHR,0.62,,,,,,
2017,BHR,0.66,,,,,,
2018,BHR,0.66,,,,,,
2019,BHR,0.67,,,,,,
2020,BHR,0.68,,,,,,
2000,BIH,0.12,,,,,,
2001,BIH,0.28,,,,,,
2002,BIH,0.36,,,,,,
2003,BIH,0.35,,,,,,
2004,BIH,0.41,,,,,,
2005,BIH,0.4,,,,,,
2006,BIH,0.46,,,,,,
2007,BIH,0.49,,,,,,
2008,BIH,0.54,,,,,,
2009,BIH,0.41,,,,,,
2010,BIH,0.38,,,,,,
2011,BIH,0.34,,,,,,
2012,BIH,0.34,,,,,,
2013,BIH,0.38,,,,,,
2014,BIH,0.39,,,,,,
2015,BIH,0.35,,,,,,
2016,BIH,0.33,,,,,,
2017,BIH,0.36,,,,,,
2018,BIH,0.4,,,,,,
2019,BIH,0.4,,,,,,
2020,BIH,0.4,,,,,,
2000,BLR,0.87,,,,,,
2001,BLR,0.82,,,,,,
2002,BLR,0.98,,,,,,
2003,BLR,1.16,,,,,,
2004,BLR,1.29,,,,,,
2005,BLR,1.46,,,,,,
2006,BLR,1.56,,,,,,
2007,BLR,1.62,,,,,,
2008,BLR,1.81,,,,,,
2009,BLR,1.87,,,,,,
2010,BLR,1.96,,,,,,
2011,BLR,1.96,,,,,,
2012,BLR,2.18,,,,,,
2013,BLR,2.11,,,,,,
2014,BLR,2.36,,,,,,
2015,BLR,1.98,,,,,,
2016,BLR,2.19,,,,,,
2017,BLR,2.12,,,,,,
2018,BLR,2.07,,,,,,
2019,BLR,2.26,,,,,,
2020,BLR,2.29,,,,,,
2000,BOL,0.39,,,,,,
2001,BOL,0.36,,,,,,
2002,BOL,0.37,,,,,,
2003,BOL,0.42,,,,,,
2004,BOL,0.47,,,,,,
2005,BOL,0.54,,,,,,
2006,BOL,0.61,,,,,,
2007,BOL,0.66,,,,,,
2008,BOL,0.74,,,,,,
2009,BOL,0.86,,,,,,
2010,BOL,0.88,,,,,,
2011,BOL,0.94,,,,,,
2012,BOL,0.98,,,,,,
2013,BOL,1.01,,,,,,
2014,BOL,1.06,,,,,,
2015,BOL,1.12,,,,,,
2016,BOL,1.3,,,,,,
2017,BOL,1.36,,,,,,
2018,BOL,1.38,,,,,,
2019,BOL,1.39,,,,,,
2020,BOL,1.41,,,,,,
2000,BRA,18.35,,,,,,
2001,BRA,17.74,,,,,,
2002,BRA,17.18,,,,,,
2003,BRA,16.01,,,,,,
2004,BRA,16.31,,,,,,
2005,BRA,18,,,,,,
2006,BRA,18.73,,,,,,
2007,BRA,19.71,,,,,,
2008,BRA,22.27,,,,,,
2009,BRA,22.28,,,,,,
2010,BRA,25.6,,,,,,
2011,BRA,27.24,,,,,,
2012,BRA,30.85,,,,,,
2013,BRA,24.56,,,,,,
2014,BRA,24.94,,,,,,
2015,BRA,20.69,,,,,,
2016,BRA,20.94,,,,,,
2017,BRA,20.13,,,,,,
2018,BRA,19.19,,,,,,
2019,BRA,19.55,,,,,,
2020,BRA,20.63,,,,,,
2000,BRB,0.1,,,,,,
2001,BRB,0.1,,,,,,
2002,BRB,0.11,,,,,,
2003,BRB,0.12,,,,,,
2004,BRB,0.12,,,,,,
2005,BRB,0.13,,,,,,
2006,BRB,0.13,,,,,,
2007,BRB,0.11,,,,,,
2008,BRB,0.11,,,,,,
2009,BRB,0.09,,,,,,
2010,BRB,0.09,,,,,,
2011,BRB,0.09,,,,,,
2012,BRB,0.07,,,,,,
2013,BRB,0.06,,,,,,
2014,BRB,0.06,,,,,,
2015,BRB,0.06,,,,,,
2016,BRB,0.06,,,,,,
2017,BRB,0.06,,,,,,
2018,BRB,0.06,,,,,,
2019,BRB,0.06,,,,,,
2020,BRB,0.06,,,,,,
2000,BRN,0.13,,,,,,
2001,BRN,0.12,,,,,,
2002,BRN,0.13,,,,,,
2003,BRN,0.12,,,,,,
2004,BRN,0.12,,,,,,
2005,BRN,0.13,,,,,,
2006,BRN,0.12,,,,,,
2007,BRN,0.1,,,,,,
2008,BRN,0.11,,,,,,
2009,BRN,0.1,,,,,,
2010,BRN,0.12,,,,,,
2011,BRN,0.12,,,,,,
2012,BRN,0.13,,,,,,
2013,BRN,0.13,,,,,,
2014,BRN,0.09,,,,,,
2015,BRN,0.09,,,,,,
2016,BRN,0.11,,,,,,
2017,BRN,0.11,,,,,,
2018,BRN,0.12,,,,,,
2019,BRN,0.12,,,,,,
2020,BRN,0.12,,,,,,
2000,BTN,0.08,,,,,,
2001,BTN,0.08,,,,,,
2002,BTN,0.08,,,,,,
2003,BTN,0.08,,,,,,
2004,BTN,0.08,,,,,,
2005,BTN,0.08,,,,,,
2006,BTN,0.09,,,,,,
2007,BTN,0.09,,,,,,
2008,BTN,0.08,,,,,,
2009,BTN,0.08,,,,,,
2010,BTN,0.09,,,,,,
2011,BTN,0.23,,,,,,
2012,BTN,0.21,,,,,,
2013,BTN,0.21,,,,,,
2014,BTN,0.25,,,,,,
2015,BTN,0.28,,,,,,
2016,BTN,0.34,,,,,,
2017,BTN,0.32,,,,,,
2018,BTN,0.34,,,,,,
2019,BTN,0.35,,,,,,
2020,BTN,0.35,,,,,,
2009,BWA,0.09,,,,,,
2010,BWA,0.09,,,,,,
2011,BWA,0.11,,,,,,
2012,BWA,0.01,,,,,0.01,
2013,BWA,0.01,,,,,0.01,
2014,BWA,0,,,,,0,
2015,BWA,0.01,,,,,0.01,
2016,BWA,0.01,,,,,0.01,
2017,BWA,0.01,,,,,0.01,
2018,BWA,0.01,,,,,0.01,
2019,BWA,0.01,,,,,0.01,
2020,BWA,0.01,,,,,0.01,
2000,CAN,6.77,,,,,,
2001,CAN,6.58,,,,,,
2002,CAN,6.79,,,,,,
2003,CAN,6.85,,,,,,
2004,CAN,7.16,,,,,,
2005,CAN,7.23,,,,,,
2006,CAN,7.34,,,,,,
2007,CAN,7.37,,,,,,
2008,CAN,6.67,,,,,,
2009,CAN,5.14,,,,,,
2010,CAN,5.73,,,,,,
2011,CAN,5.77,,,,,,
2012,CAN,6.32,,,,,,
2013,CAN,5.71,,,,,,
2014,CAN,5.68,,,,,,
2015,CAN,5.99,,,,,,
2016,CAN,5.92,,,,,,
2017,CAN,6.09,,,,,,
2018,CAN,5.77,,,,,,
2019,CAN,6.96,,,,,,
2020,CAN,7.04,,,,,,
2000,CHE,1.67,,,,,,
2001,CHE,1.7,,,,,,
2002,CHE,1.64,,,,,,
2003,CHE,1.6,,,,,,
2004,CHE,1.7,,,,,,
2005,CHE,1.79,,,,,,
2006,CHE,1.79,,,,,,
2007,CHE,1.83,,,,,,
2008,CHE,1.8,,,,,,
2009,CHE,1.79,,,,,,
2010,CHE,1.89,,,,,,
2011,CHE,1.87,,,,,,
2012,CHE,1.75,,,,,,
2013,CHE,1.78,,,,,,
2014,CHE,2.04,,,,,,
2015,CHE,1.69,,,,,,
2016,CHE,1.76,,,,,,
2017,CHE,1.72,,,,,,
2018,CHE,1.67,,,,,,
2019,CHE,1.68,,,,,,
2020,CHE,1.7,,,,,,
2000,CHL,1.27,,,,,,
2001,CHL,1.28,,,,,,
2002,CHL,1.27,,,,,,
2003,CHL,1.34,,,,,,
2004,CHL,1.41,,,,,,
2005,CHL,1.49,,,,,,
2006,CHL,1.52,,,,,,
2007,CHL,1.68,,,,,,
2008,CHL,1.73,,,,,,
2009,CHL,1.45,,,,,,
2010,CHL,1.41,,,,,,
2011,CHL,1.55,,,,,,
2012,CHL,1.71,,,,,,
2013,CHL,1.62,,,,,,
2014,CHL,1.33,,,,,,
2015,CHL,1.38,,,,,,
2016,CHL,1.51,,,,,,
2017,CHL,1.58,,,,,,
2018,CHL,1.62,,,,,,
2019,CHL,1.64,,,,,,
2020,CHL,1.66,,,,,,
2000,CHN,264.47,,,,,,
2001,CHN,284.91,,,,,,
2002,CHN,314.65,,,,,,
2003,CHN,381.9,,,,,,
2004,CHN,426.37,,,,,,
2005,CHN,475.64,,,,,,
2006,CHN,549.12,,,,,,
2007,CHN,622.06,,,,,,
2008,CHN,624.94,,,,,,
2009,CHN,706.91,,,,,,
2010,CHN,786.64,,,,,,
2011,CHN,856.5,,,,,,
2012,CHN,872.89,,,,,,
2013,CHN,708.84,,,,,,
2014,CHN,737.65,,,,,,
2015,CHN,693.6,,,,,,
2016,CHN,715.52,,,,,,
2017,CHN,688.48,,,,,,
2018,CHN,749.84,,,,,,
2019,CHN,790.4,,,,,,
2020,CHN,821.08,,,,,,
2000,CIV,0.27,,,,,,
2001,CIV,0.27,,,,,,
2002,CIV,0.27,,,,,,
2003,CIV,0.27,,,,,,
2004,CIV,0.27,,,,,,
2005,CIV,0.27,,,,,,
2006,CIV,0.26,,,,,,
2007,CIV,0.25,,,,,,
2008,CIV,0.14,,,,,,
2009,CIV,0.1,,,,,,
2010,CIV,0.66,,,,,,
2011,CIV,0.64,,,,,,
2012,CIV,0.67,,,,,,
2013,CIV,0.78,,,,,,
2014,CIV,0.89,,,,,,
2015,CIV,1.1,,,,,,
2016,CIV,1.45,,,,,,
2017,CIV,1.4,,,,,,
2018,CIV,1.59,,,,,,
2019,CIV,1.61,,,,,,
2020,CIV,1.63,,,,,,
2000,CMR,0.37,,,,,,
2001,CMR,0.41,,,,,,
2002,CMR,0.39,,,,,,
2003,CMR,0.39,,,,,,
2004,CMR,0.43,,,,,,
2005,CMR,0.42,,,,,,
2006,CMR,0.4,,,,,,
2007,CMR,0.38,,,,,,
2008,CMR,0.38,,,,,,
2009,CMR,0.39,,,,,,
2010,CMR,0.36,,,,,,
2011,CMR,0.41,,,,,,
2012,CMR,0.45,,,,,,
2013,CMR,0.47,,,,,,
2014,CMR,0.43,,,,,,
2015,CMR,0.57,,,,,,
2016,CMR,1.05,,,,,,
2017,CMR,1.12,,,,,,
2018,CMR,1.15,,,,,,
2019,CMR,1.17,,,,,,
2020,CMR,1.18,,,,,,
2000,COD,0.07,,,,,,
2001,COD,0.08,,,,,,
2002,COD,0.11,,,,,,
2003,COD,0.14,,,,,,
2004,COD,0.17,,,,,,
2005,COD,0.22,,,,,,
2006,COD,0.21,,,,,,
2007,COD,0.2,,,,,,
2008,COD,0.15,,,,,,
2009,COD,0.16,,,,,,
2010,COD,0.18,,,,,,
2011,COD,0.16,,,,,,
2012,COD,0.15,,,,,,
2013,COD,0.15,,,,,,
2014,COD,0.11,,,,,,
2015,COD,0.14,,,,,,
2016,COD,0.1,,,,,,
2017,COD,0.36,,,,,,
2018,COD,0.73,,,,,,
2019,COD,0.74,,,,,,
2020,COD,0.75,,,,,,
2000,COG,0.01,,,,,0.01,
2005,COG,0.04,,,,,,
2006,COG,0.04,,,,,,
2007,COG,0.04,,,,,,
2008,COG,0.04,,,,,,
2009,COG,0.04,,,,,,
2010,COG,0.03,,,,,,
2011,COG,0.02,,,,,,
2012,COG,0.05,,,,,,
2013,COG,0.08,,,,,,
2014,COG,0.15,,,,,,
2015,COG,0.25,,,,,,
2016,COG,0.38,,,,,,
2017,COG,0.42,,,,,,
2018,COG,0.46,,,,,,
2019,COG,0.47,,,,,,
2020,COG,0.47,,,,,,
2000,COL,3.56,,,,,,
2001,COL,2.5,,,,,,
2002,COL,2.23,,,,,,
2003,COL,2.71,,,,,,
2004,COL,2.89,,,,,,
2005,COL,3.71,,,,,,
2006,COL,3.7,,,,,,
2007,COL,4.21,,,,,,
2008,COL,3.93,,,,,,
2009,COL,3.45,,,,,,
2010,COL,3.47,,,,,,
2011,COL,3.79,,,,,,
2012,COL,3.95,,,,,,
2013,COL,3.72,,,,,,
2014,COL,3.93,,,,,,
2015,COL,4.24,,,,,,
2016,COL,4.51,,,,,,
2017,COL,4.64,,,,,,
2018,COL,4.7,,,,,,
2019,COL,4.75,,,,,,
2020,COL,4.81,,,,,,
2000,CRI,0.45,,,,,,
2001,CRI,0.47,,,,,,
2002,CRI,0.46,,,,,,
2003,CRI,0.61,,,,,,
2004,CRI,0.72,,,,,,
2005,CRI,0.75,,,,,,
2006,CRI,0.74,,,,,,
2007,CRI,0.87,,,,,,
2008,CRI,0.77,,,,,,
2009,CRI,0.78,,,,,,
2010,CRI,0.48,,,,,,
2011,CRI,0.53,,,,,,
2012,CRI,0.52,,,,,,
2013,CRI,0.56,,,,,,
2014,CRI,0.58,,,,,,
2015,CRI,0.62,,,,,,
2016,CRI,0.61,,,,,,
2017,CRI,0.69,,,,,,
2018,CRI,0.72,,,,,,
2019,CRI,0.72,,,,,,
2020,CRI,0.73,,,,,,
2000,CUB,0.64,,,,,,
2001,CUB,0.51,,,,,,
2002,CUB,0.51,,,,,,
2003,CUB,0.52,,,,,,
2004,CUB,0.52,,,,,,
2005,CUB,0.59,,,,,,
2006,CUB,0.66,,,,,,
2007,CUB,0.68,,,,,,
2008,CUB,0.63,,,,,,
2009,CUB,0.6,,,,,,
2010,CUB,0.61,,,,,,
2011,CUB,0.66,,,,,,
2012,CUB,0.68,,,,,,
2013,CUB,0.64,,,,,,
2014,CUB,0.61,,,,,,
2015,CUB,0.59,,,,,,
2016,CUB,0.57,,,,,,
2017,CUB,0.55,,,,,,
2018,CUB,0.6,,,,,,
2019,CUB,0.61,,,,,,
2020,CUB,0.61,,,,,,
2000,CYP,0.56,,,,,,
2001,CYP,0.54,,,,,,
2002,CYP,0.57,,,,,,
2003,CYP,0.64,,,,,,
2004,CYP,0.66,,,,,,
2005,CYP,0.69,,,,,,
2006,CYP,0.67,,,,,,
2007,CYP,0.72,,,,,,
2008,CYP,0.74,,,,,,
2009,CYP,0.57,,,,,,
2010,CYP,0.53,,,,,,
2011,CYP,0.46,,,,,,
2012,CYP,0.41,,,,,,
2013,CYP,0.74,,,,,,
2014,CYP,0.95,,,,,,
2015,CYP,0.79,,,,,,
2016,CYP,0.79,,,,,,
2017,CYP,0.83,,,,,,
2018,CYP,0.61,,,,,,
2019,CYP,0.78,,,,,,
2020,CYP,0.79,,,,,,
2000,CZE,1.84,,,,,,
2001,CZE,1.54,,,,,,
2002,CZE,1.33,,,,,,
2003,CZE,1.42,,,,,,
2004,CZE,1.57,,,,,,
2005,CZE,1.58,,,,,,
2006,CZE,1.71,,,,,,
2007,CZE,1.99,,,,,,
2008,CZE,1.95,,,,,,
2009,CZE,1.52,,,,,,
2010,CZE,1.43,,,,,,
2011,CZE,1.63,,,,,,
2012,CZE,1.48,,,,,,
2013,CZE,1.28,,,,,,
2014,CZE,1.45,,,,,,
2015,CZE,1.52,,,,,,
2016,CZE,1.66,,,,,,
2017,CZE,1.69,,,,,,
2018,CZE,1.96,,,,,,
2019,CZE,1.94,,,,,,
2020,CZE,1.96,,,,,,
2000,DEU,14.82,,,,,,
2001,DEU,13.1,,,,,,
2002,DEU,12.46,,,,,,
2003,DEU,13.11,,,,,,
2004,DEU,13.69,,,,,,
2005,DEU,12.68,,,,,,
2006,DEU,12.94,,,,,,
2007,DEU,14.03,,,,,,
2008,DEU,13.2,,,,,,
2009,DEU,12.09,,,,,,
2010,DEU,11.94,,,,,,
2011,DEU,12.88,,,,,,
2012,DEU,12.78,,,,,,
2013,DEU,12.27,,,,,,
2014,DEU,12.65,,,,,,
2015,DEU,12.4,,,,,,
2016,DEU,12.42,,,,,,
2017,DEU,13.16,,,,,,
2018,DEU,12.98,,,,,,
2019,DEU,13.04,,,,,,
2020,DEU,13.18,,,,,,
2013,DJI,0.05,,,,,,
2014,DJI,0.06,,,,,,
2015,DJI,0.06,,,,,,
2016,DJI,0.07,,,,,,
2017,DJI,0.08,,,,,,
2018,DJI,0.08,,,,,,
2019,DJI,0.08,,,,,,
2020,DJI,0.08,,,,,,
2000,DNK,1.27,,,,,,
2001,DNK,1.3,,,,,,
2002,DNK,1.31,,,,,,
2003,DNK,1.23,,,,,,
2004,DNK,1.36,,,,,,
2005,DNK,1.31,,,,,,
2006,DNK,1.37,,,,,,
2007,DNK,1.41,,,,,,
2008,DNK,1.18,,,,,,
2009,DNK,0.78,,,,,,
2010,DNK,0.68,,,,,,
2011,DNK,0.82,,,,,,
2012,DNK,0.85,,,,,,
2013,DNK,0.84,,,,,,
2014,DNK,1.29,,,,,,
2015,DNK,1.43,,,,,,
2016,DNK,1.84,,,,,,
2017,DNK,2.02,,,,,,
2018,DNK,1.8,,,,,,
2019,DNK,1.12,,,,,,
2020,DNK,1.13,,,,,,
2000,DOM,1.22,,,,,,
2001,DOM,1.07,,,,,,
2002,DOM,1.17,,,,,,
2003,DOM,1.06,,,,,,
2004,DOM,1,,,,,,
2005,DOM,1.05,,,,,,
2006,DOM,1.46,,,,,,
2007,DOM,1.55,,,,,,
2008,DOM,1.54,,,,,,
2009,DOM,1.42,,,,,,
2010,DOM,1.53,,,,,,
2011,DOM,1.53,,,,,,
2012,DOM,1.54,,,,,,
2013,DOM,1.63,,,,,,
2014,DOM,1.93,,,,,,
2015,DOM,2,,,,,,
2016,DOM,1.97,,,,,,
2017,DOM,2,,,,,,
2018,DOM,1.99,,,,,,
2019,DOM,2.01,,,,,,
2020,DOM,2.04,,,,,,
2000,DZA,3.44,,,,,,
2001,DZA,3.45,,,,,,
2002,DZA,3.74,,,,,,
2003,DZA,3.74,,,,,,
2004,DZA,3.75,,,,,,
2005,DZA,5.34,,,,,,
2006,DZA,5.85,,,,,,
2007,DZA,6.06,,,,,,
2008,DZA,6.54,,,,,,
2009,DZA,6.62,,,,,,
2010,DZA,6.95,,,,,,
2011,DZA,6.73,,,,,,
2012,DZA,6.73,,,,,,
2013,DZA,6.81,,,,,,
2014,DZA,7.03,,,,,,
2015,DZA,7.43,,,,,,
2016,DZA,9.46,,,,,,
2017,DZA,10.76,,,,,,
2018,DZA,10.74,,,,,,
2019,DZA,10.86,,,,,,
2020,DZA,10.98,,,,,,
2000,ECU,1.02,,,,,,
2001,ECU,1.07,,,,,,
2002,ECU,1.1,,,,,,
2003,ECU,1.14,,,,,,
2004,ECU,1.15,,,,,,
2005,ECU,1.37,,,,,,
2006,ECU,1.52,,,,,,
2007,ECU,1.68,,,,,,
2008,ECU,2.05,,,,,,
2009,ECU,1.99,,,,,,
2010,ECU,1.93,,,,,,
2011,ECU,2.01,,,,,,
2012,ECU,2.18,,,,,,
2013,ECU,2.21,,,,,,
2014,ECU,2.09,,,,,,
2015,ECU,2,,,,,,
2016,ECU,2.02,,,,,,
2017,ECU,2.15,,,,,,
2018,ECU,2.19,,,,,,
2019,ECU,2.21,,,,,,
2020,ECU,2.24,,,,,,
2000,EGY,15.28,,,,,,
2001,EGY,16.24,,,,,,
2002,EGY,18.13,,,,,,
2003,EGY,16.73,,,,,,
2004,EGY,18.2,,,,,,
2005,EGY,20.09,,,,,,
2006,EGY,23.42,,,,,,
2007,EGY,25.73,,,,,,
2008,EGY,18.83,,,,,,
2009,EGY,23.12,,,,,,
2010,EGY,19.62,,,,,,
2011,EGY,19.7,,,,,,
2012,EGY,26,,,,,,
2013,EGY,22.9,,,,,,
2014,EGY,23.54,,,,,,
2015,EGY,24.65,,,,,,
2016,EGY,25.16,,,,,,
2017,EGY,30.45,,,,,,
2018,EGY,38.89,,,,,,
2019,EGY,22.51,,,,,,
2020,EGY,23.95,,,,,,
2000,ERI,0.02,,,,,,
2001,ERI,0.02,,,,,,
2002,ERI,0.02,,,,,,
2003,ERI,0.02,,,,,,
2004,ERI,0.02,,,,,,
2005,ERI,0.02,,,,,,
2006,ERI,0.02,,,,,,
2007,ERI,0.02,,,,,,
2008,ERI,0.02,,,,,,
2009,ERI,0.02,,,,,,
2010,ERI,0.02,,,,,,
2011,ERI,0.07,,,,,,
2012,ERI,0.08,,,,,,
2013,ERI,0.08,,,,,,
2014,ERI,0.08,,,,,,
2015,ERI,0.07,,,,,,
2016,ERI,0.08,,,,,,
2017,ERI,0.08,,,,,,
2018,ERI,0.11,,,,,,
2019,ERI,0.11,,,,,,
2020,ERI,0.11,,,,,,
2000,ESP,14.48,,,,,,
2001,ESP,14.74,,,,,,
2002,ESP,15.26,,,,,,
2003,ESP,15.73,,,,,,
2004,ESP,16.03,,,,,,
2005,ESP,16.5,,,,,,
2006,ESP,16.69,,,,,,
2007,ESP,16.68,,,,,,
2008,ESP,14.19,,,,,,
2009,ESP,11.24,,,,,,
2010,ESP,11.04,,,,,,
2011,ESP,9.49,,,,,,
2012,ESP,8.69,,,,,,
2013,ESP,7.62,,,,,,
2014,ESP,8.81,,,,,,
2015,ESP,9.18,,,,,,
2016,ESP,9.36,,,,,,
2017,ESP,9.33,,,,,,
2018,ESP,9.6,,,,,,
2019,ESP,9.11,,,,,,
2020,ESP,9.21,,,,,,
2000,EST,0.32,,,,,,
2001,EST,0.33,,,,,,
2002,EST,0.31,,,,,,
2003,EST,0.29,,,,,,
2004,EST,0.32,,,,,,
2005,EST,0.33,,,,,,
2006,EST,0.37,,,,,,
2007,EST,0.54,,,,,,
2008,EST,0.54,,,,,,
2009,EST,0.23,,,,,,
2010,EST,0.28,,,,,,
2011,EST,0.37,,,,,,
2012,EST,0.37,,,,,,
2013,EST,0.36,,,,,,
2014,EST,0.37,,,,,,
2015,EST,0.19,,,,,,
2016,EST,0.17,,,,,,
2017,EST,0.27,,,,,,
2018,EST,0.22,,,,,,
2019,EST,0.26,,,,,,
2020,EST,0.26,,,,,,
2000,ETH,0.37,,,,,,
2001,ETH,0.37,,,,,,
2002,ETH,0.37,,,,,,
2003,ETH,0.47,,,,,,
2004,ETH,0.55,,,,,,
2005,ETH,0.65,,,,,,
2006,ETH,0.69,,,,,,
2007,ETH,0.62,,,,,,
2008,ETH,0.69,,,,,,
2009,ETH,0.6,,,,,,
2010,ETH,0.6,,,,,,
2011,ETH,0.74,,,,,,
2012,ETH,1.26,,,,,,
2013,ETH,1.52,,,,,,
2014,ETH,1.8,,,,,,
2015,ETH,2.66,,,,,,
2016,ETH,3.34,,,,,,
2017,ETH,3.6,,,,,,
2018,ETH,3.7,,,,,,
2019,ETH,3.74,,,,,,
2020,ETH,3.78,,,,,,
2000,FIN,0.53,,,,,,
2001,FIN,0.53,,,,,,
2002,FIN,0.51,,,,,,
2003,FIN,0.49,,,,,,
2004,FIN,0.55,,,,,,
2005,FIN,0.58,,,,,,
2006,FIN,0.59,,,,,,
2007,FIN,0.62,,,,,,
2008,FIN,0.66,,,,,,
2009,FIN,0.4,,,,,,
2010,FIN,0.55,,,,,,
2011,FIN,0.59,,,,,,
2012,FIN,0.52,,,,,,
2013,FIN,0.51,,,,,,
2014,FIN,0.49,,,,,,
2015,FIN,0.49,,,,,,
2016,FIN,0.58,,,,,,
2017,FIN,0.54,,,,,,
2018,FIN,0.48,,,,,,
2019,FIN,0.59,,,,,,
2020,FIN,0.6,,,,,,
2000,FJI,0.05,,,,,,
2001,FJI,0.05,,,,,,
2002,FJI,0.05,,,,,,
2003,FJI,0.05,,,,,,
2004,FJI,0.05,,,,,,
2005,FJI,0.07,,,,,,
2006,FJI,0.07,,,,,,
2007,FJI,0.07,,,,,,
2008,FJI,0.07,,,,,,
2009,FJI,0.05,,,,,,
2010,FJI,0.07,,,,,,
2011,FJI,0.07,,,,,,
2012,FJI,0.06,,,,,,
2013,FJI,0.07,,,,,,
2014,FJI,0.07,,,,,,
2015,FJI,0.08,,,,,,
2016,FJI,0.09,,,,,,
2017,FJI,0.06,,,,,,
2018,FJI,0.06,,,,,,
2019,FJI,0.06,,,,,,
2020,FJI,0.06,,,,,,
2000,FRA,8.48,,,,,,
2001,FRA,8.57,,,,,,
2002,FRA,8.56,,,,,,
2003,FRA,8.51,,,,,,
2004,FRA,8.95,,,,,,
2005,FRA,9.03,,,,,,
2006,FRA,9.2,,,,,,
2007,FRA,9.39,,,,,,
2008,FRA,8.78,,,,,,
2009,FRA,7.58,,,,,,
2010,FRA,7.75,,,,,,
2011,FRA,7.92,,,,,,
2012,FRA,7.37,,,,,,
2013,FRA,7.17,,,,,,
2014,FRA,6.84,,,,,,
2015,FRA,6.52,,,,,,
2016,FRA,6.59,,,,,,
2017,FRA,6.43,,,,,,
2018,FRA,6.68,,,,,,
2019,FRA,6.76,,,,,,
2020,FRA,6.84,,,,,,
2000,GAB,0.09,,,,,,
2001,GAB,0.1,,,,,,
2002,GAB,0.11,,,,,,
2003,GAB,0.11,,,,,,
2004,GAB,0.11,,,,,,
2005,GAB,0.11,,,,,,
2006,GAB,0.1,,,,,,
2007,GAB,0.09,,,,,,
2008,GAB,0.09,,,,,,
2009,GAB,0.09,,,,,,
2010,GAB,0.08,,,,,,
2011,GAB,0.08,,,,,,
2012,GAB,0.07,,,,,,
2013,GAB,0.06,,,,,,
2014,GAB,0.06,,,,,,
2015,GAB,0.07,,,,,,
2016,GAB,0.14,,,,,,
2017,GAB,0.14,,,,,,
2018,GAB,0.19,,,,,,
2019,GAB,0.2,,,,,,
2020,GAB,0.2,,,,,,
2000,GBR,5.96,,,,,,
2001,GBR,5.32,,,,,,
2002,GBR,5.39,,,,,,
2003,GBR,5.3,,,,,,
2004,GBR,5.39,,,,,,
2005,GBR,5.23,,,,,,
2006,GBR,5.24,,,,,,
2007,GBR,5.32,,,,,,
2008,GBR,4.53,,,,,,
2009,GBR,3.34,,,,,,
2010,GBR,3.43,,,,,,
2011,GBR,3.69,,,,,,
2012,GBR,3.41,,,,,,
2013,GBR,3.49,,,,,,
2014,GBR,3.74,,,,,,
2015,GBR,3.91,,,,,,
2016,GBR,4.19,,,,,,
2017,GBR,4.07,,,,,,
2018,GBR,4.02,,,,,,
2019,GBR,4.07,,,,,,
2020,GBR,4.12,,,,,,
2000,GEO,0.15,,,,,,
2001,GEO,0.14,,,,,,
2002,GEO,0.15,,,,,,
2003,GEO,0.15,,,,,,
2004,GEO,0.18,,,,,,
2005,GEO,0.19,,,,,,
2006,GEO,0.19,,,,,,
2007,GEO,0.18,,,,,,
2008,GEO,0.19,,,,,,
2009,GEO,0.34,,,,,,
2010,GEO,0.35,,,,,,
2011,GEO,0.64,,,,,,
2012,GEO,0.61,,,,,,
2013,GEO,0.68,,,,,,
2014,GEO,0.68,,,,,,
2015,GEO,0.75,,,,,,
2016,GEO,0.77,,,,,,
2017,GEO,0.88,,,,,,
2018,GEO,0.89,,,,,,
2019,GEO,0.9,,,,,,
2020,GEO,0.91,,,,,,
2000,GHA,0.81,,,,,,
2001,GHA,0.79,,,,,,
2002,GHA,0.79,,,,,,
2003,GHA,0.79,,,,,,
2004,GHA,0.79,,,,,,
2005,GHA,0.75,,,,,,
2006,GHA,0.72,,,,,,
2007,GHA,0.69,,,,,,
2008,GHA,0.68,,,,,,
2009,GHA,0.64,,,,,,
2010,GHA,0.76,,,,,,
2011,GHA,0.89,,,,,,
2012,GHA,1.63,,,,,,
2013,GHA,1.53,,,,,,
2014,GHA,1.49,,,,,,
2015,GHA,1.36,,,,,,
2016,GHA,1.61,,,,,,
2017,GHA,1.52,,,,,,
2018,GHA,1.59,,,,,,
2019,GHA,1.61,,,,,,
2020,GHA,1.63,,,,,,
2000,GIN,0.12,,,,,,
2001,GIN,0.13,,,,,,
2002,GIN,0.15,,,,,,
2003,GIN,0.15,,,,,,
2004,GIN,0.15,,,,,,
2008,GIN,0.14,,,,,,
2009,GIN,0.11,,,,,,
2010,GIN,0.09,,,,,,
2011,GIN,0.13,,,,,,
2012,GIN,0.11,,,,,,
2013,GIN,0.13,,,,,,
2014,GIN,0.14,,,,,,
2015,GIN,0.18,,,,,,
2016,GIN,0.2,,,,,,
2017,GIN,0.2,,,,,,
2018,GIN,0.21,,,,,,
2019,GIN,0.21,,,,,,
2020,GIN,0.21,,,,,,
2000,GLP,0.09,,,,,,
2001,GLP,0.1,,,,,,
2002,GLP,0.09,,,,,,
2003,GLP,0.09,,,,,,
2004,GLP,0.09,,,,,,
2005,GLP,0.09,,,,,,
2006,GLP,0.09,,,,,,
2007,GLP,0.09,,,,,,
2008,GLP,0.11,,,,,,
2009,GLP,0.11,,,,,,
2010,GLP,0.11,,,,,,
2011,GLP,0.11,,,,,,
2012,GLP,0.11,,,,,,
2013,GLP,0.12,,,,,,
2014,GLP,0.12,,,,,,
2015,GLP,0.12,,,,,,
2016,GLP,0.11,,,,,,
2017,GLP,0.11,,,,,,
2018,GLP,0.12,,,,,,
2019,GLP,0.12,,,,,,
2020,GLP,0.12,,,,,,
2000,GRC,6.28,,,,,,
2001,GRC,6.3,,,,,,
2002,GRC,6.08,,,,,,
2003,GRC,6.1,,,,,,
2004,GRC,6.09,,,,,,
2005,GRC,6.49,,,,,,
2006,GRC,6.37,,,,,,
2007,GRC,6.26,,,,,,
2008,GRC,5.91,,,,,,
2009,GRC,4.51,,,,,,
2010,GRC,4.12,,,,,,
2011,GRC,2.38,,,,,,
2012,GRC,3.04,,,,,,
2013,GRC,3.59,,,,,,
2014,GRC,3.75,,,,,,
2015,GRC,3.28,,,,,,
2016,GRC,4.82,,,,,,
2017,GRC,4.85,,,,,,
2018,GRC,4.98,,,,,,
2019,GRC,3.34,,,,,,
2020,GRC,3.38,,,,,,
2000,GTM,0.63,,,,,,
2001,GTM,0.78,,,,,,
2002,GTM,0.69,,,,,,
2003,GTM,0.69,,,,,,
2004,GTM,0.68,,,,,,
2005,GTM,0.9,,,,,,
2006,GTM,0.97,,,,,,
2007,GTM,0.94,,,,,,
2008,GTM,0.92,,,,,,
2009,GTM,0.56,,,,,,
2010,GTM,1.04,,,,,,
2011,GTM,1.09,,,,,,
2012,GTM,1.08,,,,,,
2013,GTM,1.14,,,,,,
2014,GTM,1.34,,,,,,
2015,GTM,1.35,,,,,,
2016,GTM,1.37,,,,,,
2017,GTM,1.41,,,,,,
2018,GTM,1.43,,,,,,
2019,GTM,1.45,,,,,,
2020,GTM,1.47,,,,,,
2000,GUF,0.03,,,,,,
2001,GUF,0.02,,,,,,
2002,GUF,0.02,,,,,,
2003,GUF,0.02,,,,,,
2004,GUF,0.02,,,,,,
2005,GUF,0.02,,,,,,
2006,GUF,0.02,,,,,,
2007,GUF,0.02,,,,,,
2008,GUF,0.02,,,,,,
2009,GUF,0.02,,,,,,
2010,GUF,0.03,,,,,,
2011,GUF,0.03,,,,,,
2012,GUF,0.04,,,,,,
2013,GUF,0.03,,,,,,
2014,GUF,0.03,,,,,,
2015,GUF,0.02,,,,,,
2016,GUF,0.03,,,,,,
2017,GUF,0.03,,,,,,
2018,GUF,0.03,,,,,,
2019,GUF,0.03,,,,,,
2020,GUF,0.03,,,,,,
2014,GUY,0,,,,,0,
2015,GUY,0.03,,,,,,
2016,GUY,0.14,,,,,,
2017,GUY,0.15,,,,,,
2018,GUY,0.15,,,,,,
2019,GUY,0.16,,,,,,
2020,GUY,0.16,,,,,,
2000,HKG,0.51,,,,,,
2001,HKG,0.5,,,,,,
2002,HKG,0.47,,,,,,
2003,HKG,0.45,,,,,,
2004,HKG,0.39,,,,,,
2005,HKG,0.38,,,,,,
2006,HKG,0.37,,,,,,
2007,HKG,0.37,,,,,,
2008,HKG,0.51,,,,,,
2009,HKG,0.38,,,,,,
2010,HKG,0.48,,,,,,
2011,HKG,0.5,,,,,,
2012,HKG,0.52,,,,,,
2013,HKG,0.74,,,,,,
2014,HKG,0.79,,,,,,
2015,HKG,0.79,,,,,,
2016,HKG,0.78,,,,,,
2017,HKG,0.82,,,,,,
2018,HKG,0.85,,,,,,
2019,HKG,0.86,,,,,,
2020,HKG,0.87,,,,,,
2000,HND,0.43,,,,,,
2001,HND,0.51,,,,,,
2002,HND,0.52,,,,,,
2003,HND,0.53,,,,,,
2004,HND,0.68,,,,,,
2005,HND,0.52,,,,,,
2006,HND,0.7,,,,,,
2007,HND,0.68,,,,,,
2008,HND,0.65,,,,,,
2009,HND,0.67,,,,,,
2010,HND,0.6,,,,,,
2011,HND,0.62,,,,,,
2012,HND,0.65,,,,,,
2013,HND,0.65,,,,,,
2014,HND,0.65,,,,,,
2015,HND,0.66,,,,,,
2016,HND,0.65,,,,,,
2017,HND,0.65,,,,,,
2018,HND,0.68,,,,,,
2019,HND,0.69,,,,,,
2020,HND,0.69,,,,,,
2000,HRV,1.24,,,,,,
2001,HRV,1.43,,,,,,
2002,HRV,1.4,,,,,,
2003,HRV,1.4,,,,,,
2004,HRV,1.48,,,,,,
2005,HRV,1.52,,,,,,
2006,HRV,1.62,,,,,,
2007,HRV,1.64,,,,,,
2008,HRV,1.56,,,,,,
2009,HRV,1.27,,,,,,
2010,HRV,1.21,,,,,,
2011,HRV,1.08,,,,,,
2012,HRV,1.03,,,,,,
2013,HRV,1.14,,,,,,
2014,HRV,1.15,,,,,,
2015,HRV,1.07,,,,,,
2016,HRV,1.05,,,,,,
2017,HRV,1.16,,,,,,
2018,HRV,0.93,,,,,,
2019,HRV,1.18,,,,,,
2020,HRV,1.2,,,,,,
2000,HTI,0.09,,,,,,
2001,HTI,0.08,,,,,,
2002,HTI,0.11,,,,,,
2003,HTI,0.11,,,,,,
2004,HTI,0.11,,,,,,
2005,HTI,0.11,,,,,,
2006,HTI,0.12,,,,,,
2007,HTI,0.11,,,,,,
2008,HTI,0.11,,,,,,
2009,HTI,0.11,,,,,,
2010,HTI,0.11,,,,,,
2011,HTI,0.11,,,,,,
2012,HTI,0.03,,,,,,
2013,HTI,0.04,,,,,,
2014,HTI,0.08,,,,,,
2015,HTI,0.08,,,,,,
2016,HTI,0.08,,,,,,
2017,HTI,0.08,,,,,,
2018,HTI,0.08,,,,,,
2019,HTI,0.08,,,,,,
2020,HTI,0.08,,,,,,
2000,HUN,1.32,,,,,,
2001,HUN,1.31,,,,,,
2002,HUN,1.4,,,,,,
2003,HUN,1.4,,,,,,
2004,HUN,1.3,,,,,,
2005,HUN,1.22,,,,,,
2006,HUN,1.32,,,,,,
2007,HUN,1.34,,,,,,
2008,HUN,1.28,,,,,,
2009,HUN,0.98,,,,,,
2010,HUN,0.75,,,,,,
2011,HUN,0.58,,,,,,
2012,HUN,0.69,,,,,,
2013,HUN,0.53,,,,,,
2014,HUN,0.54,,,,,,
2015,HUN,0.62,,,,,,
2016,HUN,0.46,,,,,,
2017,HUN,0.59,,,,,,
2018,HUN,0.6,,,,,,
2019,HUN,0.6,,,,,,
2020,HUN,0.6,,,,,,
2000,IDN,15.07,,,,,,
2001,IDN,16.62,,,,,,
2002,IDN,17.99,,,,,,
2003,IDN,18.07,,,,,,
2004,IDN,17.89,,,,,,
2005,IDN,16.48,,,,,,
2006,IDN,17.36,,,,,,
2007,IDN,18.11,,,,,,
2008,IDN,18.17,,,,,,
2009,IDN,16.94,,,,,,
2010,IDN,16.94,,,,,,
2011,IDN,19,,,,,,
2012,IDN,20.94,,,,,,
2013,IDN,21.83,,,,,,
2014,IDN,21.97,,,,,,
2015,IDN,23.22,,,,,,
2016,IDN,26.09,,,,,,
2017,IDN,29.29,,,,,,
2018,IDN,30.8,,,,,,
2019,IDN,28.67,,,,,,
2020,IDN,29.9,,,,,,
2000,IND,37.53,,,,,,
2001,IND,39.9,,,,,,
2002,IND,45.77,,,,,,
2003,IND,48.22,,,,,,
2004,IND,50.31,,,,,,
2005,IND,52.64,,,,,,
2006,IND,56.64,,,,,,
2007,IND,64.09,,,,,,
2008,IND,66.97,,,,,,
2009,IND,71.55,,,,,,
2010,IND,76.78,,,,,,
2011,IND,81.84,,,,,,
2012,IND,100.17,,,,,,
2013,IND,103.04,,,,,,
2014,IND,93.11,,,,,,
2015,IND,97.52,,,,,,
2016,IND,103.14,,,,,,
2017,IND,102.16,,,,,,
2018,IND,108.13,,,,,,
2019,IND,122.57,,,,,,
2020,IND,121.54,,,,,,
2000,IRL,1.62,,,,,,
2001,IRL,1.76,,,,,,
2002,IRL,1.78,,,,,,
2003,IRL,2.06,,,,,,
2004,IRL,2.23,,,,,,
2005,IRL,2.29,,,,,,
2006,IRL,2.29,,,,,,
2007,IRL,2.31,,,,,,
2008,IRL,2.02,,,,,,
2009,IRL,1.27,,,,,,
2010,IRL,1.07,,,,,,
2011,IRL,0.94,,,,,,
2012,IRL,1.14,,,,,,
2013,IRL,1.07,,,,,,
2014,IRL,1.53,,,,,,
2015,IRL,1.87,,,,,,
2016,IRL,2.11,,,,,,
2017,IRL,2.23,,,,,,
2018,IRL,2.4,,,,,,
2019,IRL,1.8,,,,,,
2020,IRL,1.82,,,,,,
2000,IRN,9.92,,,,,,
2001,IRN,11.12,,,,,,
2002,IRN,12.07,,,,,,
2003,IRN,12.96,,,,,,
2004,IRN,13.78,,,,,,
2005,IRN,14.09,,,,,,
2006,IRN,14.79,,,,,,
2007,IRN,17.34,,,,,,
2008,IRN,19.89,,,,,,
2009,IRN,21.95,,,,,,
2010,IRN,26.78,,,,,,
2011,IRN,27.59,,,,,,
2012,IRN,30,,,,,,
2013,IRN,27.21,,,,,,
2014,IRN,26.28,,,,,,
2015,IRN,23.44,,,,,,
2016,IRN,24.19,,,,,,
2017,IRN,24.32,,,,,,
2018,IRN,25.6,,,,,,
2019,IRN,26.48,,,,,,
2020,IRN,26.48,,,,,,
2000,IRQ,0.83,,,,,,
2001,IRQ,2.51,,,,,,
2002,IRQ,2.88,,,,,,
2003,IRQ,0.81,,,,,,
2004,IRQ,1.07,,,,,,
2005,IRQ,1.29,,,,,,
2006,IRQ,1.47,,,,,,
2007,IRQ,1.9,,,,,,
2008,IRQ,2.89,,,,,,
2009,IRQ,3.07,,,,,,
2010,IRQ,3.51,,,,,,
2011,IRQ,4.18,,,,,,
2012,IRQ,4.27,,,,,,
2013,IRQ,4.75,,,,,,
2014,IRQ,3.55,,,,,,
2015,IRQ,4,,,,,,
2016,IRQ,4.4,,,,,,
2017,IRQ,4.42,,,,,,
2018,IRQ,4.41,,,,,,
2019,IRQ,4.46,,,,,,
2020,IRQ,4.51,,,,,,
2000,ISL,0.06,,,,,,
2001,ISL,0.05,,,,,,
2002,ISL,0.03,,,,,,
2003,ISL,0.04,,,,,,
2004,ISL,0.03,,,,,,
2005,ISL,0.05,,,,,,
2006,ISL,0.05,,,,,,
2007,ISL,0.03,,,,,,
2008,ISL,0.05,,,,,,
2009,ISL,0.05,,,,,,
2010,ISL,0.06,,,,,,
2011,ISL,0.05,,,,,,
2012,ISL,0.06,,,,,,
2000,ISR,2.74,,,,,,
2001,ISR,1.96,,,,,,
2002,ISR,1.93,,,,,,
2003,ISR,1.97,,,,,,
2004,ISR,1.92,,,,,,
2005,ISR,2.19,,,,,,
2006,ISR,2.13,,,,,,
2007,ISR,2.12,,,,,,
2008,ISR,2.16,,,,,,
2009,ISR,2.09,,,,,,
2010,ISR,2.26,,,,,,
2011,ISR,2.29,,,,,,
2012,ISR,2.52,,,,,,
2013,ISR,2.53,,,,,,
2014,ISR,2.6,,,,,,
2015,ISR,2.76,,,,,,
2016,ISR,3.14,,,,,,
2017,ISR,2.81,,,,,,
2018,ISR,2.87,,,,,,
2019,ISR,2.9,,,,,,
2020,ISR,2.93,,,,,,
2000,ITA,15.52,,,,,,
2001,ITA,16.08,,,,,,
2002,ITA,15.98,,,,,,
2003,ITA,16.67,,,,,,
2004,ITA,17.16,,,,,,
2005,ITA,17.25,,,,,,
2006,ITA,17.26,,,,,,
2007,ITA,17.53,,,,,,
2008,ITA,16.17,,,,,,
2009,ITA,13.14,,,,,,
2010,ITA,13.11,,,,,,
2011,ITA,12.52,,,,,,
2012,ITA,10,,,,,,
2013,ITA,8.78,,,,,,
2014,ITA,8.28,,,,,,
2015,ITA,7.63,,,,,,
2016,ITA,7.68,,,,,,
2017,ITA,7.71,,,,,,
2018,ITA,7.71,,,,,,
2019,ITA,7.86,,,,,,
2020,ITA,7.95,,,,,,
2000,JAM,0.2,,,,,,
2001,JAM,0.23,,,,,,
2002,JAM,0.24,,,,,,
2003,JAM,0.23,,,,,,
2004,JAM,0.31,,,,,,
2005,JAM,0.32,,,,,,
2006,JAM,0.29,,,,,,
2007,JAM,0.22,,,,,,
2008,JAM,0.27,,,,,,
2009,JAM,0.27,,,,,,
2010,JAM,0.27,,,,,,
2011,JAM,0.29,,,,,,
2012,JAM,0.28,,,,,,
2013,JAM,0.32,,,,,,
2014,JAM,0.32,,,,,,
2015,JAM,0.31,,,,,,
2016,JAM,0.35,,,,,,
2017,JAM,0.35,,,,,,
2018,JAM,0.35,,,,,,
2019,JAM,0.35,,,,,,
2020,JAM,0.36,,,,,,
2000,JOR,1.1,,,,,,
2001,JOR,1.33,,,,,,
2002,JOR,1.5,,,,,,
2003,JOR,1.5,,,,,,
2004,JOR,1.67,,,,,,
2005,JOR,1.75,,,,,,
2006,JOR,1.66,,,,,,
2007,JOR,1.71,,,,,,
2008,JOR,1.96,,,,,,
2009,JOR,1.7,,,,,,
2010,JOR,1.72,,,,,,
2011,JOR,1.18,,,,,,
2012,JOR,1.73,,,,,,
2013,JOR,1.66,,,,,,
2014,JOR,1.73,,,,,,
2015,JOR,1.8,,,,,,
2016,JOR,2.11,,,,,,
2017,JOR,2.24,,,,,,
2018,JOR,2.26,,,,,,
2019,JOR,2.29,,,,,,
2020,JOR,2.32,,,,,,
2000,JPN,36.17,,,,,,
2001,JPN,35.24,,,,,,
2002,JPN,33.17,,,,,,
2003,JPN,32.61,,,,,,
2004,JPN,31.81,,,,,,
2005,JPN,32.78,,,,,,
2006,JPN,32.43,,,,,,
2007,JPN,31.14,,,,,,
2008,JPN,28.95,,,,,,
2009,JPN,25.59,,,,,,
2010,JPN,24.58,,,,,,
2011,JPN,25.44,,,,,,
2012,JPN,25.95,,,,,,
2013,JPN,27.07,,,,,,
2014,JPN,26.81,,,,,,
2015,JPN,26.15,,,,,,
2016,JPN,26.23,,,,,,
2017,JPN,26.7,,,,,,
2018,JPN,26.51,,,,,,
2019,JPN,25.63,,,,,,
2020,JPN,25.63,,,,,,
2000,KAZ,0.51,,,,,,
2001,KAZ,0.87,,,,,,
2002,KAZ,0.91,,,,,,
2003,KAZ,1.08,,,,,,
2004,KAZ,1.53,,,,,,
2005,KAZ,1.65,,,,,,
2006,KAZ,2.01,,,,,,
2007,KAZ,2.33,,,,,,
2008,KAZ,2.46,,,,,,
2009,KAZ,2.21,,,,,,
2010,KAZ,2.75,,,,,,
2011,KAZ,3.27,,,,,,
2012,KAZ,2.79,,,,,,
2013,KAZ,2.99,,,,,,
2014,KAZ,3.2,,,,,,
2015,KAZ,3.41,,,,,,
2016,KAZ,3.48,,,,,,
2017,KAZ,3.72,,,,,,
2018,KAZ,3.82,,,,,,
2019,KAZ,3.76,,,,,,
2020,KAZ,3.8,,,,,,
2000,KEN,0.48,,,,,,
2001,KEN,0.55,,,,,,
2002,KEN,0.61,,,,,,
2003,KEN,0.69,,,,,,
2004,KEN,0.75,,,,,,
2005,KEN,0.88,,,,,,
2006,KEN,0.86,,,,,,
2007,KEN,0.97,,,,,,
2008,KEN,1.06,,,,,,
2009,KEN,1.18,,,,,,
2010,KEN,1.35,,,,,,
2011,KEN,1.59,,,,,,
2012,KEN,1.66,,,,,,
2013,KEN,1.72,,,,,,
2014,KEN,1.95,,,,,,
2015,KEN,2.25,,,,,,
2016,KEN,2.7,,,,,,
2017,KEN,2.47,,,,,,
2018,KEN,2.24,,,,,,
2019,KEN,2.27,,,,,,
2020,KEN,2.29,,,,,,
2000,KGZ,0.22,,,,,,
2001,KGZ,0.2,,,,,,
2002,KGZ,0.23,,,,,,
2003,KGZ,0.32,,,,,,
2004,KGZ,0.33,,,,,,
2005,KGZ,0.4,,,,,,
2006,KGZ,0.44,,,,,,
2007,KGZ,0.5,,,,,,
2008,KGZ,0.51,,,,,,
2009,KGZ,0.23,,,,,,
2010,KGZ,0.31,,,,,,
2011,KGZ,0.44,,,,,,
2012,KGZ,0.49,,,,,,
2013,KGZ,0.71,,,,,,
2014,KGZ,0.68,,,,,,
2015,KGZ,0.58,,,,,,
2016,KGZ,0.56,,,,,,
2017,KGZ,0.64,,,,,,
2018,KGZ,0.82,,,,,,
2019,KGZ,0.83,,,,,,
2020,KGZ,0.84,,,,,,
2007,KHM,0.04,,,,,,
2008,KHM,0.36,,,,,,
2009,KHM,0.43,,,,,,
2010,KHM,0.34,,,,,,
2011,KHM,0.38,,,,,,
2012,KHM,0.39,,,,,,
2013,KHM,0.41,,,,,,
2014,KHM,0.54,,,,,,
2015,KHM,0.66,,,,,,
2016,KHM,0.88,,,,,,
2017,KHM,1.44,,,,,,
2018,KHM,2.01,,,,,,
2019,KHM,2.03,,,,,,
2020,KHM,2.05,,,,,,
2000,KOR,27.8,,,,,,
2001,KOR,27.61,,,,,,
2002,KOR,28.86,,,,,,
2003,KOR,30.13,,,,,,
2004,KOR,26.99,,,,,,
2005,KOR,24.98,,,,,,
2006,KOR,26.78,,,,,,
2007,KOR,26.26,,,,,,
2008,KOR,24.4,,,,,,
2009,KOR,23,,,,,,
2010,KOR,20.34,,,,,,
2011,KOR,20.26,,,,,,
2012,KOR,18.74,,,,,,
2013,KOR,18.21,,,,,,
2014,KOR,18.21,,,,,,
2015,KOR,20.19,,,,,,
2016,KOR,23.32,,,,,,
2017,KOR,24.81,,,,,,
2018,KOR,24.41,,,,,,
2019,KOR,24.69,,,,,,
2020,KOR,24.97,,,,,,
2000,KWT,0.64,,,,,,
2001,KWT,0.38,,,,,,
2002,KWT,0.67,,,,,,
2003,KWT,0.79,,,,,,
2004,KWT,1.13,,,,,,
2005,KWT,0.93,,,,,,
2006,KWT,0.92,,,,,,
2007,KWT,0.93,,,,,,
2008,KWT,1.16,,,,,,
2009,KWT,0.88,,,,,,
2010,KWT,0.88,,,,,,
2011,KWT,0.94,,,,,,
2012,KWT,1.02,,,,,,
2013,KWT,1.19,,,,,,
2014,KWT,1.1,,,,,,
2015,KWT,1.24,,,,,,
2016,KWT,1.98,,,,,,
2017,KWT,1.95,,,,,,
2018,KWT,1.99,,,,,,
2019,KWT,2.01,,,,,,
2020,KWT,2.03,,,,,,
2000,LAO,0.05,,,,,,
2001,LAO,0.05,,,,,,
2002,LAO,0.12,,,,,,
2003,LAO,0.13,,,,,,
2004,LAO,0.12,,,,,,
2005,LAO,0.12,,,,,,
2006,LAO,0.2,,,,,,
2007,LAO,0.2,,,,,,
2008,LAO,0.19,,,,,,
2009,LAO,0.46,,,,,,
2010,LAO,0.51,,,,,,
2011,LAO,0.55,,,,,,
2012,LAO,0.6,,,,,,
2013,LAO,0.58,,,,,,
2014,LAO,0.85,,,,,,
2015,LAO,1.2,,,,,,
2016,LAO,1.43,,,,,,
2017,LAO,1.67,,,,,,
2018,LAO,1.64,,,,,,
2019,LAO,1.66,,,,,,
2020,LAO,1.68,,,,,,
2000,LBN,1.17,,,,,,
2001,LBN,1.21,,,,,,
2002,LBN,1.2,,,,,,
2003,LBN,1.28,,,,,,
2004,LBN,1.33,,,,,,
2005,LBN,1.98,,,,,,
2006,LBN,1.84,,,,,,
2007,LBN,2.07,,,,,,
2008,LBN,1.9,,,,,,
2009,LBN,2.15,,,,,,
2010,LBN,2.29,,,,,,
2011,LBN,2.32,,,,,,
2012,LBN,2.27,,,,,,
2013,LBN,2.31,,,,,,
2014,LBN,2.36,,,,,,
2015,LBN,2.2,,,,,,
2016,LBN,2.38,,,,,,
2017,LBN,2.43,,,,,,
2018,LBN,2.47,,,,,,
2019,LBN,2.5,,,,,,
2020,LBN,2.53,,,,,,
2000,LBR,0.01,,,,,0.01,
2001,LBR,0.03,,,,,,
2002,LBR,0.02,,,,,,
2003,LBR,0.01,,,,,,
2004,LBR,0.02,,,,,,
2005,LBR,0.06,,,,,,
2006,LBR,0.06,,,,,,
2007,LBR,0.06,,,,,,
2008,LBR,0.04,,,,,,
2009,LBR,0.03,,,,,,
2010,LBR,0.03,,,,,,
2011,LBR,0.03,,,,,,
2012,LBR,0.04,,,,,,
2013,LBR,0.07,,,,,,
2014,LBR,0.1,,,,,,
2015,LBR,0.11,,,,,,
2016,LBR,0.1,,,,,,
2017,LBR,0.11,,,,,,
2018,LBR,0.12,,,,,,
2019,LBR,0.13,,,,,,
2020,LBR,0.13,,,,,,
2000,LBY,1.25,,,,,,
2001,LBY,1.25,,,,,,
2002,LBY,1.37,,,,,,
2003,LBY,1.46,,,,,,
2004,LBY,1.5,,,,,,
2005,LBY,1.51,,,,,,
2006,LBY,2.11,,,,,,
2007,LBY,1.99,,,,,,
2008,LBY,2.07,,,,,,
2009,LBY,2.3,,,,,,
2010,LBY,2.55,,,,,,
2011,LBY,1.24,,,,,,
2012,LBY,0.71,,,,,,
2013,LBY,0.74,,,,,,
2014,LBY,2.56,,,,,,
2015,LBY,1.84,,,,,,
2016,LBY,1.71,,,,,,
2017,LBY,2.62,,,,,,
2018,LBY,2.47,,,,,,
2019,LBY,2.49,,,,,,
2020,LBY,2.52,,,,,,
2000,LKA,0.55,,,,,,
2001,LKA,0.59,,,,,,
2002,LKA,0.53,,,,,,
2003,LKA,0.59,,,,,,
2004,LKA,0.57,,,,,,
2005,LKA,0.73,,,,,,
2006,LKA,0.79,,,,,,
2007,LKA,0.86,,,,,,
2008,LKA,0.85,,,,,,
2009,LKA,0.87,,,,,,
2010,LKA,0.75,,,,,,
2011,LKA,0.83,,,,,,
2012,LKA,0.83,,,,,,
2013,LKA,0.71,,,,,,
2014,LKA,0.69,,,,,,
2015,LKA,0.82,,,,,,
2016,LKA,0.97,,,,,,
2017,LKA,1.02,,,,,,
2018,LKA,1.03,,,,,,
2019,LKA,1.04,,,,,,
2020,LKA,1.06,,,,,,
2000,LTU,0.28,,,,,,
2001,LTU,0.27,,,,,,
2002,LTU,0.27,,,,,,
2003,LTU,0.27,,,,,,
2004,LTU,0.33,,,,,,
2005,LTU,0.38,,,,,,
2006,LTU,0.5,,,,,,
2007,LTU,0.51,,,,,,
2008,LTU,0.44,,,,,,
2009,LTU,0.27,,,,,,
2010,LTU,0.28,,,,,,
2011,LTU,0.31,,,,,,
2012,LTU,0.38,,,,,,
2013,LTU,0.44,,,,,,
2014,LTU,0.39,,,,,,
2015,LTU,0.5,,,,,,
2016,LTU,0.44,,,,,,
2017,LTU,0.44,,,,,,
2018,LTU,0.55,,,,,,
2019,LTU,0.56,,,,,,
2020,LTU,0.57,,,,,,
2000,LUX,0.5,,,,,,
2001,LUX,0.44,,,,,,
2002,LUX,0.46,,,,,,
2003,LUX,0.4,,,,,,
2004,LUX,0.44,,,,,,
2005,LUX,0.43,,,,,,
2006,LUX,0.43,,,,,,
2007,LUX,0.42,,,,,,
2008,LUX,0.4,,,,,,
2009,LUX,0.37,,,,,,
2010,LUX,0.38,,,,,,
2011,LUX,0.4,,,,,,
2012,LUX,0.39,,,,,,
2013,LUX,0.39,,,,,,
2014,LUX,0.38,,,,,,
2015,LUX,0.35,,,,,,
2016,LUX,0.39,,,,,,
2017,LUX,0.4,,,,,,
2018,LUX,0.39,,,,,,
2019,LUX,0.42,,,,,,
2020,LUX,0.42,,,,,,
2000,LVA,0.25,,,,,,
2001,LVA,0.19,,,,,,
2002,LVA,0.16,,,,,,
2003,LVA,0.17,,,,,,
2004,LVA,0.16,,,,,,
2005,LVA,0.16,,,,,,
2006,LVA,0.15,,,,,,
2007,LVA,0.18,,,,,,
2008,LVA,0.17,,,,,,
2009,LVA,0.18,,,,,,
2010,LVA,0.43,,,,,,
2011,LVA,0.57,,,,,,
2012,LVA,0.59,,,,,,
2013,LVA,0.55,,,,,,
2014,LVA,0.57,,,,,,
2015,LVA,0.48,,,,,,
2016,LVA,0.32,,,,,,
2017,LVA,0.4,,,,,,
2018,LVA,0.51,,,,,,
2019,LVA,0.57,,,,,,
2020,LVA,0.57,,,,,,
2012,MAC,0.19,,,,,,
2013,MAC,0.17,,,,,,
2014,MAC,0.17,,,,,,
2015,MAC,0.17,,,,,,
2016,MAC,0.18,,,,,,
2017,MAC,0.18,,,,,,
2018,MAC,0.2,,,,,,
2019,MAC,0.2,,,,,,
2020,MAC,0.2,,,,,,
2000,MAR,3.36,,,,,,
2001,MAR,4.16,,,,,,
2002,MAR,4.24,,,,,,
2003,MAR,4.33,,,,,,
2004,MAR,4.59,,,,,,
2005,MAR,4.59,,,,,,
2006,MAR,4.38,,,,,,
2007,MAR,4.19,,,,,,
2008,MAR,5.26,,,,,,
2009,MAR,5.13,,,,,,
2010,MAR,5.1,,,,,,
2011,MAR,4.96,,,,,,
2012,MAR,5.76,,,,,,
2013,MAR,6.21,,,,,,
2014,MAR,5.23,,,,,,
2015,MAR,5.31,,,,,,
2016,MAR,5.15,,,,,,
2017,MAR,5.49,,,,,,
2018,MAR,5.6,,,,,,
2019,MAR,5.66,,,,,,
2020,MAR,5.73,,,,,,
2000,MDA,0.1,,,,,,
2001,MDA,0.09,,,,,,
2002,MDA,0.13,,,,,,
2003,MDA,0.11,,,,,,
2004,MDA,0.18,,,,,,
2005,MDA,0.27,,,,,,
2006,MDA,0.34,,,,,,
2007,MDA,0.33,,,,,,
2008,MDA,0.32,,,,,,
2009,MDA,0.27,,,,,,
2010,MDA,0.37,,,,,,
2011,MDA,0.43,,,,,,
2012,MDA,0.48,,,,,,
2013,MDA,0.48,,,,,,
2014,MDA,0.51,,,,,,
2015,MDA,0.45,,,,,,
2016,MDA,0.42,,,,,,
2017,MDA,0.48,,,,,,
2018,MDA,0.51,,,,,,
2019,MDA,0.52,,,,,,
2020,MDA,0.52,,,,,,
2000,MDG,0.02,,,,,,
2001,MDG,0.02,,,,,,
2002,MDG,0.01,,,,,,
2003,MDG,0.03,,,,,,
2004,MDG,0.05,,,,,,
2005,MDG,0.06,,,,,,
2006,MDG,0.06,,,,,,
2007,MDG,0.1,,,,,,
2008,MDG,0.06,,,,,,
2009,MDG,0.05,,,,,,
2010,MDG,0.06,,,,,,
2011,MDG,0.07,,,,,,
2012,MDG,0.08,,,,,,
2013,MDG,0.08,,,,,,
2014,MDG,0.05,,,,,,
2015,MDG,0.05,,,,,,
2016,MDG,0.06,,,,,,
2017,MDG,0.07,,,,,,
2018,MDG,0.08,,,,,,
2019,MDG,0.08,,,,,,
2020,MDG,0.09,,,,,,
2000,MEX,12.39,,,,,,
2001,MEX,12.45,,,,,,
2002,MEX,12.86,,,,,,
2003,MEX,12.84,,,,,,
2004,MEX,13.27,,,,,,
2005,MEX,14.1,,,,,,
2006,MEX,15.63,,,,,,
2007,MEX,15.34,,,,,,
2008,MEX,13.58,,,,,,
2009,MEX,13.02,,,,,,
2010,MEX,12.87,,,,,,
2011,MEX,13.52,,,,,,
2012,MEX,13.53,,,,,,
2013,MEX,11.46,,,,,,
2014,MEX,11.6,,,,,,
2015,MEX,12.76,,,,,,
2016,MEX,14.63,,,,,,
2017,MEX,15.69,,,,,,
2018,MEX,18.24,,,,,,
2019,MEX,18.45,,,,,,
2020,MEX,18.66,,,,,,
2000,MKD,0.23,,,,,,
2001,MKD,0.25,,,,,,
2002,MKD,0.24,,,,,,
2003,MKD,0.3,,,,,,
2004,MKD,0.32,,,,,,
2005,MKD,0.34,,,,,,
2006,MKD,0.35,,,,,,
2007,MKD,0.36,,,,,,
2008,MKD,0.35,,,,,,
2009,MKD,0.35,,,,,,
2010,MKD,0.33,,,,,,
2011,MKD,0.38,,,,,,
2012,MKD,0.26,,,,,,
2013,MKD,0.32,,,,,,
2014,MKD,0.3,,,,,,
2015,MKD,0.29,,,,,,
2016,MKD,0.34,,,,,,
2017,MKD,0.36,,,,,,
2018,MKD,0.37,,,,,,
2019,MKD,0.36,,,,,,
2020,MKD,0.36,,,,,,
2013,MLI,0.15,,,,,,
2014,MLI,0.22,,,,,,
2015,MLI,0.22,,,,,,
2016,MLI,0.23,,,,,,
2017,MLI,0.23,,,,,,
2018,MLI,0.24,,,,,,
2019,MLI,0.24,,,,,,
2020,MLI,0.24,,,,,,
2000,MMR,0.21,,,,,,
2001,MMR,0.2,,,,,,
2002,MMR,0.24,,,,,,
2003,MMR,0.29,,,,,,
2004,MMR,0.26,,,,,,
2005,MMR,0.26,,,,,,
2006,MMR,0.28,,,,,,
2007,MMR,0.31,,,,,,
2008,MMR,0.32,,,,,,
2009,MMR,0.31,,,,,,
2010,MMR,0.23,,,,,,
2011,MMR,0.23,,,,,,
2012,MMR,0.37,,,,,,
2013,MMR,0.43,,,,,,
2014,MMR,0.51,,,,,,
2015,MMR,0.38,,,,,,
2016,MMR,1.06,,,,,,
2017,MMR,2.32,,,,,,
2018,MMR,1.7,,,,,,
2019,MMR,1.72,,,,,,
2020,MMR,1.74,,,,,,
2000,MNG,0.04,,,,,,
2001,MNG,0.03,,,,,,
2002,MNG,0.06,,,,,,
2003,MNG,0.06,,,,,,
2004,MNG,0.02,,,,,,
2005,MNG,0.04,,,,,,
2006,MNG,0.05,,,,,,
2007,MNG,0.07,,,,,,
2008,MNG,0.1,,,,,,
2009,MNG,0.08,,,,,,
2010,MNG,0.11,,,,,,
2011,MNG,0.14,,,,,,
2012,MNG,0.11,,,,,,
2013,MNG,0.11,,,,,,
2014,MNG,0.17,,,,,,
2015,MNG,0.17,,,,,,
2016,MNG,0.18,,,,,,
2017,MNG,0.29,,,,,,
2018,MNG,0.4,,,,,,
2019,MNG,0.4,,,,,,
2020,MNG,0.41,,,,,,
2000,MOZ,0.11,,,,,,
2001,MOZ,0.11,,,,,,
2002,MOZ,0.12,,,,,,
2003,MOZ,0.15,,,,,,
2004,MOZ,0.15,,,,,,
2005,MOZ,0.2,,,,,,
2006,MOZ,0.24,,,,,,
2007,MOZ,0.3,,,,,,
2008,MOZ,0.28,,,,,,
2009,MOZ,0.28,,,,,,
2010,MOZ,0.32,,,,,,
2011,MOZ,0.35,,,,,,
2012,MOZ,0.42,,,,,,
2013,MOZ,0.44,,,,,,
2014,MOZ,0.5,,,,,,
2015,MOZ,0.56,,,,,,
2016,MOZ,0.98,,,,,,
2017,MOZ,0.94,,,,,,
2018,MOZ,0.95,,,,,,
2019,MOZ,0.97,,,,,,
2020,MOZ,0.98,,,,,,
2000,MRT,0.05,,,,,,
2001,MRT,0.08,,,,,,
2002,MRT,0.08,,,,,,
2003,MRT,0.08,,,,,,
2004,MRT,0.13,,,,,,
2005,MRT,0.13,,,,,,
2006,MRT,0.15,,,,,,
2007,MRT,0.16,,,,,,
2008,MRT,0.12,,,,,,
2009,MRT,0.11,,,,,,
2010,MRT,0.2,,,,,,
2011,MRT,0.2,,,,,,
2012,MRT,0.22,,,,,,
2013,MRT,0.23,,,,,,
2014,MRT,0.29,,,,,,
2015,MRT,0.3,,,,,,
2016,MRT,0.25,,,,,,
2017,MRT,0.26,,,,,,
2018,MRT,0.27,,,,,,
2019,MRT,0.27,,,,,,
2020,MRT,0.27,,,,,,
2000,MTQ,0.09,,,,,,
2001,MTQ,0.1,,,,,,
2002,MTQ,0.09,,,,,,
2003,MTQ,0.08,,,,,,
2004,MTQ,0.08,,,,,,
2005,MTQ,0.08,,,,,,
2006,MTQ,0.09,,,,,,
2007,MTQ,0.08,,,,,,
2008,MTQ,0.05,,,,,,
2009,MTQ,0.06,,,,,,
2010,MTQ,0.06,,,,,,
2011,MTQ,0.06,,,,,,
2012,MTQ,0.06,,,,,,
2013,MTQ,0.06,,,,,,
2014,MTQ,0.06,,,,,,
2015,MTQ,0.06,,,,,,
2016,MTQ,0.06,,,,,,
2017,MTQ,0.06,,,,,,
2018,MTQ,0.06,,,,,,
2019,MTQ,0.06,,,,,,
2020,MTQ,0.06,,,,,,
2000,MWI,0.06,,,,,,
2001,MWI,0.08,,,,,,
2002,MWI,0.07,,,,,,
2003,MWI,0.01,,,,,0.01,
2004,MWI,0.05,,,,,,
2005,MWI,0.07,,,,,,
2006,MWI,0.07,,,,,,
2007,MWI,0.07,,,,,,
2008,MWI,0.09,,,,,,
2009,MWI,0.08,,,,,,
2010,MWI,0.07,,,,,,
2011,MWI,0.07,,,,,,
2012,MWI,0.08,,,,,,
2013,MWI,0.08,,,,,,
2014,MWI,0.09,,,,,,
2015,MWI,0.1,,,,,,
2016,MWI,0.17,,,,,,
2017,MWI,0.08,,,,,,
2018,MWI,0.09,,,,,,
2019,MWI,0.09,,,,,,
2020,MWI,0.09,,,,,,
2000,MYS,6.18,,,,,,
2001,MYS,7.33,,,,,,
2002,MYS,7.44,,,,,,
2003,MYS,8.75,,,,,,
2004,MYS,7.8,,,,,,
2005,MYS,8.7,,,,,,
2006,MYS,9.13,,,,,,
2007,MYS,9.81,,,,,,
2008,MYS,9.25,,,,,,
2009,MYS,8.95,,,,,,
2010,MYS,8.48,,,,,,
2011,MYS,8.9,,,,,,
2012,MYS,8.69,,,,,,
2013,MYS,8.26,,,,,,
2014,MYS,9.4,,,,,,
2015,MYS,9.59,,,,,,
2016,MYS,9.4,,,,,,
2017,MYS,7.95,,,,,,
2018,MYS,8.19,,,,,,
2019,MYS,8.29,,,,,,
2020,MYS,8.38,,,,,,
2010,NAM,0,,,,,0,
2011,NAM,0.14,,,,,,
2012,NAM,0.18,,,,,,
2013,NAM,0.22,,,,,,
2014,NAM,0.24,,,,,,
2015,NAM,0.28,,,,,,
2016,NAM,0.31,,,,,,
2017,NAM,0.31,,,,,,
2018,NAM,0.31,,,,,,
2019,NAM,0.31,,,,,,
2020,NAM,0.32,,,,,,
2000,NCL,0.05,,,,,,
2001,NCL,0.05,,,,,,
2002,NCL,0.05,,,,,,
2003,NCL,0.05,,,,,,
2004,NCL,0.05,,,,,,
2005,NCL,0.06,,,,,,
2006,NCL,0.07,,,,,,
2007,NCL,0.07,,,,,,
2008,NCL,0.06,,,,,,
2009,NCL,0.06,,,,,,
2010,NCL,0.07,,,,,,
2011,NCL,0.06,,,,,,
2012,NCL,0.05,,,,,,
2013,NCL,0.05,,,,,,
2014,NCL,0.04,,,,,,
2015,NCL,0.04,,,,,,
2016,NCL,0.05,,,,,,
2017,NCL,0.04,,,,,,
2018,NCL,0.04,,,,,,
2019,NCL,0.04,,,,,,
2020,NCL,0.04,,,,,,
2000,NER,0.02,,,,,,
2001,NER,0.02,,,,,,
2002,NER,0.02,,,,,,
2003,NER,0.02,,,,,,
2004,NER,0.02,,,,,,
2005,NER,0.02,,,,,,
2006,NER,0.03,,,,,,
2007,NER,0.02,,,,,,
2008,NER,0.02,,,,,,
2009,NER,0.01,,,,,,
2010,NER,0.01,,,,,,
2011,NER,0.03,,,,,,
2012,NER,0.03,,,,,,
2013,NER,0.01,,,,,0.01,
2014,NER,0.01,,,,,0.01,
2015,NER,0.02,,,,,,
2016,NER,0.02,,,,,,
2017,NER,0.02,,,,,,
2018,NER,0.02,,,,,,
2019,NER,0.02,,,,,,
2020,NER,0.02,,,,,,
2000,NGA,1.04,,,,,,
2001,NGA,1,,,,,,
2002,NGA,0.87,,,,,,
2003,NGA,0.96,,,,,,
2004,NGA,0.96,,,,,,
2005,NGA,1.13,,,,,,
2006,NGA,1.31,,,,,,
2007,NGA,1.79,,,,,,
2008,NGA,3.76,,,,,,
2009,NGA,3.54,,,,,,
2010,NGA,3.64,,,,,,
2011,NGA,4.25,,,,,,
2012,NGA,5.66,,,,,,
2013,NGA,6.78,,,,,,
2014,NGA,6.64,,,,,,
2015,NGA,7.43,,,,,,
2016,NGA,8.85,,,,,,
2017,NGA,7.6,,,,,,
2018,NGA,8.35,,,,,,
2019,NGA,8.45,,,,,,
2020,NGA,8.54,,,,,,
2000,NIC,0.14,,,,,,
2001,NIC,0.2,,,,,,
2002,NIC,0.21,,,,,,
2003,NIC,0.23,,,,,,
2004,NIC,0.23,,,,,,
2005,NIC,0.2,,,,,,
2006,NIC,0.21,,,,,,
2007,NIC,0.2,,,,,,
2008,NIC,0.19,,,,,,
2009,NIC,0.2,,,,,,
2010,NIC,0.22,,,,,,
2011,NIC,0.27,,,,,,
2012,NIC,0.23,,,,,,
2013,NIC,0.25,,,,,,
2014,NIC,0.27,,,,,,
2015,NIC,0.27,,,,,,
2016,NIC,0.27,,,,,,
2017,NIC,0.34,,,,,,
2018,NIC,0.34,,,,,,
2019,NIC,0.35,,,,,,
2020,NIC,0.35,,,,,,
2000,NLD,0.45,,,,,,
2001,NLD,0.46,,,,,,
2002,NLD,0.47,,,,,,
2003,NLD,0.42,,,,,,
2004,NLD,0.43,,,,,,
2005,NLD,0.43,,,,,,
2006,NLD,0.41,,,,,,
2007,NLD,0.44,,,,,,
2008,NLD,0.43,,,,,,
2009,NLD,0.42,,,,,,
2010,NLD,0.37,,,,,,
2011,NLD,0.35,,,,,,
2012,NLD,0.32,,,,,,
2013,NLD,0.29,,,,,,
2014,NLD,0.29,,,,,,
2015,NLD,0.27,,,,,,
2016,NLD,0.25,,,,,,
2017,NLD,0.29,,,,,,
2018,NLD,0.21,,,,,,
2019,NLD,0.01,,,,,0.01,
2020,NLD,0.01,,,,,0.01,
2000,NOR,0.86,,,,,,
2001,NOR,0.83,,,,,,
2002,NOR,0.85,,,,,,
2003,NOR,0.87,,,,,,
2004,NOR,0.69,,,,,,
2005,NOR,0.76,,,,,,
2006,NOR,0.79,,,,,,
2007,NOR,0.85,,,,,,
2008,NOR,0.8,,,,,,
2009,NOR,0.79,,,,,,
2010,NOR,0.75,,,,,,
2011,NOR,0.74,,,,,,
2012,NOR,0.73,,,,,,
2013,NOR,0.73,,,,,,
2014,NOR,0.72,,,,,,
2015,NOR,0.67,,,,,,
2016,NOR,0.68,,,,,,
2017,NOR,0.71,,,,,,
2018,NOR,0.64,,,,,,
2019,NOR,0.73,,,,,,
2020,NOR,0.74,,,,,,
2000,NPL,0.16,,,,,,
2001,NPL,0.15,,,,,,
2002,NPL,0.15,,,,,,
2003,NPL,0.15,,,,,,
2004,NPL,0.14,,,,,,
2005,NPL,0.14,,,,,,
2006,NPL,0.15,,,,,,
2007,NPL,0.15,,,,,,
2008,NPL,0.14,,,,,,
2009,NPL,0.55,,,,,,
2010,NPL,0.58,,,,,,
2011,NPL,0.88,,,,,,
2012,NPL,1.09,,,,,,
2013,NPL,1.1,,,,,,
2014,NPL,1.13,,,,,,
2015,NPL,1.41,,,,,,
2016,NPL,1.81,,,,,,
2017,NPL,2.17,,,,,,
2018,NPL,3.27,,,,,,
2019,NPL,3.31,,,,,,
2020,NPL,3.35,,,,,,
2000,NZL,0.52,,,,,,
2001,NZL,0.52,,,,,,
2002,NZL,0.54,,,,,,
2003,NZL,0.52,,,,,,
2004,NZL,0.48,,,,,,
2005,NZL,0.56,,,,,,
2006,NZL,0.53,,,,,,
2007,NZL,0.38,,,,,,
2008,NZL,0.38,,,,,,
2009,NZL,0.39,,,,,,
2010,NZL,0.33,,,,,,
2011,NZL,0.33,,,,,,
2012,NZL,0.29,,,,,,
2013,NZL,0.26,,,,,,
2014,NZL,0.27,,,,,,
2015,NZL,0.24,,,,,,
2016,NZL,0.38,,,,,,
2017,NZL,0.15,,,,,,
2018,NZL,0.18,,,,,,
2019,NZL,0.19,,,,,,
2020,NZL,0.19,,,,,,
2000,OMN,0.51,,,,,,
2001,OMN,0.57,,,,,,
2002,OMN,0.72,,,,,,
2003,OMN,0.89,,,,,,
2004,OMN,1.07,,,,,,
2005,OMN,1.16,,,,,,
2006,OMN,1.51,,,,,,
2007,OMN,1.64,,,,,,
2008,OMN,1.79,,,,,,
2009,OMN,1.76,,,,,,
2010,OMN,1.98,,,,,,
2011,OMN,2.09,,,,,,
2012,OMN,2.6,,,,,,
2013,OMN,2.3,,,,,,
2014,OMN,2.01,,,,,,
2015,OMN,2.12,,,,,,
2016,OMN,2.42,,,,,,
2017,OMN,2.52,,,,,,
2018,OMN,2.65,,,,,,
2019,OMN,2.68,,,,,,
2020,OMN,2.71,,,,,,
2000,PAK,5.37,,,,,,
2001,PAK,5.84,,,,,,
2002,PAK,5.72,,,,,,
2003,PAK,6.62,,,,,,
2004,PAK,7.95,,,,,,
2005,PAK,8.26,,,,,,
2006,PAK,10.27,,,,,,
2007,PAK,13.58,,,,,,
2008,PAK,14.54,,,,,,
2009,PAK,13.72,,,,,,
2010,PAK,12.87,,,,,,
2011,PAK,12.18,,,,,,
2012,PAK,12.07,,,,,,
2013,PAK,11.58,,,,,,
2014,PAK,11.63,,,,,,
2015,PAK,11.96,,,,,,
2016,PAK,13.38,,,,,,
2017,PAK,14.06,,,,,,
2018,PAK,14.87,,,,,,
2019,PAK,15.04,,,,,,
2020,PAK,15.21,,,,,,
2000,PAN,0.3,,,,,,
2001,PAN,0.32,,,,,,
2002,PAN,0.3,,,,,,
2003,PAN,0.31,,,,,,
2004,PAN,0.31,,,,,,
2005,PAN,0.39,,,,,,
2006,PAN,0.41,,,,,,
2007,PAN,0.4,,,,,,
2008,PAN,0.67,,,,,,
2009,PAN,0.62,,,,,,
2010,PAN,0.56,,,,,,
2011,PAN,0.67,,,,,,
2012,PAN,0.86,,,,,,
2013,PAN,0.91,,,,,,
2014,PAN,0.84,,,,,,
2015,PAN,0.85,,,,,,
2016,PAN,0.84,,,,,,
2017,PAN,0.72,,,,,,
2018,PAN,0.75,,,,,,
2019,PAN,0.76,,,,,,
2020,PAN,0.77,,,,,,
2000,PER,1.43,,,,,,
2001,PER,1.45,,,,,,
2002,PER,1.46,,,,,,
2003,PER,1.48,,,,,,
2004,PER,1.7,,,,,,
2005,PER,1.9,,,,,,
2006,PER,2.14,,,,,,
2007,PER,2.36,,,,,,
2008,PER,2.59,,,,,,
2009,PER,3.03,,,,,,
2010,PER,3.06,,,,,,
2011,PER,2.99,,,,,,
2012,PER,3.56,,,,,,
2013,PER,3.48,,,,,,
2014,PER,3.38,,,,,,
2015,PER,3.35,,,,,,
2016,PER,3.64,,,,,,
2017,PER,3.76,,,,,,
2018,PER,3.79,,,,,,
2019,PER,3.84,,,,,,
2020,PER,3.88,,,,,,
2000,PHL,6.52,,,,,,
2001,PHL,4.16,,,,,,
2002,PHL,6.19,,,,,,
2003,PHL,6.18,,,,,,
2004,PHL,5.61,,,,,,
2005,PHL,7.94,,,,,,
2006,PHL,5.72,,,,,,
2007,PHL,7.97,,,,,,
2008,PHL,7.01,,,,,,
2009,PHL,7.12,,,,,,
2010,PHL,7.92,,,,,,
2011,PHL,6.94,,,,,,
2012,PHL,9.3,,,,,,
2013,PHL,8.24,,,,,,
2014,PHL,8.8,,,,,,
2015,PHL,9.93,,,,,,
2016,PHL,8.47,,,,,,
2017,PHL,8.65,,,,,,
2018,PHL,8.59,,,,,,
2019,PHL,8.69,,,,,,
2020,PHL,8.79,,,,,,
2010,PNG,0.09,,,,,,
2011,PNG,0.08,,,,,,
2012,PNG,0.08,,,,,,
2013,PNG,0.08,,,,,,
2014,PNG,0.08,,,,,,
2015,PNG,0.08,,,,,,
2016,PNG,0.08,,,,,,
2017,PNG,0.08,,,,,,
2018,PNG,0.08,,,,,,
2019,PNG,0.08,,,,,,
2020,PNG,0.08,,,,,,
2000,POL,6.02,,,,,,
2001,POL,4.84,,,,,,
2002,POL,4.57,,,,,,
2003,POL,4.52,,,,,,
2004,POL,5.01,,,,,,
2005,POL,4.9,,,,,,
2006,POL,5.84,,,,,,
2007,POL,6.84,,,,,,
2008,POL,6.47,,,,,,
2009,POL,5.52,,,,,,
2010,POL,6.12,,,,,,
2011,POL,7.09,,,,,,
2012,POL,6.14,,,,,,
2013,POL,5.64,,,,,,
2014,POL,6.17,,,,,,
2015,POL,5.87,,,,,,
2016,POL,6.28,,,,,,
2017,POL,6.76,,,,,,
2018,POL,7.39,,,,,,
2019,POL,7.37,,,,,,
2020,POL,7.46,,,,,,
2000,PRI,0.55,,,,,,
2001,PRI,0.54,,,,,,
2002,PRI,0.54,,,,,,
2003,PRI,0.57,,,,,,
2004,PRI,0.6,,,,,,
2005,PRI,0.6,,,,,,
2006,PRI,0.6,,,,,,
2007,PRI,0.53,,,,,,
2008,PRI,0.48,,,,,,
2009,PRI,0.35,,,,,,
2010,PRI,0.48,,,,,,
2011,PRI,0.61,,,,,,
2012,PRI,0.73,,,,,,
2013,PRI,0.81,,,,,,
2014,PRI,0.85,,,,,,
2015,PRI,0.86,,,,,,
2016,PRI,0.85,,,,,,
2017,PRI,0.85,,,,,,
2018,PRI,0.85,,,,,,
2019,PRI,0.86,,,,,,
2020,PRI,0.87,,,,,,
2000,PRK,2.17,,,,,,
2001,PRK,2.74,,,,,,
2002,PRK,2.77,,,,,,
2003,PRK,2.82,,,,,,
2004,PRK,2.8,,,,,,
2005,PRK,2.77,,,,,,
2006,PRK,3.06,,,,,,
2007,PRK,3.08,,,,,,
2008,PRK,3.03,,,,,,
2009,PRK,2.94,,,,,,
2010,PRK,2.62,,,,,,
2011,PRK,2.65,,,,,,
2012,PRK,2.58,,,,,,
2013,PRK,2.54,,,,,,
2014,PRK,2.59,,,,,,
2015,PRK,2.6,,,,,,
2016,PRK,2.98,,,,,,
2017,PRK,2.89,,,,,,
2018,PRK,2.83,,,,,,
2019,PRK,2.46,,,,,,
2020,PRK,2.46,,,,,,
2000,PRT,3.82,,,,,,
2001,PRT,3.65,,,,,,
2002,PRT,3.92,,,,,,
2003,PRT,3.63,,,,,,
2004,PRT,4.01,,,,,,
2005,PRT,4.09,,,,,,
2006,PRT,4.04,,,,,,
2007,PRT,4.16,,,,,,
2008,PRT,4.03,,,,,,
2009,PRT,3.21,,,,,,
2010,PRT,3.37,,,,,,
2011,PRT,2.78,,,,,,
2012,PRT,2.54,,,,,,
2013,PRT,2.82,,,,,,
2014,PRT,3.74,,,,,,
2015,PRT,2.93,,,,,,
2016,PRT,2.29,,,,,,
2017,PRT,3.05,,,,,,
2018,PRT,3.23,,,,,,
2019,PRT,2.22,,,,,,
2020,PRT,2.25,,,,,,
2000,PRY,0.24,,,,,,
2001,PRY,0.24,,,,,,
2002,PRY,0.24,,,,,,
2003,PRY,0.24,,,,,,
2004,PRY,0.24,,,,,,
2005,PRY,0.2,,,,,,
2006,PRY,0.22,,,,,,
2007,PRY,0.23,,,,,,
2008,PRY,0.3,,,,,,
2009,PRY,0.22,,,,,,
2010,PRY,0.24,,,,,,
2011,PRY,0.23,,,,,,
2012,PRY,0.29,,,,,,
2013,PRY,0.32,,,,,,
2014,PRY,0.32,,,,,,
2015,PRY,0.39,,,,,,
2016,PRY,0.47,,,,,,
2017,PRY,0.53,,,,,,
2018,PRY,0.53,,,,,,
2019,PRY,0.53,,,,,,
2020,PRY,0.54,,,,,,
2000,QAT,0.44,,,,,,
2001,QAT,0.52,,,,,,
2002,QAT,0.57,,,,,,
2003,QAT,0.6,,,,,,
2004,QAT,0.6,,,,,,
2005,QAT,0.65,,,,,,
2006,QAT,0.66,,,,,,
2007,QAT,1.06,,,,,,
2008,QAT,1.7,,,,,,
2009,QAT,1.8,,,,,,
2010,QAT,1.66,,,,,,
2011,QAT,2.09,,,,,,
2012,QAT,2.35,,,,,,
2013,QAT,2.11,,,,,,
2014,QAT,2.4,,,,,,
2015,QAT,2.75,,,,,,
2016,QAT,3.3,,,,,,
2017,QAT,3.18,,,,,,
2018,QAT,2.91,,,,,,
2019,QAT,2.95,,,,,,
2020,QAT,2.98,,,,,,
2000,REU,0.17,,,,,,
2001,REU,0.16,,,,,,
2002,REU,0.16,,,,,,
2003,REU,0.16,,,,,,
2004,REU,0.16,,,,,,
2005,REU,0.16,,,,,,
2006,REU,0.16,,,,,,
2007,REU,0.15,,,,,,
2008,REU,0.15,,,,,,
2009,REU,0.13,,,,,,
2010,REU,0.11,,,,,,
2011,REU,0.09,,,,,,
2012,REU,0.12,,,,,,
2013,REU,0.14,,,,,,
2014,REU,0.12,,,,,,
2015,REU,0.09,,,,,,
2016,REU,0.07,,,,,,
2017,REU,0.07,,,,,,
2018,REU,0.08,,,,,,
2019,REU,0.08,,,,,,
2020,REU,0.08,,,,,,
2000,ROU,2.61,,,,,,
2001,ROU,2.72,,,,,,
2002,ROU,2.59,,,,,,
2003,ROU,2.6,,,,,,
2004,ROU,2.95,,,,,,
2005,ROU,3.12,,,,,,
2006,ROU,3.6,,,,,,
2007,ROU,3.99,,,,,,
2008,ROU,4.07,,,,,,
2009,ROU,3.02,,,,,,
2010,ROU,2.7,,,,,,
2011,ROU,2.99,,,,,,
2012,ROU,3.05,,,,,,
2013,ROU,2.66,,,,,,
2014,ROU,2.9,,,,,,
2015,ROU,3.28,,,,,,
2016,ROU,3.15,,,,,,
2017,ROU,3.29,,,,,,
2018,ROU,3.52,,,,,,
2019,ROU,3.8,,,,,,
2020,ROU,3.84,,,,,,
2000,RUS,14.94,,,,,,
2001,RUS,15.67,,,,,,
2002,RUS,16.93,,,,,,
2003,RUS,18.45,,,,,,
2004,RUS,20.7,,,,,,
2005,RUS,22.02,,,,,,
2006,RUS,24.29,,,,,,
2007,RUS,27.31,,,,,,
2008,RUS,23.33,,,,,,
2009,RUS,19.54,,,,,,
2010,RUS,22.43,,,,,,
2011,RUS,24.84,,,,,,
2012,RUS,25.98,,,,,,
2013,RUS,26.93,,,,,,
2014,RUS,26.07,,,,,,
2015,RUS,22.79,,,,,,
2016,RUS,20.12,,,,,,
2017,RUS,20.2,,,,,,
2018,RUS,19.78,,,,,,
2019,RUS,19.99,,,,,,
2020,RUS,19.43,,,,,,
2000,RWA,0.03,,,,,,
2001,RWA,0.04,,,,,,
2002,RWA,0.04,,,,,,
2003,RWA,0.04,,,,,,
2004,RWA,0.04,,,,,,
2005,RWA,0.04,,,,,,
2006,RWA,0.04,,,,,,
2007,RWA,0.04,,,,,,
2008,RWA,0.04,,,,,,
2009,RWA,0.03,,,,,,
2010,RWA,0.03,,,,,,
2011,RWA,0.03,,,,,,
2012,RWA,0.04,,,,,,
2013,RWA,0.04,,,,,,
2014,RWA,0.05,,,,,,
2015,RWA,0.06,,,,,,
2016,RWA,0.14,,,,,,
2017,RWA,0.16,,,,,,
2018,RWA,0.16,,,,,,
2019,RWA,0.16,,,,,,
2020,RWA,0.16,,,,,,
2000,SAU,7.51,,,,,,
2001,SAU,8.61,,,,,,
2002,SAU,9.28,,,,,,
2003,SAU,9.78,,,,,,
2004,SAU,10.87,,,,,,
2005,SAU,11.25,,,,,,
2006,SAU,11.35,,,,,,
2007,SAU,12.86,,,,,,
2008,SAU,14.25,,,,,,
2009,SAU,20.19,,,,,,
2010,SAU,18.8,,,,,,
2011,SAU,20.25,,,,,,
2012,SAU,22.77,,,,,,
2013,SAU,22.27,,,,,,
2014,SAU,22.55,,,,,,
2015,SAU,24.76,,,,,,
2016,SAU,24.61,,,,,,
2017,SAU,20.85,,,,,,
2018,SAU,18.62,,,,,,
2019,SAU,18.83,,,,,,
2020,SAU,19.04,,,,,,
2000,SCG,0.85,,,,,,
2001,SCG,0.96,,,,,,
2002,SCG,0.95,,,,,,
2003,SCG,0.99,,,,,,
2004,SCG,1.04,,,,,,
2005,SCG,1.05,,,,,,
2006,SCG,1.14,,,,,,
2007,SCG,1.21,,,,,,
2008,SCG,1.32,,,,,,
2009,SCG,0.83,,,,,,
2010,SCG,1.02,,,,,,
2011,SCG,0.97,,,,,,
2012,SCG,0.22,,,,,,
2013,SCG,0.24,,,,,,
2014,SCG,0.29,,,,,,
2015,SCG,0.27,,,,,,
2016,SCG,0.25,,,,,,
2017,SCG,0.25,,,,,,
2018,SCG,0.25,,,,,,
2019,SCG,0.25,,,,,,
2020,SCG,0.26,,,,,,
2000,SDN,0.06,,,,,,
2001,SDN,0.08,,,,,,
2002,SDN,0.09,,,,,,
2003,SDN,0.11,,,,,,
2004,SDN,0.13,,,,,,
2005,SDN,0.14,,,,,,
2006,SDN,0.08,,,,,,
2007,SDN,0.12,,,,,,
2008,SDN,0.09,,,,,,
2009,SDN,0.22,,,,,,
2010,SDN,0.7,,,,,,
2011,SDN,1.06,,,,,,
2012,SDN,1.24,,,,,,
2013,SDN,1.2,,,,,,
2014,SDN,1.15,,,,,,
2015,SDN,1.31,,,,,,
2016,SDN,1.61,,,,,,
2017,SDN,1.73,,,,,,
2018,SDN,1.61,,,,,,
2019,SDN,1.63,,,,,,
2020,SDN,1.65,,,,,,
2000,SEN,0.42,,,,,,
2001,SEN,0.64,,,,,,
2002,SEN,0.69,,,,,,
2003,SEN,0.7,,,,,,
2004,SEN,0.71,,,,,,
2005,SEN,1.09,,,,,,
2006,SEN,1.15,,,,,,
2007,SEN,1.2,,,,,,
2008,SEN,1.16,,,,,,
2009,SEN,1.18,,,,,,
2010,SEN,1.48,,,,,,
2011,SEN,1.66,,,,,,
2012,SEN,1.66,,,,,,
2013,SEN,1.76,,,,,,
2014,SEN,1.63,,,,,,
2015,SEN,1.63,,,,,,
2016,SEN,2.07,,,,,,
2017,SEN,2.08,,,,,,
2018,SEN,2.15,,,,,,
2019,SEN,2.18,,,,,,
2020,SEN,2.2,,,,,,
2000,SGP,0.58,,,,,,
2001,SGP,0.3,,,,,,
2002,SGP,0.1,,,,,,
2003,SGP,0.07,,,,,,
2000,SLE,0.04,,,,,,
2001,SLE,0.05,,,,,,
2002,SLE,0.06,,,,,,
2003,SLE,0.07,,,,,,
2004,SLE,0.08,,,,,,
2005,SLE,0.07,,,,,,
2006,SLE,0.09,,,,,,
2007,SLE,0.09,,,,,,
2008,SLE,0.1,,,,,,
2009,SLE,0.08,,,,,,
2010,SLE,0.11,,,,,,
2011,SLE,0.11,,,,,,
2012,SLE,0.12,,,,,,
2013,SLE,0.11,,,,,,
2014,SLE,0.11,,,,,,
2015,SLE,0.11,,,,,,
2016,SLE,0.13,,,,,,
2017,SLE,0.13,,,,,,
2018,SLE,0.13,,,,,,
2019,SLE,0.13,,,,,,
2020,SLE,0.13,,,,,,
2000,SLV,0.41,,,,,,
2001,SLV,0.45,,,,,,
2002,SLV,0.51,,,,,,
2003,SLV,0.53,,,,,,
2004,SLV,0.48,,,,,,
2005,SLV,0.42,,,,,,
2006,SLV,0.51,,,,,,
2007,SLV,0.49,,,,,,
2008,SLV,0.48,,,,,,
2009,SLV,0.45,,,,,,
2010,SLV,0.48,,,,,,
2011,SLV,0.5,,,,,,
2012,SLV,0.52,,,,,,
2013,SLV,0.46,,,,,,
2014,SLV,0.38,,,,,,
2015,SLV,0.39,,,,,,
2016,SLV,0.38,,,,,,
2017,SLV,0.38,,,,,,
2018,SLV,0.38,,,,,,
2019,SLV,0.38,,,,,,
2020,SLV,0.39,,,,,,
2000,SUR,0.02,,,,,,
2001,SUR,0.02,,,,,,
2002,SUR,0.02,,,,,,
2003,SUR,0.02,,,,,,
2004,SUR,0.02,,,,,,
2005,SUR,0.02,,,,,,
2006,SUR,0.02,,,,,,
2007,SUR,0.02,,,,,,
2008,SUR,0.02,,,,,,
2009,SUR,0.02,,,,,,
2010,SUR,0.02,,,,,,
2011,SUR,0.03,,,,,,
2012,SUR,0.04,,,,,,
2013,SUR,0.04,,,,,,
2014,SUR,0.02,,,,,,
2015,SUR,0.02,,,,,,
2016,SUR,0.01,,,,,0.01,
2017,SUR,0.01,,,,,,
2018,SUR,0.01,,,,,,
2019,SUR,0.01,,,,,,
2020,SUR,0.01,,,,,,
2000,SVK,1.2,,,,,,
2001,SVK,1.23,,,,,,
2002,SVK,1.17,,,,,,
2003,SVK,0.91,,,,,,
2004,SVK,1.18,,,,,,
2005,SVK,1.23,,,,,,
2006,SVK,1.35,,,,,,
2007,SVK,1.47,,,,,,
2008,SVK,1.58,,,,,,
2009,SVK,1.22,,,,,,
2010,SVK,1.15,,,,,,
2011,SVK,1.27,,,,,,
2012,SVK,1.1,,,,,,
2013,SVK,1.12,,,,,,
2014,SVK,1.25,,,,,,
2015,SVK,1.3,,,,,,
2016,SVK,1.35,,,,,,
2017,SVK,1.4,,,,,,
2018,SVK,1.31,,,,,,
2019,SVK,1.48,,,,,,
2020,SVK,1.5,,,,,,
2000,SVN,0.48,,,,,,
2001,SVN,0.5,,,,,,
2002,SVN,0.44,,,,,,
2003,SVN,0.44,,,,,,
2004,SVN,0.47,,,,,,
2005,SVN,0.48,,,,,,
2006,SVN,0.51,,,,,,
2007,SVN,0.53,,,,,,
2008,SVN,0.59,,,,,,
2009,SVN,0.42,,,,,,
2010,SVN,0.35,,,,,,
2011,SVN,0.31,,,,,,
2012,SVN,0.31,,,,,,
2013,SVN,0.39,,,,,,
2014,SVN,0.42,,,,,,
2015,SVN,0.37,,,,,,
2016,SVN,0.35,,,,,,
2017,SVN,0.39,,,,,,
2018,SVN,0.44,,,,,,
2019,SVN,0.48,,,,,,
2020,SVN,0.49,,,,,,
2000,SWE,1.24,,,,,,
2001,SWE,1.29,,,,,,
2002,SWE,1.23,,,,,,
2003,SWE,1.16,,,,,,
2004,SWE,1.24,,,,,,
2005,SWE,1.28,,,,,,
2006,SWE,1.38,,,,,,
2007,SWE,1.3,,,,,,
2008,SWE,1.37,,,,,,
2009,SWE,1.21,,,,,,
2010,SWE,1.28,,,,,,
2011,SWE,1.32,,,,,,
2012,SWE,1.44,,,,,,
2013,SWE,1.35,,,,,,
2014,SWE,1.35,,,,,,
2015,SWE,1.47,,,,,,
2016,SWE,1.48,,,,,,
2017,SWE,1.31,,,,,,
2018,SWE,1.51,,,,,,
2019,SWE,1.32,,,,,,
2020,SWE,1.34,,,,,,
2000,SYR,2,,,,,,
2001,SYR,2.09,,,,,,
2002,SYR,1.97,,,,,,
2003,SYR,2.05,,,,,,
2004,SYR,2.04,,,,,,
2005,SYR,2.03,,,,,,
2006,SYR,2.01,,,,,,
2007,SYR,2.16,,,,,,
2008,SYR,2.39,,,,,,
2009,SYR,2.46,,,,,,
2010,SYR,2.63,,,,,,
2011,SYR,2.09,,,,,,
2012,SYR,2.56,,,,,,
2013,SYR,1.58,,,,,,
2014,SYR,0.73,,,,,,
2015,SYR,0.74,,,,,,
2016,SYR,0.7,,,,,,
2017,SYR,0.71,,,,,,
2018,SYR,0.71,,,,,,
2019,SYR,0.71,,,,,,
2020,SYR,0.72,,,,,,
2012,TCD,0.05,,,,,,
2013,TCD,0.06,,,,,,
2014,TCD,0.07,,,,,,
2015,TCD,0.07,,,,,,
2016,TCD,0.1,,,,,,
2017,TCD,0.12,,,,,,
2018,TCD,0.14,,,,,,
2019,TCD,0.14,,,,,,
2020,TCD,0.14,,,,,,
2000,TGO,0.29,,,,,,
2001,TGO,0.33,,,,,,
2002,TGO,0.33,,,,,,
2003,TGO,0.33,,,,,,
2004,TGO,0.33,,,,,,
2005,TGO,0.33,,,,,,
2006,TGO,0.32,,,,,,
2007,TGO,0.3,,,,,,
2008,TGO,0.48,,,,,,
2009,TGO,0.42,,,,,,
2010,TGO,0.43,,,,,,
2011,TGO,0.41,,,,,,
2012,TGO,0.57,,,,,,
2013,TGO,0.61,,,,,,
2014,TGO,0.56,,,,,,
2015,TGO,0.53,,,,,,
2016,TGO,0.6,,,,,,
2017,TGO,0.6,,,,,,
2018,TGO,0.64,,,,,,
2019,TGO,0.64,,,,,,
2020,TGO,0.65,,,,,,
2000,THA,13.82,,,,,,
2001,THA,14.81,,,,,,
2002,THA,16.48,,,,,,
2003,THA,16.54,,,,,,
2004,THA,17.69,,,,,,
2005,THA,18.42,,,,,,
2006,THA,19.54,,,,,,
2007,THA,17.96,,,,,,
2008,THA,14.96,,,,,,
2009,THA,15.42,,,,,,
2010,THA,12.37,,,,,,
2011,THA,12.72,,,,,,
2012,THA,12.7,,,,,,
2013,THA,15.42,,,,,,
2014,THA,15.58,,,,,,
2015,THA,15.72,,,,,,
2016,THA,18.46,,,,,,
2017,THA,16,,,,,,
2018,THA,17.98,,,,,,
2019,THA,18.19,,,,,,
2020,THA,18.39,,,,,,
2000,TJK,0.02,,,,,,
2001,TJK,0.03,,,,,,
2002,TJK,0.04,,,,,,
2003,TJK,0.07,,,,,,
2004,TJK,0.08,,,,,,
2005,TJK,0.1,,,,,,
2006,TJK,0.12,,,,,,
2007,TJK,0.13,,,,,,
2008,TJK,0.08,,,,,,
2009,TJK,0.08,,,,,,
2010,TJK,0.12,,,,,,
2011,TJK,0.13,,,,,,
2012,TJK,0.09,,,,,,
2013,TJK,0.16,,,,,,
2014,TJK,0.45,,,,,,
2015,TJK,0.55,,,,,,
2016,TJK,0.58,,,,,,
2017,TJK,1.33,,,,,,
2018,TJK,1.64,,,,,,
2019,TJK,1.66,,,,,,
2020,TJK,1.67,,,,,,
2000,TKM,0.19,,,,,,
2001,TKM,0.19,,,,,,
2002,TKM,0.19,,,,,,
2003,TKM,0.19,,,,,,
2004,TKM,0.19,,,,,,
2005,TKM,0.27,,,,,,
2006,TKM,0.33,,,,,,
2007,TKM,0.37,,,,,,
2008,TKM,0.43,,,,,,
2009,TKM,0.43,,,,,,
2010,TKM,0.47,,,,,,
2011,TKM,0.83,,,,,,
2012,TKM,0.94,,,,,,
2013,TKM,1.12,,,,,,
2014,TKM,1.14,,,,,,
2015,TKM,1.29,,,,,,
2016,TKM,1.49,,,,,,
2017,TKM,1.54,,,,,,
2018,TKM,1.62,,,,,,
2019,TKM,1.64,,,,,,
2020,TKM,1.66,,,,,,
2000,TTO,0.29,,,,,,
2001,TTO,0.27,,,,,,
2002,TTO,0.29,,,,,,
2003,TTO,0.29,,,,,,
2004,TTO,0.29,,,,,,
2005,TTO,0.26,,,,,,
2006,TTO,0.34,,,,,,
2007,TTO,0.75,,,,,,
2008,TTO,0.35,,,,,,
2009,TTO,0.32,,,,,,
2010,TTO,0.3,,,,,,
2011,TTO,0.32,,,,,,
2012,TTO,0.24,,,,,,
2013,TTO,0.31,,,,,,
2014,TTO,0.32,,,,,,
2015,TTO,0.32,,,,,,
2016,TTO,0.27,,,,,,
2017,TTO,0.26,,,,,,
2018,TTO,0.25,,,,,,
2019,TTO,0.25,,,,,,
2020,TTO,0.25,,,,,,
2000,TUN,2.35,,,,,,
2001,TUN,2.38,,,,,,
2002,TUN,2.5,,,,,,
2003,TUN,2.51,,,,,,
2004,TUN,2.65,,,,,,
2005,TUN,2.79,,,,,,
2006,TUN,2.76,,,,,,
2007,TUN,2.69,,,,,,
2008,TUN,2.84,,,,,,
2009,TUN,2.66,,,,,,
2010,TUN,2.94,,,,,,
2011,TUN,2.5,,,,,,
2012,TUN,2.56,,,,,,
2013,TUN,2.76,,,,,,
2014,TUN,3.33,,,,,,
2015,TUN,3.49,,,,,,
2016,TUN,3.32,,,,,,
2017,TUN,2.95,,,,,,
2018,TUN,2.93,,,,,,
2019,TUN,2.96,,,,,,
2020,TUN,3,,,,,,
2000,TUR,15.07,,,,,,
2001,TUR,14.93,,,,,,
2002,TUR,15.35,,,,,,
2003,TUR,15.83,,,,,,
2004,TUR,17.03,,,,,,
2005,TUR,18.92,,,,,,
2006,TUR,20.57,,,,,,
2007,TUR,22.47,,,,,,
2008,TUR,24.47,,,,,,
2009,TUR,26.24,,,,,,
2010,TUR,28.86,,,,,,
2011,TUR,30.05,,,,,,
2012,TUR,30.02,,,,,,
2013,TUR,32.6,,,,,,
2014,TUR,33.13,,,,,,
2015,TUR,32.21,,,,,,
2016,TUR,35.29,,,,,,
2017,TUR,36.82,,,,,,
2018,TUR,36.58,,,,,,
2019,TUR,30.06,,,,,,
2020,TUR,34.8,,,,,,
2000,TWN,6.95,,,,,,
2001,TWN,7.08,,,,,,
2002,TWN,7.49,,,,,,
2003,TWN,7.05,,,,,,
2004,TWN,7.2,,,,,,
2005,TWN,7.4,,,,,,
2006,TWN,7.08,,,,,,
2007,TWN,6.94,,,,,,
2008,TWN,6.19,,,,,,
2009,TWN,5.44,,,,,,
2010,TWN,5.36,,,,,,
2011,TWN,5.51,,,,,,
2012,TWN,4.93,,,,,,
2013,TWN,6.9,,,,,,
2014,TWN,6.07,,,,,,
2015,TWN,5.58,,,,,,
2016,TWN,4.98,,,,,,
2017,TWN,4.7,,,,,,
2018,TWN,4.64,,,,,,
2019,TWN,4.7,,,,,,
2020,TWN,4.75,,,,,,
2000,TZA,0.35,,,,,,
2001,TZA,0.37,,,,,,
2002,TZA,0.43,,,,,,
2003,TZA,0.5,,,,,,
2004,TZA,0.53,,,,,,
2005,TZA,0.57,,,,,,
2006,TZA,0.55,,,,,,
2007,TZA,0.62,,,,,,
2008,TZA,0.66,,,,,,
2009,TZA,0.69,,,,,,
2010,TZA,0.84,,,,,,
2011,TZA,0.85,,,,,,
2012,TZA,0.91,,,,,,
2013,TZA,0.8,,,,,,
2014,TZA,0.93,,,,,,
2015,TZA,1.11,,,,,,
2016,TZA,1.64,,,,,,
2017,TZA,1.68,,,,,,
2018,TZA,1.79,,,,,,
2019,TZA,1.81,,,,,,
2020,TZA,1.83,,,,,,
2000,UGA,0.15,,,,,,
2001,UGA,0.18,,,,,,
2002,UGA,0.21,,,,,,
2003,UGA,0.21,,,,,,
2004,UGA,0.23,,,,,,
2005,UGA,0.26,,,,,,
2006,UGA,0.25,,,,,,
2007,UGA,0.25,,,,,,
2008,UGA,0.45,,,,,,
2009,UGA,0.41,,,,,,
2010,UGA,0.49,,,,,,
2011,UGA,0.59,,,,,,
2012,UGA,0.63,,,,,,
2013,UGA,0.69,,,,,,
2014,UGA,0.71,,,,,,
2015,UGA,0.83,,,,,,
2016,UGA,1,,,,,,
2017,UGA,1,,,,,,
2018,UGA,0.99,,,,,,
2019,UGA,1.01,,,,,,
2020,UGA,1.02,,,,,,
2000,UKR,2.2,,,,,,
2001,UKR,2.42,,,,,,
2002,UKR,2.75,,,,,,
2003,UKR,3.52,,,,,,
2004,UKR,4.22,,,,,,
2005,UKR,4.78,,,,,,
2006,UKR,5.45,,,,,,
2007,UKR,6.12,,,,,,
2008,UKR,6.23,,,,,,
2009,UKR,2.62,,,,,,
2010,UKR,2.9,,,,,,
2011,UKR,3.89,,,,,,
2012,UKR,3.27,,,,,,
2013,UKR,3.33,,,,,,
2014,UKR,3.15,,,,,,
2015,UKR,3.15,,,,,,
2016,UKR,3.48,,,,,,
2017,UKR,3.39,,,,,,
2018,UKR,3.56,,,,,,
2019,UKR,3.89,,,,,,
2020,UKR,3.93,,,,,,
2000,URY,0.26,,,,,,
2001,URY,0.37,,,,,,
2002,URY,0.37,,,,,,
2003,URY,0.39,,,,,,
2004,URY,0.39,,,,,,
2005,URY,0.23,,,,,,
2006,URY,0.23,,,,,,
2007,URY,0.23,,,,,,
2008,URY,0.23,,,,,,
2009,URY,0.39,,,,,,
2010,URY,0.3,,,,,,
2011,URY,0.34,,,,,,
2012,URY,0.32,,,,,,
2013,URY,0.28,,,,,,
2014,URY,0.26,,,,,,
2015,URY,0.28,,,,,,
2016,URY,0.27,,,,,,
2017,URY,0.31,,,,,,
2018,URY,0.31,,,,,,
2019,URY,0.31,,,,,,
2020,URY,0.31,,,,,,
2000,USA,34.8,,,,,,
2001,USA,35.19,,,,,,
2002,USA,33.8,,,,,,
2003,USA,36.75,,,,,,
2004,USA,35.65,,,,,,
2005,USA,36.94,,,,,,
2006,USA,36.04,,,,,,
2007,USA,45.46,,,,,,
2008,USA,41.42,,,,,,
2009,USA,29.59,,,,,,
2010,USA,31.45,,,,,,
2011,USA,32.19,,,,,,
2012,USA,35.26,,,,,,
2013,USA,36.37,,,,,,
2014,USA,40.48,,,,,,
2015,USA,41.03,,,,,,
2016,USA,39.42,,,,,,
2017,USA,40.3,,,,,,
2018,USA,38.95,,,,,,
2019,USA,40.87,,,,,,
2020,USA,41.08,,,,,,
2000,UZB,1.52,,,,,,
2001,UZB,1.72,,,,,,
2002,UZB,1.7,,,,,,
2003,UZB,1.69,,,,,,
2004,UZB,2.01,,,,,,
2005,UZB,2.1,,,,,,
2006,UZB,2.35,,,,,,
2007,UZB,2.66,,,,,,
2008,UZB,2.79,,,,,,
2009,UZB,2.66,,,,,,
2010,UZB,2.83,,,,,,
2011,UZB,2.87,,,,,,
2012,UZB,2.69,,,,,,
2013,UZB,2.96,,,,,,
2014,UZB,2.89,,,,,,
2015,UZB,3.09,,,,,,
2016,UZB,3.51,,,,,,
2017,UZB,3.63,,,,,,
2018,UZB,3.66,,,,,,
2019,UZB,3.7,,,,,,
2020,UZB,3.75,,,,,,
2000,VEN,3.14,,,,,,
2001,VEN,3.18,,,,,,
2002,VEN,2.58,,,,,,
2003,VEN,2.84,,,,,,
2004,VEN,3.33,,,,,,
2005,VEN,2.16,,,,,,
2006,VEN,2.66,,,,,,
2007,VEN,3.41,,,,,,
2008,VEN,3.01,,,,,,
2009,VEN,2.95,,,,,,
2010,VEN,2.6,,,,,,
2011,VEN,2.73,,,,,,
2012,VEN,3.06,,,,,,
2013,VEN,2.93,,,,,,
2014,VEN,2.52,,,,,,
2015,VEN,2.64,,,,,,
2016,VEN,2.63,,,,,,
2017,VEN,3.03,,,,,,
2018,VEN,2.64,,,,,,
2019,VEN,2.67,,,,,,
2020,VEN,2.7,,,,,,
2000,VNM,7.21,,,,,,
2001,VNM,8.55,,,,,,
2002,VNM,10.97,,,,,,
2003,VNM,12.27,,,,,,
2004,VNM,12.57,,,,,,
2005,VNM,14.97,,,,,,
2006,VNM,16.22,,,,,,
2007,VNM,18.66,,,,,,
2008,VNM,18.88,,,,,,
2009,VNM,22.4,,,,,,
2010,VNM,23.94,,,,,,
2011,VNM,24.47,,,,,,
2012,VNM,22.54,,,,,,
2013,VNM,22.14,,,,,,
2014,VNM,23.6,,,,,,
2015,VNM,26.25,,,,,,
2016,VNM,31.33,,,,,,
2017,VNM,33.34,,,,,,
2018,VNM,36.94,,,,,,
2019,VNM,39.73,,,,,,
2020,VNM,39.32,,,,,,
2000,YEM,0.58,,,,,,
2001,YEM,0.62,,,,,,
2002,YEM,0.66,,,,,,
2003,YEM,0.65,,,,,,
2004,YEM,0.66,,,,,,
2005,YEM,0.67,,,,,,
2006,YEM,0.62,,,,,,
2007,YEM,0.73,,,,,,
2008,YEM,0.95,,,,,,
2009,YEM,0.93,,,,,,
2010,YEM,0.82,,,,,,
2011,YEM,0.4,,,,,,
2012,YEM,1.18,,,,,,
2013,YEM,1.31,,,,,,
2014,YEM,1.26,,,,,,
2015,YEM,1.01,,,,,,
2016,YEM,1.06,,,,,,
2017,YEM,0.86,,,,,,
2018,YEM,0.87,,,,,,
2019,YEM,0.88,,,,,,
2020,YEM,0.89,,,,,,
2000,ZAF,3.31,,,,,,
2001,ZAF,3.34,,,,,,
2002,ZAF,3.55,,,,,,
2003,ZAF,3.69,,,,,,
2004,ZAF,5.13,,,,,,
2005,ZAF,4.8,,,,,,
2006,ZAF,5.05,,,,,,
2007,ZAF,5.22,,,,,,
2008,ZAF,5.08,,,,,,
2009,ZAF,4.18,,,,,,
2010,ZAF,3.96,,,,,,
2011,ZAF,3.98,,,,,,
2012,ZAF,4.09,,,,,,
2013,ZAF,4.12,,,,,,
2014,ZAF,4.01,,,,,,
2015,ZAF,4.6,,,,,,
2016,ZAF,5.23,,,,,,
2017,ZAF,5.6,,,,,,
2018,ZAF,5.96,,,,,,
2019,ZAF,6.03,,,,,,
2020,ZAF,6.1,,,,,,
2000,ZMB,0.16,,,,,,
2001,ZMB,0.09,,,,,,
2002,ZMB,0.1,,,,,,
2003,ZMB,0.15,,,,,,
2004,ZMB,0.2,,,,,,
2005,ZMB,0.18,,,,,,
2006,ZMB,0.26,,,,,,
2007,ZMB,0.25,,,,,,
2008,ZMB,0.21,,,,,,
2009,ZMB,0.31,,,,,,
2010,ZMB,0.41,,,,,,
2011,ZMB,0.44,,,,,,
2012,ZMB,0.57,,,,,,
2013,ZMB,0.61,,,,,,
2014,ZMB,0.63,,,,,,
2015,ZMB,0.64,,,,,,
2016,ZMB,0.8,,,,,,
2017,ZMB,0.88,,,,,,
2018,ZMB,1.09,,,,,,
2019,ZMB,1.11,,,,,,
2020,ZMB,1.12,,,,,,
2000,ZWE,0.42,,,,,,
2001,ZWE,0.33,,,,,,
2002,ZWE,0.25,,,,,,
2003,ZWE,0.17,,,,,,
2004,ZWE,0.17,,,,,,
2005,ZWE,0.25,,,,,,
2006,ZWE,0.28,,,,,,
2007,ZWE,0.15,,,,,,
2008,ZWE,0.15,,,,,,
2009,ZWE,0.25,,,,,,
2010,ZWE,0.29,,,,,,
2011,ZWE,0.35,,,,,,
2012,ZWE,0.52,,,,,,
2013,ZWE,0.4,,,,,,
2014,ZWE,0.42,,,,,,
2015,ZWE,0.53,,,,,,
2016,ZWE,0.66,,,,,,
2017,ZWE,0.7,,,,,,
2018,ZWE,0.72,,,,,,
2019,ZWE,0.72,,,,,,
2020,ZWE,0.73,,,,,,
