year,geo,value,projections,benchmark_low,benchmark_mid,benchmark_high
2000,WLD,35,,,,
2001,WLD,35,,,,
2002,WLD,34,,,,
2003,WLD,34,,,,
2004,WLD,34,,,,
2005,WLD,34,,,,
2006,WLD,33,,,,
2007,WLD,33,,,,
2008,WLD,33,,,,
2009,WLD,33,,,,
2010,WLD,33,,,,
2011,WLD,34,,,,
2012,WLD,35,,,,
2013,WLD,35,,,,
2014,WLD,36,,,,
2015,WLD,37,,,,
2016,WLD,38,,,,
2017,WLD,39,,,,
2018,WLD,40,,,,
2019,WLD,41,,,,
2020,WLD,43,,,,
2021,WLD,45,,,,
2022,WLD,46,,,,
2023,WLD,49,,,,
2024,WLD,52,,,,
2025,WLD,,56,,,
2026,WLD,,57,,,
2027,WLD,,59,,,
2000,ABW,0,,,,
2001,ABW,0,,,,
2002,ABW,0,,,,
2003,ABW,0,,,,
2004,ABW,0,,,,
2005,ABW,0,,,,
2006,ABW,0,,,,
2007,ABW,0,,,,
2008,ABW,0,,,,
2009,ABW,13,,,,
2010,ABW,13,,,,
2011,ABW,13,,,,
2012,ABW,11,,,,
2013,ABW,11,,,,
2014,ABW,11,,,,
2015,ABW,14,,,,
2016,ABW,14,,,,
2017,ABW,14,,,,
2018,ABW,14,,,,
2019,ABW,13,,,,
2020,ABW,13,,,,
2021,ABW,13,,,,
2022,ABW,15,,,,
2000,AFG,86,,,,
2001,AFG,86,,,,
2002,AFG,86,,,,
2003,AFG,83,,,,
2004,AFG,79,,,,
2005,AFG,79,,,,
2006,AFG,80,,,,
2007,AFG,80,,,,
2008,AFG,78,,,,
2009,AFG,62,,,,
2010,AFG,59,,,,
2011,AFG,51,,,,
2012,AFG,55,,,,
2013,AFG,56,,,,
2014,AFG,56,,,,
2015,AFG,56,,,,
2016,AFG,59,,,,
2017,AFG,61,,,,
2018,AFG,61,,,,
2019,AFG,59,,,,
2020,AFG,59,,,,
2021,AFG,60,,,,
2022,AFG,65,,,,
2023,AFG,65,,,,
2000,AGO,62,,,,
2001,AGO,55,,,,
2002,AGO,55,,,,
2003,AGO,55,,,,
2004,AGO,71,,,,
2005,AGO,71,,,,
2006,AGO,71,,,,
2007,AGO,77,,,,
2008,AGO,77,,,,
2009,AGO,77,,,,
2010,AGO,67,,,,
2011,AGO,59,,,,
2012,AGO,51,,,,
2013,AGO,44,,,,
2014,AGO,44,,,,
2015,AGO,43,,,,
2016,AGO,56,,,,
2017,AGO,51,,,,
2018,AGO,57,,,,
2019,AGO,59,,,,
2020,AGO,62,,,,
2021,AGO,62,,,,
2022,AGO,63,,,,
2023,AGO,63,,,,
2000,ALB,88,,,,
2001,ALB,88,,,,
2002,ALB,88,,,,
2003,ALB,88,,,,
2004,ALB,88,,,,
2005,ALB,88,,,,
2006,ALB,88,,,,
2007,ALB,88,,,,
2008,ALB,100,,,,
2009,ALB,100,,,,
2010,ALB,100,,,,
2011,ALB,100,,,,
2012,ALB,94,,,,
2013,ALB,95,,,,
2014,ALB,95,,,,
2015,ALB,95,,,,
2016,ALB,95,,,,
2017,ALB,95,,,,
2018,ALB,95,,,,
2019,ALB,96,,,,
2020,ALB,96,,,,
2021,ALB,96,,,,
2022,ALB,96,,,,
2023,ALB,96,,,,
2000,ARE,0,,,,
2001,ARE,0,,,,
2002,ARE,0,,,,
2003,ARE,0,,,,
2004,ARE,0,,,,
2005,ARE,0,,,,
2006,ARE,0,,,,
2007,ARE,0,,,,
2008,ARE,0,,,,
2009,ARE,0,,,,
2010,ARE,0,,,,
2011,ARE,0,,,,
2012,ARE,0,,,,
2013,ARE,0,,,,
2014,ARE,0,,,,
2015,ARE,0,,,,
2016,ARE,0,,,,
2017,ARE,1,,,,
2018,ARE,2,,,,
2019,ARE,5,,,,
2020,ARE,9,,,,
2021,ARE,10,,,,
2022,ARE,14,,,,
2023,ARE,20,,,,
2024,ARE,22,,,,
2000,ARG,50,,,,
2001,ARG,46,,,,
2002,ARG,46,,,,
2003,ARG,46,,,,
2004,ARG,44,,,,
2005,ARG,43,,,,
2006,ARG,42,,,,
2007,ARG,41,,,,
2008,ARG,39,,,,
2009,ARG,41,,,,
2010,ARG,35,,,,
2011,ARG,34,,,,
2012,ARG,34,,,,
2013,ARG,35,,,,
2014,ARG,36,,,,
2015,ARG,37,,,,
2016,ARG,37,,,,
2017,ARG,36,,,,
2018,ARG,37,,,,
2019,ARG,38,,,,
2020,ARG,39,,,,
2021,ARG,40,,,,
2022,ARG,40,,,,
2023,ARG,40,,,,
2024,ARG,39,,,,
2000,ARM,61,,,,
2001,ARM,61,,,,
2002,ARM,64,,,,
2003,ARM,64,,,,
2004,ARM,61,,,,
2005,ARM,62,,,,
2006,ARM,62,,,,
2007,ARM,62,,,,
2008,ARM,62,,,,
2009,ARM,63,,,,
2010,ARM,57,,,,
2011,ARM,58,,,,
2012,ARM,51,,,,
2013,ARM,52,,,,
2014,ARM,52,,,,
2015,ARM,52,,,,
2016,ARM,52,,,,
2017,ARM,53,,,,
2018,ARM,53,,,,
2019,ARM,53,,,,
2020,ARM,54,,,,
2021,ARM,52,,,,
2022,ARM,53,,,,
2023,ARM,55,,,,
2024,ARM,56,,,,
2000,ASM,0,,,,
2001,ASM,0,,,,
2002,ASM,0,,,,
2003,ASM,0,,,,
2004,ASM,0,,,,
2005,ASM,0,,,,
2006,ASM,0,,,,
2007,ASM,0,,,,
2008,ASM,0,,,,
2009,ASM,0,,,,
2010,ASM,0,,,,
2011,ASM,0,,,,
2012,ASM,0,,,,
2013,ASM,0,,,,
2014,ASM,0,,,,
2015,ASM,0,,,,
2016,ASM,0,,,,
2017,ASM,0,,,,
2018,ASM,20,,,,
2019,ASM,0,,,,
2020,ASM,0,,,,
2021,ASM,0,,,,
2022,ASM,17,,,,
2023,ASM,17,,,,
2000,ATG,0,,,,
2001,ATG,0,,,,
2002,ATG,0,,,,
2003,ATG,0,,,,
2004,ATG,0,,,,
2005,ATG,0,,,,
2006,ATG,0,,,,
2007,ATG,0,,,,
2008,ATG,0,,,,
2009,ATG,0,,,,
2010,ATG,0,,,,
2011,ATG,0,,,,
2012,ATG,0,,,,
2013,ATG,0,,,,
2014,ATG,0,,,,
2015,ATG,0,,,,
2016,ATG,0,,,,
2017,ATG,0,,,,
2018,ATG,13,,,,
2019,ATG,11,,,,
2020,ATG,11,,,,
2021,ATG,14,,,,
2022,ATG,14,,,,
2023,ATG,25,,,,
2000,AUS,16,,,,
2001,AUS,16,,,,
2002,AUS,15,,,,
2003,AUS,16,,,,
2004,AUS,16,,,,
2005,AUS,18,,,,
2006,AUS,18,,,,
2007,AUS,18,,,,
2008,AUS,18,,,,
2009,AUS,18,,,,
2010,AUS,18,,,,
2011,AUS,19,,,,
2012,AUS,21,,,,
2013,AUS,23,,,,
2014,AUS,25,,,,
2015,AUS,24,,,,
2016,AUS,26,,,,
2017,AUS,29,,,,
2018,AUS,34,,,,
2019,AUS,39,,,,
2020,AUS,43,,,,
2021,AUS,45,,,,
2022,AUS,49,,,,
2023,AUS,52,,,,
2024,AUS,55,,,,
2000,AUT,81,,,,
2001,AUT,79,,,,
2002,AUT,79,,,,
2003,AUT,76,,,,
2004,AUT,76,,,,
2005,AUT,77,,,,
2006,AUT,79,,,,
2007,AUT,80,,,,
2008,AUT,79,,,,
2009,AUT,74,,,,
2010,AUT,74,,,,
2011,AUT,75,,,,
2012,AUT,72,,,,
2013,AUT,73,,,,
2014,AUT,74,,,,
2015,AUT,76,,,,
2016,AUT,77,,,,
2017,AUT,77,,,,
2018,AUT,78,,,,
2019,AUT,79,,,,
2020,AUT,79,,,,
2021,AUT,80,,,,
2022,AUT,81,,,,
2023,AUT,83,,,,
2024,AUT,84,,,,
2000,AZE,28,,,,
2001,AZE,27,,,,
2002,AZE,24,,,,
2003,AZE,25,,,,
2004,AZE,25,,,,
2005,AZE,25,,,,
2006,AZE,25,,,,
2007,AZE,23,,,,
2008,AZE,22,,,,
2009,AZE,19,,,,
2010,AZE,19,,,,
2011,AZE,19,,,,
2012,AZE,19,,,,
2013,AZE,18,,,,
2014,AZE,18,,,,
2015,AZE,18,,,,
2016,AZE,19,,,,
2017,AZE,19,,,,
2018,AZE,20,,,,
2019,AZE,19,,,,
2020,AZE,19,,,,
2021,AZE,19,,,,
2022,AZE,18,,,,
2023,AZE,22,,,,
2024,AZE,23,,,,
2000,BDI,83,,,,
2001,BDI,83,,,,
2002,BDI,83,,,,
2003,BDI,83,,,,
2004,BDI,83,,,,
2005,BDI,83,,,,
2006,BDI,83,,,,
2007,BDI,83,,,,
2008,BDI,83,,,,
2009,BDI,83,,,,
2010,BDI,83,,,,
2011,BDI,71,,,,
2012,BDI,71,,,,
2013,BDI,71,,,,
2014,BDI,71,,,,
2015,BDI,71,,,,
2016,BDI,71,,,,
2017,BDI,50,,,,
2018,BDI,50,,,,
2019,BDI,50,,,,
2020,BDI,50,,,,
2021,BDI,55,,,,
2022,BDI,58,,,,
2023,BDI,58,,,,
2000,BEL,35,,,,
2001,BEL,36,,,,
2002,BEL,36,,,,
2003,BEL,37,,,,
2004,BEL,37,,,,
2005,BEL,38,,,,
2006,BEL,39,,,,
2007,BEL,40,,,,
2008,BEL,40,,,,
2009,BEL,43,,,,
2010,BEL,47,,,,
2011,BEL,49,,,,
2012,BEL,53,,,,
2013,BEL,58,,,,
2014,BEL,59,,,,
2015,BEL,60,,,,
2016,BEL,63,,,,
2017,BEL,64,,,,
2018,BEL,66,,,,
2019,BEL,68,,,,
2020,BEL,70,,,,
2021,BEL,71,,,,
2022,BEL,71,,,,
2023,BEL,72,,,,
2024,BEL,74,,,,
2000,BEN,0,,,,
2001,BEN,0,,,,
2002,BEN,0,,,,
2003,BEN,0,,,,
2004,BEN,0,,,,
2005,BEN,0,,,,
2006,BEN,0,,,,
2007,BEN,0,,,,
2008,BEN,0,,,,
2009,BEN,0,,,,
2010,BEN,0,,,,
2011,BEN,0,,,,
2012,BEN,0,,,,
2013,BEN,0,,,,
2014,BEN,0,,,,
2015,BEN,0,,,,
2016,BEN,0,,,,
2017,BEN,0,,,,
2018,BEN,0,,,,
2019,BEN,0,,,,
2020,BEN,0,,,,
2021,BEN,3,,,,
2022,BEN,9,,,,
2023,BEN,12,,,,
2000,BFA,38,,,,
2001,BFA,38,,,,
2002,BFA,38,,,,
2003,BFA,17,,,,
2004,BFA,14,,,,
2005,BFA,13,,,,
2006,BFA,12,,,,
2007,BFA,12,,,,
2008,BFA,12,,,,
2009,BFA,12,,,,
2010,BFA,13,,,,
2011,BFA,10,,,,
2012,BFA,8,,,,
2013,BFA,12,,,,
2014,BFA,10,,,,
2015,BFA,9,,,,
2016,BFA,9,,,,
2017,BFA,19,,,,
2018,BFA,22,,,,
2019,BFA,21,,,,
2020,BFA,21,,,,
2021,BFA,19,,,,
2022,BFA,24,,,,
2023,BFA,34,,,,
2000,BGD,13,,,,
2001,BGD,11,,,,
2002,BGD,9,,,,
2003,BGD,9,,,,
2004,BGD,9,,,,
2005,BGD,9,,,,
2006,BGD,8,,,,
2007,BGD,8,,,,
2008,BGD,8,,,,
2009,BGD,8,,,,
2010,BGD,7,,,,
2011,BGD,7,,,,
2012,BGD,6,,,,
2013,BGD,6,,,,
2014,BGD,6,,,,
2015,BGD,5,,,,
2016,BGD,4,,,,
2017,BGD,4,,,,
2018,BGD,3,,,,
2019,BGD,3,,,,
2020,BGD,3,,,,
2021,BGD,4,,,,
2022,BGD,3,,,,
2023,BGD,4,,,,
2024,BGD,4,,,,
2000,BGR,43,,,,
2001,BGR,42,,,,
2002,BGR,39,,,,
2003,BGR,42,,,,
2004,BGR,44,,,,
2005,BGR,44,,,,
2006,BGR,44,,,,
2007,BGR,40,,,,
2008,BGR,41,,,,
2009,BGR,42,,,,
2010,BGR,43,,,,
2011,BGR,41,,,,
2012,BGR,46,,,,
2013,BGR,48,,,,
2014,BGR,49,,,,
2015,BGR,52,,,,
2016,BGR,52,,,,
2017,BGR,53,,,,
2018,BGR,53,,,,
2019,BGR,50,,,,
2020,BGR,50,,,,
2021,BGR,51,,,,
2022,BGR,53,,,,
2023,BGR,57,,,,
2024,BGR,59,,,,
2000,BHR,0,,,,
2001,BHR,0,,,,
2002,BHR,0,,,,
2003,BHR,0,,,,
2004,BHR,0,,,,
2005,BHR,0,,,,
2006,BHR,0,,,,
2007,BHR,0,,,,
2008,BHR,0,,,,
2009,BHR,0,,,,
2010,BHR,0,,,,
2011,BHR,0,,,,
2012,BHR,0,,,,
2013,BHR,0,,,,
2014,BHR,0,,,,
2015,BHR,0,,,,
2016,BHR,0,,,,
2017,BHR,0,,,,
2018,BHR,0,,,,
2019,BHR,0,,,,
2020,BHR,0,,,,
2021,BHR,0,,,,
2022,BHR,1,,,,
2023,BHR,1,,,,
2000,BHS,0,,,,
2001,BHS,0,,,,
2002,BHS,0,,,,
2003,BHS,0,,,,
2004,BHS,0,,,,
2005,BHS,0,,,,
2006,BHS,0,,,,
2007,BHS,0,,,,
2008,BHS,0,,,,
2009,BHS,0,,,,
2010,BHS,0,,,,
2011,BHS,0,,,,
2012,BHS,0,,,,
2013,BHS,0,,,,
2014,BHS,0,,,,
2015,BHS,0,,,,
2016,BHS,0,,,,
2017,BHS,0,,,,
2018,BHS,0,,,,
2019,BHS,0,,,,
2020,BHS,1,,,,
2021,BHS,1,,,,
2022,BHS,2,,,,
2000,BIH,46,,,,
2001,BIH,46,,,,
2002,BIH,46,,,,
2003,BIH,46,,,,
2004,BIH,46,,,,
2005,BIH,46,,,,
2006,BIH,46,,,,
2007,BIH,46,,,,
2008,BIH,47,,,,
2009,BIH,47,,,,
2010,BIH,49,,,,
2011,BIH,49,,,,
2012,BIH,49,,,,
2013,BIH,49,,,,
2014,BIH,49,,,,
2015,BIH,49,,,,
2016,BIH,46,,,,
2017,BIH,46,,,,
2018,BIH,47,,,,
2019,BIH,48,,,,
2020,BIH,48,,,,
2021,BIH,50,,,,
2022,BIH,50,,,,
2023,BIH,51,,,,
2024,BIH,53,,,,
2000,BLR,0,,,,
2001,BLR,0,,,,
2002,BLR,0,,,,
2003,BLR,0,,,,
2004,BLR,0,,,,
2005,BLR,0,,,,
2006,BLR,0,,,,
2007,BLR,0,,,,
2008,BLR,0,,,,
2009,BLR,0,,,,
2010,BLR,0,,,,
2011,BLR,0,,,,
2012,BLR,1,,,,
2013,BLR,1,,,,
2014,BLR,1,,,,
2015,BLR,1,,,,
2016,BLR,2,,,,
2017,BLR,3,,,,
2018,BLR,4,,,,
2019,BLR,4,,,,
2020,BLR,5,,,,
2021,BLR,15,,,,
2022,BLR,16,,,,
2023,BLR,16,,,,
2024,BLR,23,,,,
2000,BLZ,67,,,,
2001,BLZ,67,,,,
2002,BLZ,67,,,,
2003,BLZ,46,,,,
2004,BLZ,46,,,,
2005,BLZ,46,,,,
2006,BLZ,40,,,,
2007,BLZ,44,,,,
2008,BLZ,44,,,,
2009,BLZ,41,,,,
2010,BLZ,47,,,,
2011,BLZ,47,,,,
2012,BLZ,47,,,,
2013,BLZ,47,,,,
2014,BLZ,47,,,,
2015,BLZ,47,,,,
2016,BLZ,47,,,,
2017,BLZ,50,,,,
2018,BLZ,50,,,,
2019,BLZ,52,,,,
2020,BLZ,52,,,,
2021,BLZ,52,,,,
2022,BLZ,52,,,,
2023,BLZ,52,,,,
2000,BMU,#DIV/0!,,,,
2001,BMU,#DIV/0!,,,,
2002,BMU,#DIV/0!,,,,
2003,BMU,#DIV/0!,,,,
2004,BMU,#DIV/0!,,,,
2005,BMU,0,,,,
2006,BMU,0,,,,
2007,BMU,0,,,,
2008,BMU,0,,,,
2009,BMU,0,,,,
2010,BMU,0,,,,
2011,BMU,0,,,,
2012,BMU,0,,,,
2013,BMU,0,,,,
2014,BMU,0,,,,
2015,BMU,0,,,,
2016,BMU,0,,,,
2017,BMU,0,,,,
2018,BMU,0,,,,
2019,BMU,0,,,,
2020,BMU,0,,,,
2021,BMU,0,,,,
2022,BMU,0,,,,
2023,BMU,0,,,,
2000,BOL,33,,,,
2001,BOL,34,,,,
2002,BOL,39,,,,
2003,BOL,39,,,,
2004,BOL,39,,,,
2005,BOL,39,,,,
2006,BOL,39,,,,
2007,BOL,40,,,,
2008,BOL,40,,,,
2009,BOL,40,,,,
2010,BOL,37,,,,
2011,BOL,35,,,,
2012,BOL,32,,,,
2013,BOL,31,,,,
2014,BOL,27,,,,
2015,BOL,28,,,,
2016,BOL,30,,,,
2017,BOL,32,,,,
2018,BOL,37,,,,
2019,BOL,37,,,,
2020,BOL,31,,,,
2021,BOL,32,,,,
2022,BOL,41,,,,
2023,BOL,33,,,,
2024,BOL,33,,,,
2000,BRA,90,,,,
2001,BRA,90,,,,
2002,BRA,87,,,,
2003,BRA,85,,,,
2004,BRA,83,,,,
2005,BRA,83,,,,
2006,BRA,83,,,,
2007,BRA,83,,,,
2008,BRA,83,,,,
2009,BRA,83,,,,
2010,BRA,81,,,,
2011,BRA,81,,,,
2012,BRA,82,,,,
2013,BRA,81,,,,
2014,BRA,81,,,,
2015,BRA,82,,,,
2016,BRA,83,,,,
2017,BRA,84,,,,
2018,BRA,85,,,,
2019,BRA,85,,,,
2020,BRA,84,,,,
2021,BRA,85,,,,
2022,BRA,86,,,,
2023,BRA,87,,,,
2024,BRA,88,,,,
2000,BRB,0,,,,
2001,BRB,0,,,,
2002,BRB,0,,,,
2003,BRB,0,,,,
2004,BRB,0,,,,
2005,BRB,0,,,,
2006,BRB,0,,,,
2007,BRB,0,,,,
2008,BRB,0,,,,
2009,BRB,0,,,,
2010,BRB,0,,,,
2011,BRB,0,,,,
2012,BRB,0,,,,
2013,BRB,0,,,,
2014,BRB,0,,,,
2015,BRB,0,,,,
2016,BRB,4,,,,
2017,BRB,7,,,,
2018,BRB,7,,,,
2019,BRB,10,,,,
2020,BRB,16,,,,
2021,BRB,19,,,,
2022,BRB,19,,,,
2023,BRB,19,,,,
2000,BRN,0,,,,
2001,BRN,0,,,,
2002,BRN,0,,,,
2003,BRN,0,,,,
2004,BRN,0,,,,
2005,BRN,0,,,,
2006,BRN,0,,,,
2007,BRN,0,,,,
2008,BRN,0,,,,
2009,BRN,0,,,,
2010,BRN,0,,,,
2011,BRN,0,,,,
2012,BRN,0,,,,
2013,BRN,0,,,,
2014,BRN,0,,,,
2015,BRN,0,,,,
2016,BRN,0,,,,
2017,BRN,0,,,,
2018,BRN,0,,,,
2019,BRN,0,,,,
2020,BRN,0,,,,
2021,BRN,0,,,,
2022,BRN,0,,,,
2023,BRN,1,,,,
2000,BTN,97,,,,
2001,BTN,97,,,,
2002,BTN,98,,,,
2003,BTN,98,,,,
2004,BTN,98,,,,
2005,BTN,98,,,,
2006,BTN,98,,,,
2007,BTN,99,,,,
2008,BTN,99,,,,
2009,BTN,99,,,,
2010,BTN,99,,,,
2011,BTN,99,,,,
2012,BTN,99,,,,
2013,BTN,99,,,,
2014,BTN,99,,,,
2015,BTN,99,,,,
2016,BTN,99,,,,
2017,BTN,99,,,,
2018,BTN,99,,,,
2019,BTN,100,,,,
2020,BTN,100,,,,
2021,BTN,100,,,,
2022,BTN,100,,,,
2023,BTN,100,,,,
2000,BWA,0,,,,
2001,BWA,0,,,,
2002,BWA,0,,,,
2003,BWA,0,,,,
2004,BWA,0,,,,
2005,BWA,0,,,,
2006,BWA,0,,,,
2007,BWA,0,,,,
2008,BWA,0,,,,
2009,BWA,0,,,,
2010,BWA,0,,,,
2011,BWA,0,,,,
2012,BWA,0,,,,
2013,BWA,0,,,,
2014,BWA,0,,,,
2015,BWA,0,,,,
2016,BWA,0,,,,
2017,BWA,0,,,,
2018,BWA,0,,,,
2019,BWA,1,,,,
2020,BWA,1,,,,
2021,BWA,1,,,,
2022,BWA,1,,,,
2023,BWA,1,,,,
2000,CAF,50,,,,
2001,CAF,50,,,,
2002,CAF,50,,,,
2003,CAF,50,,,,
2004,CAF,50,,,,
2005,CAF,50,,,,
2006,CAF,50,,,,
2007,CAF,50,,,,
2008,CAF,50,,,,
2009,CAF,50,,,,
2010,CAF,50,,,,
2011,CAF,50,,,,
2012,CAF,50,,,,
2013,CAF,50,,,,
2014,CAF,50,,,,
2015,CAF,50,,,,
2016,CAF,50,,,,
2017,CAF,50,,,,
2018,CAF,50,,,,
2019,CAF,50,,,,
2020,CAF,50,,,,
2021,CAF,22,,,,
2022,CAF,22,,,,
2000,CAN,75,,,,
2001,CAN,74,,,,
2002,CAN,74,,,,
2003,CAN,73,,,,
2004,CAN,73,,,,
2005,CAN,75,,,,
2006,CAN,75,,,,
2007,CAN,75,,,,
2008,CAN,74,,,,
2009,CAN,73,,,,
2010,CAN,74,,,,
2011,CAN,75,,,,
2012,CAN,75,,,,
2013,CAN,77,,,,
2014,CAN,78,,,,
2015,CAN,78,,,,
2016,CAN,78,,,,
2017,CAN,78,,,,
2018,CAN,79,,,,
2019,CAN,79,,,,
2020,CAN,78,,,,
2021,CAN,79,,,,
2022,CAN,80,,,,
2023,CAN,80,,,,
2024,CAN,80,,,,
2000,CHE,96,,,,
2001,CHE,96,,,,
2002,CHE,96,,,,
2003,CHE,96,,,,
2004,CHE,96,,,,
2005,CHE,96,,,,
2006,CHE,96,,,,
2007,CHE,96,,,,
2008,CHE,96,,,,
2009,CHE,96,,,,
2010,CHE,96,,,,
2011,CHE,96,,,,
2012,CHE,96,,,,
2013,CHE,96,,,,
2014,CHE,96,,,,
2015,CHE,96,,,,
2016,CHE,96,,,,
2017,CHE,97,,,,
2018,CHE,97,,,,
2019,CHE,97,,,,
2020,CHE,97,,,,
2021,CHE,97,,,,
2022,CHE,97,,,,
2023,CHE,97,,,,
2024,CHE,97,,,,
2000,CHL,49,,,,
2001,CHL,47,,,,
2002,CHL,47,,,,
2003,CHL,45,,,,
2004,CHL,49,,,,
2005,CHL,47,,,,
2006,CHL,47,,,,
2007,CHL,47,,,,
2008,CHL,45,,,,
2009,CHL,43,,,,
2010,CHL,42,,,,
2011,CHL,42,,,,
2012,CHL,41,,,,
2013,CHL,42,,,,
2014,CHL,45,,,,
2015,CHL,44,,,,
2016,CHL,44,,,,
2017,CHL,47,,,,
2018,CHL,49,,,,
2019,CHL,50,,,,
2020,CHL,54,,,,
2021,CHL,56,,,,
2022,CHL,63,,,,
2023,CHL,66,,,,
2024,CHL,69,,,,
2000,CHN,27,,,,
2001,CHN,27,,,,
2002,CHN,28,,,,
2003,CHN,28,,,,
2004,CHN,28,,,,
2005,CHN,26,,,,
2006,CHN,24,,,,
2007,CHN,23,,,,
2008,CHN,24,,,,
2009,CHN,26,,,,
2010,CHN,26,,,,
2011,CHN,28,,,,
2012,CHN,28,,,,
2013,CHN,31,,,,
2014,CHN,33,,,,
2015,CHN,35,,,,
2016,CHN,36,,,,
2017,CHN,39,,,,
2018,CHN,41,,,,
2019,CHN,42,,,,
2020,CHN,45,,,,
2021,CHN,47,,,,
2022,CHN,49,,,,
2023,CHN,54,,,,
2024,CHN,58,,,,
2000,CIV,85,,,,
2001,CIV,85,,,,
2002,CIV,85,,,,
2003,CIV,85,,,,
2004,CIV,85,,,,
2005,CIV,85,,,,
2006,CIV,85,,,,
2007,CIV,85,,,,
2008,CIV,85,,,,
2009,CIV,85,,,,
2010,CIV,74,,,,
2011,CIV,74,,,,
2012,CIV,74,,,,
2013,CIV,66,,,,
2014,CIV,66,,,,
2015,CIV,44,,,,
2016,CIV,37,,,,
2017,CIV,46,,,,
2018,CIV,46,,,,
2019,CIV,46,,,,
2020,CIV,46,,,,
2021,CIV,46,,,,
2022,CIV,41,,,,
2023,CIV,42,,,,
2000,CMR,100,,,,
2001,CMR,100,,,,
2002,CMR,100,,,,
2003,CMR,100,,,,
2004,CMR,100,,,,
2005,CMR,100,,,,
2006,CMR,100,,,,
2007,CMR,100,,,,
2008,CMR,100,,,,
2009,CMR,89,,,,
2010,CMR,89,,,,
2011,CMR,89,,,,
2012,CMR,89,,,,
2013,CMR,70,,,,
2014,CMR,70,,,,
2015,CMR,66,,,,
2016,CMR,66,,,,
2017,CMR,67,,,,
2018,CMR,67,,,,
2019,CMR,69,,,,
2020,CMR,69,,,,
2021,CMR,69,,,,
2022,CMR,69,,,,
2023,CMR,70,,,,
2000,COD,99,,,,
2001,COD,99,,,,
2002,COD,99,,,,
2003,COD,99,,,,
2004,COD,99,,,,
2005,COD,99,,,,
2006,COD,99,,,,
2007,COD,99,,,,
2008,COD,99,,,,
2009,COD,99,,,,
2010,COD,99,,,,
2011,COD,98,,,,
2012,COD,99,,,,
2013,COD,99,,,,
2014,COD,99,,,,
2015,COD,99,,,,
2016,COD,99,,,,
2017,COD,99,,,,
2018,COD,99,,,,
2019,COD,99,,,,
2020,COD,99,,,,
2021,COD,99,,,,
2022,COD,97,,,,
2023,COD,98,,,,
2000,COG,73,,,,
2001,COG,73,,,,
2002,COG,73,,,,
2003,COG,73,,,,
2004,COG,73,,,,
2005,COG,73,,,,
2006,COG,73,,,,
2007,COG,57,,,,
2008,COG,57,,,,
2009,COG,57,,,,
2010,COG,18,,,,
2011,COG,18,,,,
2012,COG,35,,,,
2013,COG,35,,,,
2014,COG,35,,,,
2015,COG,35,,,,
2016,COG,36,,,,
2017,COG,37,,,,
2018,COG,37,,,,
2019,COG,37,,,,
2020,COG,29,,,,
2021,COG,27,,,,
2022,COG,27,,,,
2023,COG,27,,,,
2000,COK,0,,,,
2001,COK,0,,,,
2002,COK,0,,,,
2003,COK,0,,,,
2004,COK,0,,,,
2005,COK,0,,,,
2006,COK,0,,,,
2007,COK,0,,,,
2008,COK,0,,,,
2009,COK,0,,,,
2010,COK,0,,,,
2011,COK,0,,,,
2012,COK,0,,,,
2013,COK,0,,,,
2014,COK,0,,,,
2015,COK,0,,,,
2016,COK,0,,,,
2017,COK,0,,,,
2018,COK,0,,,,
2019,COK,33,,,,
2020,COK,33,,,,
2021,COK,33,,,,
2022,COK,33,,,,
2000,COL,69,,,,
2001,COL,68,,,,
2002,COL,69,,,,
2003,COL,68,,,,
2004,COL,68,,,,
2005,COL,68,,,,
2006,COL,69,,,,
2007,COL,69,,,,
2008,COL,69,,,,
2009,COL,69,,,,
2010,COL,69,,,,
2011,COL,68,,,,
2012,COL,64,,,,
2013,COL,62,,,,
2014,COL,64,,,,
2015,COL,64,,,,
2016,COL,65,,,,
2017,COL,64,,,,
2018,COL,63,,,,
2019,COL,65,,,,
2020,COL,65,,,,
2021,COL,65,,,,
2022,COL,67,,,,
2023,COL,66,,,,
2024,COL,67,,,,
2000,COM,0,,,,
2001,COM,0,,,,
2002,COM,0,,,,
2003,COM,0,,,,
2004,COM,0,,,,
2005,COM,0,,,,
2006,COM,0,,,,
2007,COM,0,,,,
2008,COM,0,,,,
2009,COM,0,,,,
2010,COM,0,,,,
2011,COM,0,,,,
2012,COM,0,,,,
2013,COM,0,,,,
2014,COM,0,,,,
2015,COM,0,,,,
2016,COM,0,,,,
2017,COM,0,,,,
2018,COM,0,,,,
2019,COM,0,,,,
2020,COM,0,,,,
2021,COM,0,,,,
2022,COM,0,,,,
2023,COM,0,,,,
2000,CPV,0,,,,
2001,CPV,0,,,,
2002,CPV,0,,,,
2003,CPV,0,,,,
2004,CPV,0,,,,
2005,CPV,0,,,,
2006,CPV,0,,,,
2007,CPV,0,,,,
2008,CPV,0,,,,
2009,CPV,0,,,,
2010,CPV,10,,,,
2011,CPV,23,,,,
2012,CPV,25,,,,
2013,CPV,27,,,,
2014,CPV,27,,,,
2015,CPV,21,,,,
2016,CPV,22,,,,
2017,CPV,22,,,,
2018,CPV,22,,,,
2019,CPV,24,,,,
2020,CPV,22,,,,
2021,CPV,26,,,,
2022,CPV,23,,,,
2000,CRI,84,,,,
2001,CRI,84,,,,
2002,CRI,83,,,,
2003,CRI,79,,,,
2004,CRI,80,,,,
2005,CRI,80,,,,
2006,CRI,80,,,,
2007,CRI,81,,,,
2008,CRI,74,,,,
2009,CRI,74,,,,
2010,CRI,72,,,,
2011,CRI,77,,,,
2012,CRI,78,,,,
2013,CRI,78,,,,
2014,CRI,79,,,,
2015,CRI,81,,,,
2016,CRI,84,,,,
2017,CRI,84,,,,
2018,CRI,84,,,,
2019,CRI,87,,,,
2020,CRI,87,,,,
2021,CRI,88,,,,
2022,CRI,89,,,,
2023,CRI,89,,,,
2024,CRI,86,,,,
2000,CUB,19,,,,
2001,CUB,20,,,,
2002,CUB,14,,,,
2003,CUB,16,,,,
2004,CUB,11,,,,
2005,CUB,16,,,,
2006,CUB,10,,,,
2007,CUB,9,,,,
2008,CUB,10,,,,
2009,CUB,10,,,,
2010,CUB,9,,,,
2011,CUB,9,,,,
2012,CUB,9,,,,
2013,CUB,8,,,,
2014,CUB,8,,,,
2015,CUB,9,,,,
2016,CUB,8,,,,
2017,CUB,9,,,,
2018,CUB,10,,,,
2019,CUB,9,,,,
2020,CUB,12,,,,
2021,CUB,12,,,,
2022,CUB,13,,,,
2023,CUB,12,,,,
2000,CYM,0,,,,
2001,CYM,0,,,,
2002,CYM,0,,,,
2003,CYM,0,,,,
2004,CYM,0,,,,
2005,CYM,0,,,,
2006,CYM,0,,,,
2007,CYM,0,,,,
2008,CYM,0,,,,
2009,CYM,0,,,,
2010,CYM,0,,,,
2011,CYM,0,,,,
2012,CYM,0,,,,
2013,CYM,0,,,,
2014,CYM,0,,,,
2015,CYM,0,,,,
2016,CYM,0,,,,
2017,CYM,5,,,,
2018,CYM,5,,,,
2019,CYM,5,,,,
2020,CYM,5,,,,
2021,CYM,5,,,,
2022,CYM,5,,,,
2023,CYM,5,,,,
2000,CYP,0,,,,
2001,CYP,0,,,,
2002,CYP,0,,,,
2003,CYP,0,,,,
2004,CYP,0,,,,
2005,CYP,0,,,,
2006,CYP,0,,,,
2007,CYP,0,,,,
2008,CYP,1,,,,
2009,CYP,1,,,,
2010,CYP,6,,,,
2011,CYP,9,,,,
2012,CYP,10,,,,
2013,CYP,10,,,,
2014,CYP,11,,,,
2015,CYP,12,,,,
2016,CYP,12,,,,
2017,CYP,13,,,,
2018,CYP,14,,,,
2019,CYP,15,,,,
2020,CYP,18,,,,
2021,CYP,21,,,,
2022,CYP,24,,,,
2023,CYP,29,,,,
2024,CYP,32,,,,
2000,CZE,23,,,,
2001,CZE,23,,,,
2002,CZE,29,,,,
2003,CZE,34,,,,
2004,CZE,34,,,,
2005,CZE,34,,,,
2006,CZE,34,,,,
2007,CZE,35,,,,
2008,CZE,35,,,,
2009,CZE,38,,,,
2010,CZE,43,,,,
2011,CZE,44,,,,
2012,CZE,47,,,,
2013,CZE,48,,,,
2014,CZE,45,,,,
2015,CZE,46,,,,
2016,CZE,45,,,,
2017,CZE,45,,,,
2018,CZE,45,,,,
2019,CZE,46,,,,
2020,CZE,47,,,,
2021,CZE,49,,,,
2022,CZE,49,,,,
2023,CZE,52,,,,
2024,CZE,54,,,,
2000,DEU,33,,,,
2001,DEU,35,,,,
2002,DEU,37,,,,
2003,DEU,38,,,,
2004,DEU,39,,,,
2005,DEU,41,,,,
2006,DEU,42,,,,
2007,DEU,43,,,,
2008,DEU,44,,,,
2009,DEU,48,,,,
2010,DEU,50,,,,
2011,DEU,53,,,,
2012,DEU,54,,,,
2013,DEU,55,,,,
2014,DEU,56,,,,
2015,DEU,57,,,,
2016,DEU,58,,,,
2017,DEU,61,,,,
2018,DEU,62,,,,
2019,DEU,63,,,,
2020,DEU,64,,,,
2021,DEU,67,,,,
2022,DEU,67,,,,
2023,DEU,68,,,,
2024,DEU,72,,,,
2000,DJI,0,,,,
2001,DJI,0,,,,
2002,DJI,0,,,,
2003,DJI,0,,,,
2004,DJI,0,,,,
2005,DJI,0,,,,
2006,DJI,0,,,,
2007,DJI,0,,,,
2008,DJI,0,,,,
2009,DJI,0,,,,
2010,DJI,0,,,,
2011,DJI,0,,,,
2012,DJI,0,,,,
2013,DJI,0,,,,
2014,DJI,0,,,,
2015,DJI,0,,,,
2016,DJI,0,,,,
2017,DJI,0,,,,
2018,DJI,0,,,,
2019,DJI,0,,,,
2020,DJI,0,,,,
2021,DJI,14,,,,
2022,DJI,14,,,,
2023,DJI,40,,,,
2000,DMA,50,,,,
2001,DMA,50,,,,
2002,DMA,50,,,,
2003,DMA,50,,,,
2004,DMA,50,,,,
2005,DMA,33,,,,
2006,DMA,33,,,,
2007,DMA,33,,,,
2008,DMA,0,,,,
2009,DMA,0,,,,
2010,DMA,33,,,,
2011,DMA,33,,,,
2012,DMA,33,,,,
2013,DMA,33,,,,
2014,DMA,33,,,,
2015,DMA,33,,,,
2016,DMA,33,,,,
2017,DMA,33,,,,
2018,DMA,33,,,,
2019,DMA,33,,,,
2020,DMA,33,,,,
2021,DMA,33,,,,
2022,DMA,33,,,,
2023,DMA,33,,,,
2000,DNK,30,,,,
2001,DNK,31,,,,
2002,DNK,36,,,,
2003,DNK,37,,,,
2004,DNK,39,,,,
2005,DNK,39,,,,
2006,DNK,39,,,,
2007,DNK,37,,,,
2008,DNK,39,,,,
2009,DNK,43,,,,
2010,DNK,47,,,,
2011,DNK,48,,,,
2012,DNK,53,,,,
2013,DNK,55,,,,
2014,DNK,57,,,,
2015,DNK,59,,,,
2016,DNK,63,,,,
2017,DNK,66,,,,
2018,DNK,67,,,,
2019,DNK,74,,,,
2020,DNK,76,,,,
2021,DNK,79,,,,
2022,DNK,81,,,,
2023,DNK,81,,,,
2024,DNK,86,,,,
2000,DOM,17,,,,
2001,DOM,16,,,,
2002,DOM,18,,,,
2003,DOM,16,,,,
2004,DOM,16,,,,
2005,DOM,15,,,,
2006,DOM,15,,,,
2007,DOM,15,,,,
2008,DOM,16,,,,
2009,DOM,17,,,,
2010,DOM,17,,,,
2011,DOM,17,,,,
2012,DOM,20,,,,
2013,DOM,20,,,,
2014,DOM,20,,,,
2015,DOM,20,,,,
2016,DOM,23,,,,
2017,DOM,23,,,,
2018,DOM,25,,,,
2019,DOM,29,,,,
2020,DOM,24,,,,
2021,DOM,26,,,,
2022,DOM,29,,,,
2023,DOM,30,,,,
2024,DOM,34,,,,
2000,DZA,6,,,,
2001,DZA,5,,,,
2002,DZA,5,,,,
2003,DZA,5,,,,
2004,DZA,5,,,,
2005,DZA,4,,,,
2006,DZA,3,,,,
2007,DZA,3,,,,
2008,DZA,3,,,,
2009,DZA,2,,,,
2010,DZA,2,,,,
2011,DZA,2,,,,
2012,DZA,2,,,,
2013,DZA,2,,,,
2014,DZA,2,,,,
2015,DZA,2,,,,
2016,DZA,3,,,,
2017,DZA,3,,,,
2018,DZA,3,,,,
2019,DZA,3,,,,
2020,DZA,3,,,,
2021,DZA,2,,,,
2022,DZA,2,,,,
2023,DZA,2,,,,
2000,ECU,51,,,,
2001,ECU,54,,,,
2002,ECU,50,,,,
2003,ECU,50,,,,
2004,ECU,50,,,,
2005,ECU,49,,,,
2006,ECU,46,,,,
2007,ECU,48,,,,
2008,ECU,48,,,,
2009,ECU,46,,,,
2010,ECU,46,,,,
2011,ECU,45,,,,
2012,ECU,43,,,,
2013,ECU,43,,,,
2014,ECU,43,,,,
2015,ECU,43,,,,
2016,ECU,56,,,,
2017,ECU,59,,,,
2018,ECU,61,,,,
2019,ECU,61,,,,
2020,ECU,61,,,,
2021,ECU,60,,,,
2022,ECU,61,,,,
2023,ECU,61,,,,
2024,ECU,60,,,,
2000,EGY,22,,,,
2001,EGY,21,,,,
2002,EGY,20,,,,
2003,EGY,18,,,,
2004,EGY,19,,,,
2005,EGY,19,,,,
2006,EGY,17,,,,
2007,EGY,18,,,,
2008,EGY,17,,,,
2009,EGY,16,,,,
2010,EGY,14,,,,
2011,EGY,13,,,,
2012,EGY,13,,,,
2013,EGY,12,,,,
2014,EGY,12,,,,
2015,EGY,11,,,,
2016,EGY,11,,,,
2017,EGY,10,,,,
2018,EGY,9,,,,
2019,EGY,10,,,,
2020,EGY,10,,,,
2021,EGY,10,,,,
2022,EGY,11,,,,
2023,EGY,11,,,,
2024,EGY,13,,,,
2000,ERI,0,,,,
2001,ERI,0,,,,
2002,ERI,0,,,,
2003,ERI,0,,,,
2004,ERI,0,,,,
2005,ERI,0,,,,
2006,ERI,0,,,,
2007,ERI,0,,,,
2008,ERI,0,,,,
2009,ERI,0,,,,
2010,ERI,0,,,,
2011,ERI,0,,,,
2012,ERI,0,,,,
2013,ERI,0,,,,
2014,ERI,7,,,,
2015,ERI,6,,,,
2016,ERI,6,,,,
2017,ERI,9,,,,
2018,ERI,13,,,,
2019,ERI,13,,,,
2020,ERI,13,,,,
2021,ERI,13,,,,
2022,ERI,9,,,,
2023,ERI,9,,,,
2000,ESH,#DIV/0!,,,,
2001,ESH,#DIV/0!,,,,
2002,ESH,#DIV/0!,,,,
2003,ESH,#DIV/0!,,,,
2004,ESH,#DIV/0!,,,,
2005,ESH,#DIV/0!,,,,
2006,ESH,#DIV/0!,,,,
2007,ESH,#DIV/0!,,,,
2008,ESH,#DIV/0!,,,,
2009,ESH,#DIV/0!,,,,
2000,ESP,60,,,,
2001,ESP,60,,,,
2002,ESP,58,,,,
2003,ESP,56,,,,
2004,ESP,56,,,,
2005,ESP,53,,,,
2006,ESP,50,,,,
2007,ESP,51,,,,
2008,ESP,52,,,,
2009,ESP,53,,,,
2010,ESP,54,,,,
2011,ESP,54,,,,
2012,ESP,56,,,,
2013,ESP,56,,,,
2014,ESP,56,,,,
2015,ESP,57,,,,
2016,ESP,57,,,,
2017,ESP,57,,,,
2018,ESP,57,,,,
2019,ESP,60,,,,
2020,ESP,64,,,,
2021,ESP,67,,,,
2022,ESP,71,,,,
2023,ESP,72,,,,
2024,ESP,74,,,,
2000,EST,0,,,,
2001,EST,0,,,,
2002,EST,0,,,,
2003,EST,0,,,,
2004,EST,1,,,,
2005,EST,1,,,,
2006,EST,1,,,,
2007,EST,2,,,,
2008,EST,3,,,,
2009,EST,6,,,,
2010,EST,9,,,,
2011,EST,11,,,,
2012,EST,14,,,,
2013,EST,17,,,,
2014,EST,17,,,,
2015,EST,19,,,,
2016,EST,22,,,,
2017,EST,22,,,,
2018,EST,20,,,,
2019,EST,25,,,,
2020,EST,28,,,,
2021,EST,39,,,,
2022,EST,42,,,,
2023,EST,48,,,,
2024,EST,58,,,,
2000,ETH,72,,,,
2001,ETH,70,,,,
2002,ETH,71,,,,
2003,ETH,78,,,,
2004,ETH,78,,,,
2005,ETH,78,,,,
2006,ETH,78,,,,
2007,ETH,83,,,,
2008,ETH,78,,,,
2009,ETH,88,,,,
2010,ETH,94,,,,
2011,ETH,92,,,,
2012,ETH,92,,,,
2013,ETH,92,,,,
2014,ETH,92,,,,
2015,ETH,95,,,,
2016,ETH,96,,,,
2017,ETH,98,,,,
2018,ETH,98,,,,
2019,ETH,98,,,,
2020,ETH,98,,,,
2021,ETH,98,,,,
2022,ETH,98,,,,
2023,ETH,98,,,,
2000,FIN,54,,,,
2001,FIN,55,,,,
2002,FIN,55,,,,
2003,FIN,55,,,,
2004,FIN,56,,,,
2005,FIN,56,,,,
2006,FIN,56,,,,
2007,FIN,57,,,,
2008,FIN,57,,,,
2009,FIN,55,,,,
2010,FIN,56,,,,
2011,FIN,56,,,,
2012,FIN,56,,,,
2013,FIN,56,,,,
2014,FIN,61,,,,
2015,FIN,62,,,,
2016,FIN,63,,,,
2017,FIN,67,,,,
2018,FIN,67,,,,
2019,FIN,68,,,,
2020,FIN,72,,,,
2021,FIN,73,,,,
2022,FIN,77,,,,
2023,FIN,81,,,,
2024,FIN,83,,,,
2000,FJI,45,,,,
2001,FJI,50,,,,
2002,FJI,50,,,,
2003,FJI,50,,,,
2004,FJI,52,,,,
2005,FJI,50,,,,
2006,FJI,52,,,,
2007,FJI,54,,,,
2008,FJI,56,,,,
2009,FJI,56,,,,
2010,FJI,56,,,,
2011,FJI,56,,,,
2012,FJI,63,,,,
2013,FJI,61,,,,
2014,FJI,61,,,,
2015,FJI,57,,,,
2016,FJI,58,,,,
2017,FJI,59,,,,
2018,FJI,59,,,,
2019,FJI,56,,,,
2020,FJI,56,,,,
2021,FJI,58,,,,
2022,FJI,58,,,,
2023,FJI,58,,,,
2000,FLK,0,,,,
2001,FLK,0,,,,
2002,FLK,0,,,,
2003,FLK,0,,,,
2004,FLK,0,,,,
2005,FLK,0,,,,
2006,FLK,0,,,,
2007,FLK,0,,,,
2008,FLK,0,,,,
2009,FLK,0,,,,
2010,FLK,0,,,,
2011,FLK,0,,,,
2012,FLK,0,,,,
2013,FLK,0,,,,
2014,FLK,0,,,,
2015,FLK,0,,,,
2016,FLK,0,,,,
2017,FLK,0,,,,
2018,FLK,0,,,,
2019,FLK,0,,,,
2020,FLK,0,,,,
2021,FLK,0,,,,
2022,FLK,0,,,,
2000,FRA,72,,,,
2001,FRA,71,,,,
2002,FRA,71,,,,
2003,FRA,71,,,,
2004,FRA,71,,,,
2005,FRA,72,,,,
2006,FRA,73,,,,
2007,FRA,73,,,,
2008,FRA,73,,,,
2009,FRA,72,,,,
2010,FRA,72,,,,
2011,FRA,73,,,,
2012,FRA,74,,,,
2013,FRA,76,,,,
2014,FRA,78,,,,
2015,FRA,78,,,,
2016,FRA,79,,,,
2017,FRA,82,,,,
2018,FRA,83,,,,
2019,FRA,83,,,,
2020,FRA,83,,,,
2021,FRA,84,,,,
2022,FRA,84,,,,
2023,FRA,85,,,,
2024,FRA,86,,,,
2000,FRO,38,,,,
2001,FRO,33,,,,
2002,FRO,33,,,,
2003,FRO,30,,,,
2004,FRO,30,,,,
2005,FRO,30,,,,
2006,FRO,30,,,,
2007,FRO,30,,,,
2008,FRO,30,,,,
2009,FRO,30,,,,
2010,FRO,30,,,,
2011,FRO,30,,,,
2012,FRO,42,,,,
2013,FRO,45,,,,
2014,FRO,50,,,,
2015,FRO,46,,,,
2016,FRO,46,,,,
2017,FRO,46,,,,
2018,FRO,46,,,,
2019,FRO,38,,,,
2020,FRO,35,,,,
2021,FRO,35,,,,
2022,FRO,45,,,,
2000,GAB,28,,,,
2001,GAB,28,,,,
2002,GAB,28,,,,
2003,GAB,27,,,,
2004,GAB,28,,,,
2005,GAB,28,,,,
2006,GAB,28,,,,
2007,GAB,26,,,,
2008,GAB,27,,,,
2009,GAB,27,,,,
2010,GAB,30,,,,
2011,GAB,30,,,,
2012,GAB,31,,,,
2013,GAB,36,,,,
2014,GAB,36,,,,
2015,GAB,36,,,,
2016,GAB,36,,,,
2017,GAB,36,,,,
2018,GAB,36,,,,
2019,GAB,36,,,,
2020,GAB,36,,,,
2021,GAB,36,,,,
2022,GAB,36,,,,
2023,GAB,36,,,,
2000,GBR,21,,,,
2001,GBR,21,,,,
2002,GBR,20,,,,
2003,GBR,21,,,,
2004,GBR,21,,,,
2005,GBR,21,,,,
2006,GBR,21,,,,
2007,GBR,22,,,,
2008,GBR,23,,,,
2009,GBR,23,,,,
2010,GBR,24,,,,
2011,GBR,26,,,,
2012,GBR,28,,,,
2013,GBR,33,,,,
2014,GBR,37,,,,
2015,GBR,41,,,,
2016,GBR,45,,,,
2017,GBR,48,,,,
2018,GBR,52,,,,
2019,GBR,54,,,,
2020,GBR,55,,,,
2021,GBR,56,,,,
2022,GBR,57,,,,
2023,GBR,59,,,,
2024,GBR,61,,,,
2000,GEO,64,,,,
2001,GEO,64,,,,
2002,GEO,64,,,,
2003,GEO,64,,,,
2004,GEO,64,,,,
2005,GEO,64,,,,
2006,GEO,62,,,,
2007,GEO,64,,,,
2008,GEO,64,,,,
2009,GEO,64,,,,
2010,GEO,63,,,,
2011,GEO,63,,,,
2012,GEO,63,,,,
2013,GEO,63,,,,
2014,GEO,64,,,,
2015,GEO,61,,,,
2016,GEO,64,,,,
2017,GEO,64,,,,
2018,GEO,65,,,,
2019,GEO,65,,,,
2020,GEO,62,,,,
2021,GEO,62,,,,
2022,GEO,63,,,,
2023,GEO,63,,,,
2024,GEO,64,,,,
2000,GHA,54,,,,
2001,GHA,54,,,,
2002,GHA,54,,,,
2003,GHA,54,,,,
2004,GHA,57,,,,
2005,GHA,57,,,,
2006,GHA,57,,,,
2007,GHA,52,,,,
2008,GHA,49,,,,
2009,GHA,49,,,,
2010,GHA,57,,,,
2011,GHA,58,,,,
2012,GHA,54,,,,
2013,GHA,55,,,,
2014,GHA,54,,,,
2015,GHA,50,,,,
2016,GHA,42,,,,
2017,GHA,33,,,,
2018,GHA,34,,,,
2019,GHA,31,,,,
2020,GHA,34,,,,
2021,GHA,34,,,,
2022,GHA,34,,,,
2023,GHA,34,,,,
2000,GIN,38,,,,
2001,GIN,38,,,,
2002,GIN,38,,,,
2003,GIN,38,,,,
2004,GIN,38,,,,
2005,GIN,38,,,,
2006,GIN,38,,,,
2007,GIN,37,,,,
2008,GIN,41,,,,
2009,GIN,41,,,,
2010,GIN,52,,,,
2011,GIN,62,,,,
2012,GIN,59,,,,
2013,GIN,38,,,,
2014,GIN,38,,,,
2015,GIN,61,,,,
2016,GIN,62,,,,
2017,GIN,61,,,,
2018,GIN,60,,,,
2019,GIN,62,,,,
2020,GIN,61,,,,
2021,GIN,66,,,,
2022,GIN,66,,,,
2023,GIN,66,,,,
2000,GLP,13,,,,
2001,GLP,13,,,,
2002,GLP,13,,,,
2003,GLP,15,,,,
2004,GLP,15,,,,
2005,GLP,17,,,,
2006,GLP,17,,,,
2007,GLP,17,,,,
2008,GLP,19,,,,
2009,GLP,19,,,,
2010,GLP,22,,,,
2011,GLP,26,,,,
2012,GLP,28,,,,
2013,GLP,28,,,,
2014,GLP,27,,,,
2015,GLP,25,,,,
2016,GLP,25,,,,
2017,GLP,25,,,,
2018,GLP,27,,,,
2019,GLP,29,,,,
2020,GLP,36,,,,
2021,GLP,37,,,,
2022,GLP,38,,,,
2000,GMB,0,,,,
2001,GMB,0,,,,
2002,GMB,0,,,,
2003,GMB,0,,,,
2004,GMB,0,,,,
2005,GMB,0,,,,
2006,GMB,0,,,,
2007,GMB,0,,,,
2008,GMB,0,,,,
2009,GMB,0,,,,
2010,GMB,0,,,,
2011,GMB,0,,,,
2012,GMB,0,,,,
2013,GMB,0,,,,
2014,GMB,0,,,,
2015,GMB,0,,,,
2016,GMB,0,,,,
2017,GMB,0,,,,
2018,GMB,0,,,,
2019,GMB,0,,,,
2020,GMB,0,,,,
2021,GMB,0,,,,
2022,GMB,0,,,,
2023,GMB,0,,,,
2000,GNB,0,,,,
2001,GNB,0,,,,
2002,GNB,0,,,,
2003,GNB,0,,,,
2004,GNB,0,,,,
2005,GNB,0,,,,
2006,GNB,0,,,,
2007,GNB,0,,,,
2008,GNB,0,,,,
2009,GNB,0,,,,
2010,GNB,0,,,,
2011,GNB,0,,,,
2012,GNB,0,,,,
2013,GNB,0,,,,
2014,GNB,0,,,,
2015,GNB,0,,,,
2016,GNB,0,,,,
2017,GNB,0,,,,
2018,GNB,0,,,,
2019,GNB,0,,,,
2020,GNB,0,,,,
2021,GNB,0,,,,
2022,GNB,0,,,,
2000,GNQ,25,,,,
2001,GNQ,25,,,,
2002,GNQ,25,,,,
2003,GNQ,25,,,,
2004,GNQ,25,,,,
2005,GNQ,25,,,,
2006,GNQ,25,,,,
2007,GNQ,14,,,,
2008,GNQ,14,,,,
2009,GNQ,14,,,,
2010,GNQ,11,,,,
2011,GNQ,11,,,,
2012,GNQ,37,,,,
2013,GNQ,37,,,,
2014,GNQ,37,,,,
2015,GNQ,37,,,,
2016,GNQ,35,,,,
2017,GNQ,33,,,,
2018,GNQ,32,,,,
2019,GNQ,32,,,,
2020,GNQ,32,,,,
2021,GNQ,32,,,,
2022,GNQ,32,,,,
2023,GNQ,32,,,,
2000,GRC,34,,,,
2001,GRC,35,,,,
2002,GRC,33,,,,
2003,GRC,32,,,,
2004,GRC,32,,,,
2005,GRC,32,,,,
2006,GRC,32,,,,
2007,GRC,33,,,,
2008,GRC,33,,,,
2009,GRC,34,,,,
2010,GRC,33,,,,
2011,GRC,36,,,,
2012,GRC,39,,,,
2013,GRC,42,,,,
2014,GRC,43,,,,
2015,GRC,41,,,,
2016,GRC,43,,,,
2017,GRC,44,,,,
2018,GRC,45,,,,
2019,GRC,48,,,,
2020,GRC,52,,,,
2021,GRC,57,,,,
2022,GRC,60,,,,
2023,GRC,60,,,,
2024,GRC,66,,,,
2000,GRD,0,,,,
2001,GRD,0,,,,
2002,GRD,0,,,,
2003,GRD,0,,,,
2004,GRD,0,,,,
2005,GRD,0,,,,
2006,GRD,0,,,,
2007,GRD,0,,,,
2008,GRD,0,,,,
2009,GRD,0,,,,
2010,GRD,0,,,,
2011,GRD,0,,,,
2012,GRD,0,,,,
2013,GRD,0,,,,
2014,GRD,0,,,,
2015,GRD,0,,,,
2016,GRD,0,,,,
2017,GRD,0,,,,
2018,GRD,0,,,,
2019,GRD,0,,,,
2020,GRD,0,,,,
2021,GRD,0,,,,
2022,GRD,0,,,,
2000,GRL,21,,,,
2001,GRL,21,,,,
2002,GRL,21,,,,
2003,GRL,21,,,,
2004,GRL,21,,,,
2005,GRL,21,,,,
2006,GRL,21,,,,
2007,GRL,27,,,,
2008,GRL,31,,,,
2009,GRL,31,,,,
2010,GRL,39,,,,
2011,GRL,39,,,,
2012,GRL,47,,,,
2013,GRL,47,,,,
2014,GRL,47,,,,
2015,GRL,47,,,,
2016,GRL,47,,,,
2017,GRL,47,,,,
2018,GRL,47,,,,
2019,GRL,47,,,,
2020,GRL,47,,,,
2021,GRL,47,,,,
2022,GRL,47,,,,
2000,GTM,47,,,,
2001,GTM,47,,,,
2002,GTM,48,,,,
2003,GTM,45,,,,
2004,GTM,46,,,,
2005,GTM,49,,,,
2006,GTM,54,,,,
2007,GTM,53,,,,
2008,GTM,54,,,,
2009,GTM,52,,,,
2010,GTM,54,,,,
2011,GTM,52,,,,
2012,GTM,56,,,,
2013,GTM,57,,,,
2014,GTM,59,,,,
2015,GTM,65,,,,
2016,GTM,63,,,,
2017,GTM,68,,,,
2018,GTM,69,,,,
2019,GTM,69,,,,
2020,GTM,69,,,,
2021,GTM,72,,,,
2022,GTM,72,,,,
2023,GTM,72,,,,
2000,GUF,100,,,,
2001,GUF,100,,,,
2002,GUF,100,,,,
2003,GUF,100,,,,
2004,GUF,100,,,,
2005,GUF,100,,,,
2006,GUF,100,,,,
2007,GUF,100,,,,
2008,GUF,100,,,,
2009,GUF,100,,,,
2010,GUF,100,,,,
2011,GUF,100,,,,
2012,GUF,100,,,,
2013,GUF,100,,,,
2014,GUF,100,,,,
2015,GUF,100,,,,
2016,GUF,100,,,,
2017,GUF,100,,,,
2018,GUF,100,,,,
2019,GUF,100,,,,
2020,GUF,100,,,,
2021,GUF,100,,,,
2022,GUF,100,,,,
2000,GUM,0,,,,
2001,GUM,0,,,,
2002,GUM,0,,,,
2003,GUM,0,,,,
2004,GUM,0,,,,
2005,GUM,0,,,,
2006,GUM,0,,,,
2007,GUM,0,,,,
2008,GUM,0,,,,
2009,GUM,0,,,,
2010,GUM,0,,,,
2011,GUM,0,,,,
2012,GUM,0,,,,
2013,GUM,0,,,,
2014,GUM,0,,,,
2015,GUM,6,,,,
2016,GUM,6,,,,
2017,GUM,8,,,,
2018,GUM,8,,,,
2019,GUM,9,,,,
2020,GUM,9,,,,
2021,GUM,9,,,,
2022,GUM,19,,,,
2000,GUY,8,,,,
2001,GUY,8,,,,
2002,GUY,8,,,,
2003,GUY,8,,,,
2004,GUY,8,,,,
2005,GUY,9,,,,
2006,GUY,9,,,,
2007,GUY,9,,,,
2008,GUY,9,,,,
2009,GUY,17,,,,
2010,GUY,17,,,,
2011,GUY,16,,,,
2012,GUY,16,,,,
2013,GUY,16,,,,
2014,GUY,16,,,,
2015,GUY,13,,,,
2016,GUY,13,,,,
2017,GUY,13,,,,
2018,GUY,16,,,,
2019,GUY,16,,,,
2020,GUY,16,,,,
2021,GUY,14,,,,
2022,GUY,14,,,,
2023,GUY,16,,,,
2000,HKG,0,,,,
2001,HKG,0,,,,
2002,HKG,0,,,,
2003,HKG,0,,,,
2004,HKG,0,,,,
2005,HKG,0,,,,
2006,HKG,0,,,,
2007,HKG,0,,,,
2008,HKG,0,,,,
2009,HKG,0,,,,
2010,HKG,0,,,,
2011,HKG,0,,,,
2012,HKG,0,,,,
2013,HKG,0,,,,
2014,HKG,0,,,,
2015,HKG,0,,,,
2016,HKG,0,,,,
2017,HKG,0,,,,
2018,HKG,0,,,,
2019,HKG,1,,,,
2020,HKG,1,,,,
2021,HKG,1,,,,
2022,HKG,2,,,,
2023,HKG,3,,,,
2000,HND,68,,,,
2001,HND,68,,,,
2002,HND,70,,,,
2003,HND,70,,,,
2004,HND,52,,,,
2005,HND,43,,,,
2006,HND,43,,,,
2007,HND,45,,,,
2008,HND,45,,,,
2009,HND,45,,,,
2010,HND,46,,,,
2011,HND,50,,,,
2012,HND,52,,,,
2013,HND,52,,,,
2014,HND,56,,,,
2015,HND,63,,,,
2016,HND,65,,,,
2017,HND,67,,,,
2018,HND,67,,,,
2019,HND,66,,,,
2020,HND,66,,,,
2021,HND,66,,,,
2022,HND,67,,,,
2023,HND,67,,,,
2000,HRV,48,,,,
2001,HRV,48,,,,
2002,HRV,46,,,,
2003,HRV,46,,,,
2004,HRV,47,,,,
2005,HRV,47,,,,
2006,HRV,47,,,,
2007,HRV,47,,,,
2008,HRV,47,,,,
2009,HRV,47,,,,
2010,HRV,48,,,,
2011,HRV,48,,,,
2012,HRV,49,,,,
2013,HRV,51,,,,
2014,HRV,52,,,,
2015,HRV,51,,,,
2016,HRV,52,,,,
2017,HRV,53,,,,
2018,HRV,54,,,,
2019,HRV,58,,,,
2020,HRV,63,,,,
2021,HRV,65,,,,
2022,HRV,65,,,,
2023,HRV,67,,,,
2024,HRV,69,,,,
2000,HTI,29,,,,
2001,HTI,29,,,,
2002,HTI,27,,,,
2003,HTI,23,,,,
2004,HTI,22,,,,
2005,HTI,22,,,,
2006,HTI,22,,,,
2007,HTI,22,,,,
2008,HTI,18,,,,
2009,HTI,15,,,,
2010,HTI,15,,,,
2011,HTI,14,,,,
2012,HTI,14,,,,
2013,HTI,13,,,,
2014,HTI,13,,,,
2015,HTI,13,,,,
2016,HTI,13,,,,
2017,HTI,13,,,,
2018,HTI,17,,,,
2019,HTI,17,,,,
2020,HTI,17,,,,
2021,HTI,17,,,,
2022,HTI,17,,,,
2000,HUN,19,,,,
2001,HUN,18,,,,
2002,HUN,19,,,,
2003,HUN,19,,,,
2004,HUN,20,,,,
2005,HUN,22,,,,
2006,HUN,22,,,,
2007,HUN,22,,,,
2008,HUN,24,,,,
2009,HUN,25,,,,
2010,HUN,26,,,,
2011,HUN,25,,,,
2012,HUN,25,,,,
2013,HUN,28,,,,
2014,HUN,30,,,,
2015,HUN,30,,,,
2016,HUN,30,,,,
2017,HUN,31,,,,
2018,HUN,34,,,,
2019,HUN,37,,,,
2020,HUN,41,,,,
2021,HUN,45,,,,
2022,HUN,51,,,,
2023,HUN,56,,,,
2024,HUN,60,,,,
2000,IDN,16,,,,
2001,IDN,18,,,,
2002,IDN,18,,,,
2003,IDN,18,,,,
2004,IDN,18,,,,
2005,IDN,19,,,,
2006,IDN,19,,,,
2007,IDN,18,,,,
2008,IDN,18,,,,
2009,IDN,20,,,,
2010,IDN,19,,,,
2011,IDN,17,,,,
2012,IDN,16,,,,
2013,IDN,16,,,,
2014,IDN,16,,,,
2015,IDN,16,,,,
2016,IDN,16,,,,
2017,IDN,15,,,,
2018,IDN,16,,,,
2019,IDN,15,,,,
2020,IDN,14,,,,
2021,IDN,15,,,,
2022,IDN,15,,,,
2023,IDN,14,,,,
2024,IDN,14,,,,
2000,IND,25,,,,
2001,IND,26,,,,
2002,IND,26,,,,
2003,IND,27,,,,
2004,IND,29,,,,
2005,IND,30,,,,
2006,IND,31,,,,
2007,IND,31,,,,
2008,IND,32,,,,
2009,IND,31,,,,
2010,IND,30,,,,
2011,IND,30,,,,
2012,IND,28,,,,
2013,IND,27,,,,
2014,IND,27,,,,
2015,IND,27,,,,
2016,IND,28,,,,
2017,IND,30,,,,
2018,IND,32,,,,
2019,IND,33,,,,
2020,IND,34,,,,
2021,IND,35,,,,
2022,IND,38,,,,
2023,IND,39,,,,
2024,IND,42,,,,
2000,IRL,11,,,,
2001,IRL,11,,,,
2002,IRL,9,,,,
2003,IRL,11,,,,
2004,IRL,13,,,,
2005,IRL,15,,,,
2006,IRL,17,,,,
2007,IRL,17,,,,
2008,IRL,20,,,,
2009,IRL,23,,,,
2010,IRL,22,,,,
2011,IRL,24,,,,
2012,IRL,25,,,,
2013,IRL,27,,,,
2014,IRL,30,,,,
2015,IRL,30,,,,
2016,IRL,33,,,,
2017,IRL,36,,,,
2018,IRL,39,,,,
2019,IRL,42,,,,
2020,IRL,43,,,,
2021,IRL,44,,,,
2022,IRL,45,,,,
2023,IRL,52,,,,
2024,IRL,52,,,,
2000,IRN,10,,,,
2001,IRN,8,,,,
2002,IRN,12,,,,
2003,IRN,16,,,,
2004,IRN,17,,,,
2005,IRN,18,,,,
2006,IRN,18,,,,
2007,IRN,20,,,,
2008,IRN,19,,,,
2009,IRN,18,,,,
2010,IRN,18,,,,
2011,IRN,20,,,,
2012,IRN,19,,,,
2013,IRN,19,,,,
2014,IRN,19,,,,
2015,IRN,18,,,,
2016,IRN,18,,,,
2017,IRN,18,,,,
2018,IRN,18,,,,
2019,IRN,17,,,,
2020,IRN,17,,,,
2021,IRN,16,,,,
2022,IRN,16,,,,
2023,IRN,16,,,,
2024,IRN,16,,,,
2000,IRQ,5,,,,
2001,IRQ,5,,,,
2002,IRQ,3,,,,
2003,IRQ,4,,,,
2004,IRQ,11,,,,
2005,IRQ,11,,,,
2006,IRQ,13,,,,
2007,IRQ,13,,,,
2008,IRQ,14,,,,
2009,IRQ,14,,,,
2010,IRQ,14,,,,
2011,IRQ,14,,,,
2012,IRQ,12,,,,
2013,IRQ,9,,,,
2014,IRQ,8,,,,
2015,IRQ,8,,,,
2016,IRQ,7,,,,
2017,IRQ,5,,,,
2018,IRQ,5,,,,
2019,IRQ,5,,,,
2020,IRQ,4,,,,
2021,IRQ,4,,,,
2022,IRQ,4,,,,
2023,IRQ,3,,,,
2000,ISL,89,,,,
2001,ISL,90,,,,
2002,ISL,90,,,,
2003,ISL,90,,,,
2004,ISL,91,,,,
2005,ISL,91,,,,
2006,ISL,92,,,,
2007,ISL,95,,,,
2008,ISL,95,,,,
2009,ISL,95,,,,
2010,ISL,95,,,,
2011,ISL,96,,,,
2012,ISL,96,,,,
2013,ISL,96,,,,
2014,ISL,96,,,,
2015,ISL,96,,,,
2016,ISL,96,,,,
2017,ISL,96,,,,
2018,ISL,96,,,,
2019,ISL,96,,,,
2020,ISL,96,,,,
2021,ISL,96,,,,
2022,ISL,96,,,,
2023,ISL,96,,,,
2000,ISR,0,,,,
2001,ISR,0,,,,
2002,ISR,0,,,,
2003,ISR,0,,,,
2004,ISR,0,,,,
2005,ISR,0,,,,
2006,ISR,0,,,,
2007,ISR,0,,,,
2008,ISR,0,,,,
2009,ISR,0,,,,
2010,ISR,1,,,,
2011,ISR,2,,,,
2012,ISR,3,,,,
2013,ISR,3,,,,
2014,ISR,4,,,,
2015,ISR,5,,,,
2016,ISR,6,,,,
2017,ISR,6,,,,
2018,ISR,8,,,,
2019,ISR,12,,,,
2020,ISR,14,,,,
2021,ISR,18,,,,
2022,ISR,22,,,,
2023,ISR,26,,,,
2000,ITA,22,,,,
2001,ITA,22,,,,
2002,ITA,23,,,,
2003,ITA,23,,,,
2004,ITA,22,,,,
2005,ITA,22,,,,
2006,ITA,22,,,,
2007,ITA,22,,,,
2008,ITA,22,,,,
2009,ITA,24,,,,
2010,ITA,26,,,,
2011,ITA,32,,,,
2012,ITA,35,,,,
2013,ITA,37,,,,
2014,ITA,38,,,,
2015,ITA,41,,,,
2016,ITA,42,,,,
2017,ITA,43,,,,
2018,ITA,44,,,,
2019,ITA,44,,,,
2020,ITA,46,,,,
2021,ITA,47,,,,
2022,ITA,48,,,,
2023,ITA,50,,,,
2024,ITA,53,,,,
2000,JAM,7,,,,
2001,JAM,7,,,,
2002,JAM,6,,,,
2003,JAM,5,,,,
2004,JAM,8,,,,
2005,JAM,8,,,,
2006,JAM,7,,,,
2007,JAM,7,,,,
2008,JAM,7,,,,
2009,JAM,7,,,,
2010,JAM,9,,,,
2011,JAM,9,,,,
2012,JAM,8,,,,
2013,JAM,9,,,,
2014,JAM,9,,,,
2015,JAM,10,,,,
2016,JAM,16,,,,
2017,JAM,18,,,,
2018,JAM,18,,,,
2019,JAM,18,,,,
2020,JAM,17,,,,
2021,JAM,17,,,,
2022,JAM,17,,,,
2000,JOR,3,,,,
2001,JOR,3,,,,
2002,JOR,3,,,,
2003,JOR,3,,,,
2004,JOR,3,,,,
2005,JOR,1,,,,
2006,JOR,1,,,,
2007,JOR,1,,,,
2008,JOR,1,,,,
2009,JOR,1,,,,
2010,JOR,1,,,,
2011,JOR,1,,,,
2012,JOR,0,,,,
2013,JOR,0,,,,
2014,JOR,0,,,,
2015,JOR,6,,,,
2016,JOR,13,,,,
2017,JOR,16,,,,
2018,JOR,21,,,,
2019,JOR,25,,,,
2020,JOR,34,,,,
2021,JOR,35,,,,
2022,JOR,37,,,,
2000,JPN,34,,,,
2001,JPN,36,,,,
2002,JPN,36,,,,
2003,JPN,36,,,,
2004,JPN,36,,,,
2005,JPN,37,,,,
2006,JPN,37,,,,
2007,JPN,37,,,,
2008,JPN,36,,,,
2009,JPN,36,,,,
2010,JPN,35,,,,
2011,JPN,36,,,,
2012,JPN,35,,,,
2013,JPN,36,,,,
2014,JPN,37,,,,
2015,JPN,39,,,,
2016,JPN,40,,,,
2017,JPN,42,,,,
2018,JPN,43,,,,
2019,JPN,44,,,,
2020,JPN,45,,,,
2021,JPN,47,,,,
2022,JPN,48,,,,
2023,JPN,50,,,,
2024,JPN,50,,,,
2000,KAZ,13,,,,
2001,KAZ,13,,,,
2002,KAZ,13,,,,
2003,KAZ,13,,,,
2004,KAZ,13,,,,
2005,KAZ,13,,,,
2006,KAZ,13,,,,
2007,KAZ,13,,,,
2008,KAZ,13,,,,
2009,KAZ,13,,,,
2010,KAZ,13,,,,
2011,KAZ,13,,,,
2012,KAZ,14,,,,
2013,KAZ,14,,,,
2014,KAZ,14,,,,
2015,KAZ,15,,,,
2016,KAZ,14,,,,
2017,KAZ,15,,,,
2018,KAZ,15,,,,
2019,KAZ,17,,,,
2020,KAZ,19,,,,
2021,KAZ,20,,,,
2022,KAZ,22,,,,
2023,KAZ,24,,,,
2024,KAZ,23,,,,
2000,KEN,86,,,,
2001,KEN,79,,,,
2002,KEN,79,,,,
2003,KEN,79,,,,
2004,KEN,77,,,,
2005,KEN,77,,,,
2006,KEN,77,,,,
2007,KEN,77,,,,
2008,KEN,78,,,,
2009,KEN,74,,,,
2010,KEN,69,,,,
2011,KEN,69,,,,
2012,KEN,71,,,,
2013,KEN,67,,,,
2014,KEN,67,,,,
2015,KEN,69,,,,
2016,KEN,70,,,,
2017,KEN,70,,,,
2018,KEN,74,,,,
2019,KEN,75,,,,
2020,KEN,76,,,,
2021,KEN,79,,,,
2022,KEN,81,,,,
2023,KEN,83,,,,
2024,KEN,83,,,,
2000,KGZ,82,,,,
2001,KGZ,82,,,,
2002,KGZ,82,,,,
2003,KGZ,82,,,,
2004,KGZ,82,,,,
2005,KGZ,82,,,,
2006,KGZ,82,,,,
2007,KGZ,82,,,,
2008,KGZ,82,,,,
2009,KGZ,82,,,,
2010,KGZ,82,,,,
2011,KGZ,82,,,,
2012,KGZ,82,,,,
2013,KGZ,84,,,,
2014,KGZ,85,,,,
2015,KGZ,85,,,,
2016,KGZ,85,,,,
2017,KGZ,82,,,,
2018,KGZ,82,,,,
2019,KGZ,82,,,,
2020,KGZ,82,,,,
2021,KGZ,77,,,,
2022,KGZ,77,,,,
2023,KGZ,79,,,,
2024,KGZ,80,,,,
2000,KHM,6,,,,
2001,KHM,6,,,,
2002,KHM,6,,,,
2003,KHM,6,,,,
2004,KHM,5,,,,
2005,KHM,4,,,,
2006,KHM,3,,,,
2007,KHM,6,,,,
2008,KHM,5,,,,
2009,KHM,6,,,,
2010,KHM,6,,,,
2011,KHM,40,,,,
2012,KHM,47,,,,
2013,KHM,70,,,,
2014,KHM,66,,,,
2015,KHM,60,,,,
2016,KHM,60,,,,
2017,KHM,58,,,,
2018,KHM,65,,,,
2019,KHM,67,,,,
2020,KHM,57,,,,
2021,KHM,58,,,,
2022,KHM,47,,,,
2023,KHM,47,,,,
2024,KHM,52,,,,
2000,KIR,#DIV/0!,,,,
2001,KIR,#DIV/0!,,,,
2002,KIR,0,,,,
2003,KIR,0,,,,
2004,KIR,0,,,,
2005,KIR,#DIV/0!,,,,
2006,KIR,0,,,,
2007,KIR,0,,,,
2008,KIR,0,,,,
2009,KIR,0,,,,
2010,KIR,0,,,,
2011,KIR,0,,,,
2012,KIR,0,,,,
2013,KIR,0,,,,
2014,KIR,0,,,,
2015,KIR,0,,,,
2016,KIR,0,,,,
2017,KIR,0,,,,
2018,KIR,0,,,,
2019,KIR,0,,,,
2020,KIR,0,,,,
2021,KIR,0,,,,
2022,KIR,0,,,,
2000,KNA,0,,,,
2001,KNA,0,,,,
2002,KNA,0,,,,
2003,KNA,0,,,,
2004,KNA,0,,,,
2005,KNA,0,,,,
2006,KNA,0,,,,
2007,KNA,0,,,,
2008,KNA,0,,,,
2009,KNA,0,,,,
2010,KNA,0,,,,
2011,KNA,0,,,,
2012,KNA,0,,,,
2013,KNA,0,,,,
2014,KNA,0,,,,
2015,KNA,0,,,,
2016,KNA,0,,,,
2017,KNA,0,,,,
2018,KNA,0,,,,
2019,KNA,0,,,,
2020,KNA,0,,,,
2021,KNA,0,,,,
2022,KNA,0,,,,
2000,KOR,32,,,,
2001,KOR,30,,,,
2002,KOR,31,,,,
2003,KOR,30,,,,
2004,KOR,32,,,,
2005,KOR,32,,,,
2006,KOR,32,,,,
2007,KOR,30,,,,
2008,KOR,30,,,,
2009,KOR,28,,,,
2010,KOR,28,,,,
2011,KOR,28,,,,
2012,KOR,30,,,,
2013,KOR,30,,,,
2014,KOR,28,,,,
2015,KOR,30,,,,
2016,KOR,30,,,,
2017,KOR,29,,,,
2018,KOR,30,,,,
2019,KOR,32,,,,
2020,KOR,35,,,,
2021,KOR,35,,,,
2022,KOR,37,,,,
2023,KOR,37,,,,
2024,KOR,38,,,,
2000,KWT,0,,,,
2001,KWT,0,,,,
2002,KWT,0,,,,
2003,KWT,0,,,,
2004,KWT,0,,,,
2005,KWT,0,,,,
2006,KWT,0,,,,
2007,KWT,0,,,,
2008,KWT,0,,,,
2009,KWT,0,,,,
2010,KWT,0,,,,
2011,KWT,0,,,,
2012,KWT,0,,,,
2013,KWT,0,,,,
2014,KWT,0,,,,
2015,KWT,0,,,,
2016,KWT,0,,,,
2017,KWT,0,,,,
2018,KWT,0,,,,
2019,KWT,0,,,,
2020,KWT,0,,,,
2021,KWT,0,,,,
2022,KWT,1,,,,
2023,KWT,1,,,,
2024,KWT,1,,,,
2000,LAO,100,,,,
2001,LAO,100,,,,
2002,LAO,100,,,,
2003,LAO,100,,,,
2004,LAO,100,,,,
2005,LAO,100,,,,
2006,LAO,100,,,,
2007,LAO,100,,,,
2008,LAO,100,,,,
2009,LAO,100,,,,
2010,LAO,100,,,,
2011,LAO,100,,,,
2012,LAO,100,,,,
2013,LAO,100,,,,
2014,LAO,100,,,,
2015,LAO,78,,,,
2016,LAO,72,,,,
2017,LAO,73,,,,
2018,LAO,75,,,,
2019,LAO,77,,,,
2020,LAO,81,,,,
2021,LAO,83,,,,
2022,LAO,84,,,,
2023,LAO,84,,,,
2000,LBN,18,,,,
2001,LBN,14,,,,
2002,LBN,11,,,,
2003,LBN,11,,,,
2004,LBN,11,,,,
2005,LBN,11,,,,
2006,LBN,11,,,,
2007,LBN,11,,,,
2008,LBN,11,,,,
2009,LBN,11,,,,
2010,LBN,11,,,,
2011,LBN,11,,,,
2012,LBN,10,,,,
2013,LBN,9,,,,
2014,LBN,9,,,,
2015,LBN,9,,,,
2016,LBN,10,,,,
2017,LBN,10,,,,
2018,LBN,10,,,,
2019,LBN,11,,,,
2020,LBN,11,,,,
2021,LBN,15,,,,
2022,LBN,30,,,,
2023,LBN,32,,,,
2000,LBR,0,,,,
2001,LBR,0,,,,
2002,LBR,0,,,,
2003,LBR,0,,,,
2004,LBR,0,,,,
2005,LBR,0,,,,
2006,LBR,0,,,,
2007,LBR,0,,,,
2008,LBR,0,,,,
2009,LBR,0,,,,
2010,LBR,0,,,,
2011,LBR,0,,,,
2012,LBR,0,,,,
2013,LBR,0,,,,
2014,LBR,0,,,,
2015,LBR,0,,,,
2016,LBR,23,,,,
2017,LBR,47,,,,
2018,LBR,47,,,,
2019,LBR,47,,,,
2020,LBR,47,,,,
2021,LBR,47,,,,
2022,LBR,47,,,,
2023,LBR,47,,,,
2000,LBY,0,,,,
2001,LBY,0,,,,
2002,LBY,0,,,,
2003,LBY,0,,,,
2004,LBY,0,,,,
2005,LBY,0,,,,
2006,LBY,0,,,,
2007,LBY,0,,,,
2008,LBY,0,,,,
2009,LBY,0,,,,
2010,LBY,0,,,,
2011,LBY,0,,,,
2012,LBY,0,,,,
2013,LBY,0,,,,
2014,LBY,0,,,,
2015,LBY,0,,,,
2016,LBY,0,,,,
2017,LBY,0,,,,
2018,LBY,0,,,,
2019,LBY,0,,,,
2020,LBY,0,,,,
2021,LBY,0,,,,
2022,LBY,0,,,,
2023,LBY,0,,,,
2000,LCA,0,,,,
2001,LCA,0,,,,
2002,LCA,0,,,,
2003,LCA,0,,,,
2004,LCA,0,,,,
2005,LCA,0,,,,
2006,LCA,0,,,,
2007,LCA,0,,,,
2008,LCA,0,,,,
2009,LCA,0,,,,
2010,LCA,0,,,,
2011,LCA,0,,,,
2012,LCA,0,,,,
2013,LCA,0,,,,
2014,LCA,0,,,,
2015,LCA,0,,,,
2016,LCA,0,,,,
2017,LCA,0,,,,
2018,LCA,0,,,,
2019,LCA,0,,,,
2020,LCA,0,,,,
2021,LCA,0,,,,
2022,LCA,0,,,,
2000,LKA,88,,,,
2001,LKA,88,,,,
2002,LKA,78,,,,
2003,LKA,79,,,,
2004,LKA,80,,,,
2005,LKA,75,,,,
2006,LKA,75,,,,
2007,LKA,75,,,,
2008,LKA,76,,,,
2009,LKA,76,,,,
2010,LKA,77,,,,
2011,LKA,67,,,,
2012,LKA,70,,,,
2013,LKA,70,,,,
2014,LKA,58,,,,
2015,LKA,57,,,,
2016,LKA,58,,,,
2017,LKA,60,,,,
2018,LKA,61,,,,
2019,LKA,63,,,,
2020,LKA,64,,,,
2021,LKA,66,,,,
2022,LKA,63,,,,
2023,LKA,69,,,,
2024,LKA,72,,,,
2000,LSO,100,,,,
2001,LSO,100,,,,
2002,LSO,100,,,,
2003,LSO,100,,,,
2004,LSO,100,,,,
2005,LSO,100,,,,
2006,LSO,100,,,,
2007,LSO,100,,,,
2008,LSO,100,,,,
2009,LSO,100,,,,
2010,LSO,100,,,,
2011,LSO,100,,,,
2012,LSO,100,,,,
2013,LSO,100,,,,
2014,LSO,100,,,,
2015,LSO,100,,,,
2016,LSO,100,,,,
2017,LSO,100,,,,
2018,LSO,100,,,,
2019,LSO,100,,,,
2020,LSO,100,,,,
2021,LSO,100,,,,
2022,LSO,100,,,,
2000,LTU,50,,,,
2001,LTU,50,,,,
2002,LTU,50,,,,
2003,LTU,50,,,,
2004,LTU,50,,,,
2005,LTU,35,,,,
2006,LTU,35,,,,
2007,LTU,36,,,,
2008,LTU,35,,,,
2009,LTU,36,,,,
2010,LTU,10,,,,
2011,LTU,12,,,,
2012,LTU,13,,,,
2013,LTU,15,,,,
2014,LTU,17,,,,
2015,LTU,25,,,,
2016,LTU,27,,,,
2017,LTU,31,,,,
2018,LTU,33,,,,
2019,LTU,34,,,,
2020,LTU,37,,,,
2021,LTU,43,,,,
2022,LTU,53,,,,
2023,LTU,63,,,,
2024,LTU,72,,,,
2000,LUX,40,,,,
2001,LUX,33,,,,
2002,LUX,8,,,,
2003,LUX,11,,,,
2004,LUX,14,,,,
2005,LUX,14,,,,
2006,LUX,16,,,,
2007,LUX,16,,,,
2008,LUX,17,,,,
2009,LUX,19,,,,
2010,LUX,20,,,,
2011,LUX,21,,,,
2012,LUX,26,,,,
2013,LUX,30,,,,
2014,LUX,31,,,,
2015,LUX,33,,,,
2016,LUX,73,,,,
2017,LUX,78,,,,
2018,LUX,78,,,,
2019,LUX,81,,,,
2020,LUX,84,,,,
2021,LUX,86,,,,
2022,LUX,87,,,,
2023,LUX,90,,,,
2024,LUX,91,,,,
2000,LVA,72,,,,
2001,LVA,73,,,,
2002,LVA,73,,,,
2003,LVA,73,,,,
2004,LVA,73,,,,
2005,LVA,73,,,,
2006,LVA,73,,,,
2007,LVA,74,,,,
2008,LVA,73,,,,
2009,LVA,63,,,,
2010,LVA,63,,,,
2011,LVA,64,,,,
2012,LVA,64,,,,
2013,LVA,61,,,,
2014,LVA,61,,,,
2015,LVA,61,,,,
2016,LVA,61,,,,
2017,LVA,61,,,,
2018,LVA,61,,,,
2019,LVA,62,,,,
2020,LVA,62,,,,
2021,LVA,62,,,,
2022,LVA,64,,,,
2023,LVA,68,,,,
2024,LVA,69,,,,
2000,MAC,0,,,,
2001,MAC,0,,,,
2002,MAC,0,,,,
2003,MAC,0,,,,
2004,MAC,0,,,,
2005,MAC,0,,,,
2006,MAC,0,,,,
2007,MAC,0,,,,
2008,MAC,0,,,,
2009,MAC,0,,,,
2010,MAC,0,,,,
2011,MAC,0,,,,
2012,MAC,0,,,,
2013,MAC,0,,,,
2014,MAC,0,,,,
2015,MAC,0,,,,
2016,MAC,0,,,,
2017,MAC,0,,,,
2018,MAC,0,,,,
2019,MAC,0,,,,
2020,MAC,0,,,,
2021,MAC,0,,,,
2022,MAC,0,,,,
2000,MAR,41,,,,
2001,MAR,37,,,,
2002,MAR,37,,,,
2003,MAR,39,,,,
2004,MAR,39,,,,
2005,MAR,35,,,,
2006,MAR,35,,,,
2007,MAR,36,,,,
2008,MAR,36,,,,
2009,MAR,34,,,,
2010,MAR,31,,,,
2011,MAR,32,,,,
2012,MAR,30,,,,
2013,MAR,33,,,,
2014,MAR,33,,,,
2015,MAR,34,,,,
2016,MAR,35,,,,
2017,MAR,35,,,,
2018,MAR,35,,,,
2019,MAR,35,,,,
2020,MAR,36,,,,
2021,MAR,37,,,,
2022,MAR,38,,,,
2023,MAR,40,,,,
2024,MAR,42,,,,
2000,MDA,2,,,,
2001,MDA,2,,,,
2002,MDA,2,,,,
2003,MDA,2,,,,
2004,MDA,2,,,,
2005,MDA,2,,,,
2006,MDA,2,,,,
2007,MDA,2,,,,
2008,MDA,2,,,,
2009,MDA,2,,,,
2010,MDA,2,,,,
2011,MDA,2,,,,
2012,MDA,2,,,,
2013,MDA,2,,,,
2014,MDA,2,,,,
2015,MDA,2,,,,
2016,MDA,2,,,,
2017,MDA,3,,,,
2018,MDA,3,,,,
2019,MDA,4,,,,
2020,MDA,4,,,,
2021,MDA,5,,,,
2022,MDA,9,,,,
2023,MDA,13,,,,
2024,MDA,16,,,,
2000,MDG,48,,,,
2001,MDG,48,,,,
2002,MDG,48,,,,
2003,MDG,44,,,,
2004,MDG,39,,,,
2005,MDG,35,,,,
2006,MDG,31,,,,
2007,MDG,31,,,,
2008,MDG,30,,,,
2009,MDG,30,,,,
2010,MDG,25,,,,
2011,MDG,21,,,,
2012,MDG,24,,,,
2013,MDG,24,,,,
2014,MDG,24,,,,
2015,MDG,24,,,,
2016,MDG,24,,,,
2017,MDG,22,,,,
2018,MDG,23,,,,
2019,MDG,23,,,,
2020,MDG,23,,,,
2021,MDG,23,,,,
2022,MDG,28,,,,
2000,MDV,0,,,,
2001,MDV,0,,,,
2002,MDV,0,,,,
2003,MDV,0,,,,
2004,MDV,0,,,,
2005,MDV,0,,,,
2006,MDV,0,,,,
2007,MDV,0,,,,
2008,MDV,0,,,,
2009,MDV,0,,,,
2010,MDV,0,,,,
2011,MDV,0,,,,
2012,MDV,0,,,,
2013,MDV,0,,,,
2014,MDV,0,,,,
2015,MDV,0,,,,
2016,MDV,5,,,,
2017,MDV,5,,,,
2018,MDV,4,,,,
2019,MDV,5,,,,
2020,MDV,6,,,,
2021,MDV,6,,,,
2022,MDV,8,,,,
2023,MDV,8,,,,
2000,MEX,28,,,,
2001,MEX,27,,,,
2002,MEX,26,,,,
2003,MEX,22,,,,
2004,MEX,24,,,,
2005,MEX,24,,,,
2006,MEX,23,,,,
2007,MEX,23,,,,
2008,MEX,22,,,,
2009,MEX,22,,,,
2010,MEX,22,,,,
2011,MEX,22,,,,
2012,MEX,24,,,,
2013,MEX,24,,,,
2014,MEX,25,,,,
2015,MEX,25,,,,
2016,MEX,26,,,,
2017,MEX,26,,,,
2018,MEX,25,,,,
2019,MEX,29,,,,
2020,MEX,29,,,,
2021,MEX,30,,,,
2022,MEX,27,,,,
2023,MEX,27,,,,
2024,MEX,28,,,,
2000,MKD,30,,,,
2001,MKD,30,,,,
2002,MKD,30,,,,
2003,MKD,30,,,,
2004,MKD,35,,,,
2005,MKD,35,,,,
2006,MKD,35,,,,
2007,MKD,35,,,,
2008,MKD,35,,,,
2009,MKD,35,,,,
2010,MKD,35,,,,
2011,MKD,35,,,,
2012,MKD,33,,,,
2013,MKD,34,,,,
2014,MKD,35,,,,
2015,MKD,37,,,,
2016,MKD,37,,,,
2017,MKD,38,,,,
2018,MKD,38,,,,
2019,MKD,38,,,,
2020,MKD,40,,,,
2021,MKD,40,,,,
2022,MKD,42,,,,
2023,MKD,51,,,,
2024,MKD,57,,,,
2000,MLI,19,,,,
2001,MLI,19,,,,
2002,MLI,54,,,,
2003,MLI,54,,,,
2004,MLI,54,,,,
2005,MLI,54,,,,
2006,MLI,54,,,,
2007,MLI,53,,,,
2008,MLI,57,,,,
2009,MLI,54,,,,
2010,MLI,52,,,,
2011,MLI,46,,,,
2012,MLI,47,,,,
2013,MLI,50,,,,
2014,MLI,49,,,,
2015,MLI,49,,,,
2016,MLI,45,,,,
2017,MLI,45,,,,
2018,MLI,45,,,,
2019,MLI,44,,,,
2020,MLI,47,,,,
2021,MLI,48,,,,
2022,MLI,54,,,,
2023,MLI,50,,,,
2000,MLT,0,,,,
2001,MLT,0,,,,
2002,MLT,0,,,,
2003,MLT,0,,,,
2004,MLT,0,,,,
2005,MLT,0,,,,
2006,MLT,0,,,,
2007,MLT,0,,,,
2008,MLT,0,,,,
2009,MLT,0,,,,
2010,MLT,0,,,,
2011,MLT,5,,,,
2012,MLT,10,,,,
2013,MLT,14,,,,
2014,MLT,21,,,,
2015,MLT,27,,,,
2016,MLT,32,,,,
2017,MLT,17,,,,
2018,MLT,19,,,,
2019,MLT,21,,,,
2020,MLT,25,,,,
2021,MLT,27,,,,
2022,MLT,28,,,,
2023,MLT,29,,,,
2024,MLT,29,,,,
2000,MMR,61,,,,
2001,MMR,61,,,,
2002,MMR,63,,,,
2003,MMR,57,,,,
2004,MMR,72,,,,
2005,MMR,68,,,,
2006,MMR,69,,,,
2007,MMR,70,,,,
2008,MMR,73,,,,
2009,MMR,82,,,,
2010,MMR,87,,,,
2011,MMR,88,,,,
2012,MMR,89,,,,
2013,MMR,85,,,,
2014,MMR,75,,,,
2015,MMR,74,,,,
2016,MMR,69,,,,
2017,MMR,68,,,,
2018,MMR,64,,,,
2019,MMR,60,,,,
2020,MMR,54,,,,
2021,MMR,54,,,,
2022,MMR,52,,,,
2023,MMR,52,,,,
2024,MMR,52,,,,
2005,MNE,74,,,,
2006,MNE,74,,,,
2007,MNE,74,,,,
2008,MNE,74,,,,
2009,MNE,74,,,,
2010,MNE,74,,,,
2011,MNE,74,,,,
2012,MNE,74,,,,
2013,MNE,74,,,,
2014,MNE,75,,,,
2015,MNE,75,,,,
2016,MNE,75,,,,
2017,MNE,77,,,,
2018,MNE,77,,,,
2019,MNE,78,,,,
2020,MNE,79,,,,
2021,MNE,79,,,,
2022,MNE,79,,,,
2023,MNE,79,,,,
2024,MNE,79,,,,
2000,MNG,2,,,,
2001,MNG,2,,,,
2002,MNG,3,,,,
2003,MNG,3,,,,
2004,MNG,3,,,,
2005,MNG,3,,,,
2006,MNG,3,,,,
2007,MNG,3,,,,
2008,MNG,4,,,,
2009,MNG,4,,,,
2010,MNG,5,,,,
2011,MNG,5,,,,
2012,MNG,5,,,,
2013,MNG,11,,,,
2014,MNG,10,,,,
2015,MNG,9,,,,
2016,MNG,10,,,,
2017,MNG,18,,,,
2018,MNG,23,,,,
2019,MNG,24,,,,
2020,MNG,24,,,,
2021,MNG,23,,,,
2022,MNG,23,,,,
2023,MNG,23,,,,
2024,MNG,22,,,,
2000,MOZ,100,,,,
2001,MOZ,100,,,,
2002,MOZ,100,,,,
2003,MOZ,100,,,,
2004,MOZ,100,,,,
2005,MOZ,100,,,,
2006,MOZ,100,,,,
2007,MOZ,100,,,,
2008,MOZ,100,,,,
2009,MOZ,100,,,,
2010,MOZ,100,,,,
2011,MOZ,100,,,,
2012,MOZ,100,,,,
2013,MOZ,100,,,,
2014,MOZ,100,,,,
2015,MOZ,85,,,,
2016,MOZ,85,,,,
2017,MOZ,85,,,,
2018,MOZ,77,,,,
2019,MOZ,78,,,,
2020,MOZ,78,,,,
2021,MOZ,78,,,,
2022,MOZ,78,,,,
2023,MOZ,78,,,,
2000,MRT,0,,,,
2001,MRT,0,,,,
2002,MRT,0,,,,
2003,MRT,0,,,,
2004,MRT,0,,,,
2005,MRT,0,,,,
2006,MRT,0,,,,
2007,MRT,0,,,,
2008,MRT,0,,,,
2009,MRT,0,,,,
2010,MRT,0,,,,
2011,MRT,0,,,,
2012,MRT,0,,,,
2013,MRT,8,,,,
2014,MRT,8,,,,
2015,MRT,11,,,,
2016,MRT,13,,,,
2017,MRT,13,,,,
2018,MRT,22,,,,
2019,MRT,22,,,,
2020,MRT,22,,,,
2021,MRT,22,,,,
2022,MRT,22,,,,
2000,MSR,0,,,,
2001,MSR,0,,,,
2002,MSR,0,,,,
2003,MSR,0,,,,
2004,MSR,0,,,,
2005,MSR,#DIV/0!,,,,
2006,MSR,#DIV/0!,,,,
2007,MSR,#DIV/0!,,,,
2008,MSR,#DIV/0!,,,,
2009,MSR,#DIV/0!,,,,
2010,MSR,#DIV/0!,,,,
2011,MSR,#DIV/0!,,,,
2012,MSR,#DIV/0!,,,,
2013,MSR,#DIV/0!,,,,
2014,MSR,0,,,,
2015,MSR,0,,,,
2016,MSR,0,,,,
2017,MSR,0,,,,
2018,MSR,0,,,,
2019,MSR,0,,,,
2020,MSR,0,,,,
2021,MSR,0,,,,
2022,MSR,0,,,,
2002,MTQ,0,,,,
2003,MTQ,0,,,,
2004,MTQ,0,,,,
2005,MTQ,0,,,,
2006,MTQ,0,,,,
2007,MTQ,0,,,,
2008,MTQ,14,,,,
2009,MTQ,14,,,,
2010,MTQ,33,,,,
2011,MTQ,45,,,,
2012,MTQ,50,,,,
2013,MTQ,50,,,,
2014,MTQ,18,,,,
2015,MTQ,20,,,,
2016,MTQ,20,,,,
2017,MTQ,20,,,,
2018,MTQ,28,,,,
2019,MTQ,32,,,,
2020,MTQ,33,,,,
2021,MTQ,32,,,,
2022,MTQ,32,,,,
2000,MTQ,0,,,,
2001,MTQ,0,,,,
2000,MUS,22,,,,
2001,MUS,24,,,,
2002,MUS,24,,,,
2003,MUS,24,,,,
2004,MUS,24,,,,
2005,MUS,32,,,,
2006,MUS,22,,,,
2007,MUS,20,,,,
2008,MUS,19,,,,
2009,MUS,23,,,,
2010,MUS,22,,,,
2011,MUS,21,,,,
2012,MUS,18,,,,
2013,MUS,18,,,,
2014,MUS,18,,,,
2015,MUS,21,,,,
2016,MUS,23,,,,
2017,MUS,21,,,,
2018,MUS,27,,,,
2019,MUS,29,,,,
2020,MUS,29,,,,
2021,MUS,29,,,,
2022,MUS,29,,,,
2023,MUS,31,,,,
2000,MWI,89,,,,
2001,MWI,89,,,,
2002,MWI,89,,,,
2003,MWI,94,,,,
2004,MWI,92,,,,
2005,MWI,92,,,,
2006,MWI,92,,,,
2007,MWI,92,,,,
2008,MWI,94,,,,
2009,MWI,92,,,,
2010,MWI,92,,,,
2011,MWI,92,,,,
2012,MWI,92,,,,
2013,MWI,93,,,,
2014,MWI,93,,,,
2015,MWI,93,,,,
2016,MWI,91,,,,
2017,MWI,81,,,,
2018,MWI,76,,,,
2019,MWI,75,,,,
2020,MWI,75,,,,
2021,MWI,79,,,,
2022,MWI,80,,,,
2000,MYS,19,,,,
2001,MYS,18,,,,
2002,MYS,17,,,,
2003,MYS,15,,,,
2004,MYS,15,,,,
2005,MYS,15,,,,
2006,MYS,14,,,,
2007,MYS,13,,,,
2008,MYS,13,,,,
2009,MYS,11,,,,
2010,MYS,11,,,,
2011,MYS,14,,,,
2012,MYS,15,,,,
2013,MYS,18,,,,
2014,MYS,23,,,,
2015,MYS,26,,,,
2016,MYS,24,,,,
2017,MYS,20,,,,
2018,MYS,21,,,,
2019,MYS,21,,,,
2020,MYS,23,,,,
2021,MYS,22,,,,
2022,MYS,22,,,,
2023,MYS,22,,,,
2024,MYS,22,,,,
2000,NAM,62,,,,
2001,NAM,62,,,,
2002,NAM,62,,,,
2003,NAM,62,,,,
2004,NAM,62,,,,
2005,NAM,62,,,,
2006,NAM,62,,,,
2007,NAM,62,,,,
2008,NAM,62,,,,
2009,NAM,60,,,,
2010,NAM,60,,,,
2011,NAM,57,,,,
2012,NAM,65,,,,
2013,NAM,65,,,,
2014,NAM,61,,,,
2015,NAM,62,,,,
2016,NAM,67,,,,
2017,NAM,70,,,,
2018,NAM,71,,,,
2019,NAM,74,,,,
2020,NAM,74,,,,
2021,NAM,74,,,,
2022,NAM,75,,,,
2023,NAM,74,,,,
2000,NCL,22,,,,
2001,NCL,22,,,,
2002,NCL,24,,,,
2003,NCL,24,,,,
2004,NCL,26,,,,
2005,NCL,26,,,,
2006,NCL,28,,,,
2007,NCL,22,,,,
2008,NCL,22,,,,
2009,NCL,22,,,,
2010,NCL,22,,,,
2011,NCL,22,,,,
2012,NCL,21,,,,
2013,NCL,18,,,,
2014,NCL,13,,,,
2015,NCL,14,,,,
2016,NCL,14,,,,
2017,NCL,16,,,,
2018,NCL,18,,,,
2019,NCL,21,,,,
2020,NCL,24,,,,
2021,NCL,27,,,,
2022,NCL,26,,,,
2000,NER,0,,,,
2001,NER,0,,,,
2002,NER,0,,,,
2003,NER,0,,,,
2004,NER,0,,,,
2005,NER,0,,,,
2006,NER,7,,,,
2007,NER,7,,,,
2008,NER,7,,,,
2009,NER,7,,,,
2010,NER,7,,,,
2011,NER,5,,,,
2012,NER,4,,,,
2013,NER,4,,,,
2014,NER,4,,,,
2015,NER,4,,,,
2016,NER,4,,,,
2017,NER,3,,,,
2018,NER,3,,,,
2019,NER,3,,,,
2020,NER,3,,,,
2021,NER,3,,,,
2022,NER,11,,,,
2023,NER,15,,,,
2000,NGA,34,,,,
2001,NGA,34,,,,
2002,NGA,32,,,,
2003,NGA,32,,,,
2004,NGA,32,,,,
2005,NGA,30,,,,
2006,NGA,30,,,,
2007,NGA,28,,,,
2008,NGA,26,,,,
2009,NGA,25,,,,
2010,NGA,25,,,,
2011,NGA,25,,,,
2012,NGA,22,,,,
2013,NGA,20,,,,
2014,NGA,20,,,,
2015,NGA,17,,,,
2016,NGA,17,,,,
2017,NGA,17,,,,
2018,NGA,16,,,,
2019,NGA,16,,,,
2020,NGA,16,,,,
2021,NGA,16,,,,
2022,NGA,16,,,,
2023,NGA,21,,,,
2024,NGA,20,,,,
2000,NIC,41,,,,
2001,NIC,41,,,,
2002,NIC,42,,,,
2003,NIC,45,,,,
2004,NIC,50,,,,
2005,NIC,51,,,,
2006,NIC,51,,,,
2007,NIC,52,,,,
2008,NIC,52,,,,
2009,NIC,55,,,,
2010,NIC,56,,,,
2011,NIC,56,,,,
2012,NIC,65,,,,
2013,NIC,65,,,,
2014,NIC,66,,,,
2015,NIC,67,,,,
2016,NIC,69,,,,
2017,NIC,60,,,,
2018,NIC,60,,,,
2019,NIC,62,,,,
2020,NIC,62,,,,
2021,NIC,62,,,,
2022,NIC,63,,,,
2023,NIC,63,,,,
2000,NIU,#DIV/0!,,,,
2001,NIU,#DIV/0!,,,,
2002,NIU,#DIV/0!,,,,
2003,NIU,#DIV/0!,,,,
2004,NIU,#DIV/0!,,,,
2005,NIU,#DIV/0!,,,,
2006,NIU,#DIV/0!,,,,
2007,NIU,#DIV/0!,,,,
2008,NIU,#DIV/0!,,,,
2009,NIU,#DIV/0!,,,,
2010,NIU,#DIV/0!,,,,
2011,NIU,#DIV/0!,,,,
2012,NIU,#DIV/0!,,,,
2013,NIU,#DIV/0!,,,,
2014,NIU,#DIV/0!,,,,
2015,NIU,#DIV/0!,,,,
2016,NIU,#DIV/0!,,,,
2017,NIU,#DIV/0!,,,,
2018,NIU,#DIV/0!,,,,
2019,NIU,#DIV/0!,,,,
2020,NIU,#DIV/0!,,,,
2021,NIU,#DIV/0!,,,,
2022,NIU,#DIV/0!,,,,
2000,NLD,10,,,,
2001,NLD,10,,,,
2002,NLD,11,,,,
2003,NLD,13,,,,
2004,NLD,13,,,,
2005,NLD,14,,,,
2006,NLD,17,,,,
2007,NLD,18,,,,
2008,NLD,21,,,,
2009,NLD,21,,,,
2010,NLD,19,,,,
2011,NLD,19,,,,
2012,NLD,18,,,,
2013,NLD,19,,,,
2014,NLD,20,,,,
2015,NLD,23,,,,
2016,NLD,26,,,,
2017,NLD,29,,,,
2018,NLD,33,,,,
2019,NLD,39,,,,
2020,NLD,49,,,,
2021,NLD,54,,,,
2022,NLD,58,,,,
2023,NLD,63,,,,
2024,NLD,66,,,,
2000,NOR,99,,,,
2001,NOR,99,,,,
2002,NOR,100,,,,
2003,NOR,100,,,,
2004,NOR,99,,,,
2005,NOR,99,,,,
2006,NOR,99,,,,
2007,NOR,98,,,,
2008,NOR,98,,,,
2009,NOR,96,,,,
2010,NOR,95,,,,
2011,NOR,95,,,,
2012,NOR,95,,,,
2013,NOR,96,,,,
2014,NOR,96,,,,
2015,NOR,96,,,,
2016,NOR,97,,,,
2017,NOR,97,,,,
2018,NOR,97,,,,
2019,NOR,97,,,,
2020,NOR,98,,,,
2021,NOR,98,,,,
2022,NOR,98,,,,
2023,NOR,98,,,,
2024,NOR,98,,,,
2000,NPL,84,,,,
2001,NPL,89,,,,
2002,NPL,89,,,,
2003,NPL,92,,,,
2004,NPL,92,,,,
2005,NPL,92,,,,
2006,NPL,92,,,,
2007,NPL,92,,,,
2008,NPL,92,,,,
2009,NPL,93,,,,
2010,NPL,93,,,,
2011,NPL,93,,,,
2012,NPL,93,,,,
2013,NPL,94,,,,
2014,NPL,94,,,,
2015,NPL,94,,,,
2016,NPL,94,,,,
2017,NPL,95,,,,
2018,NPL,96,,,,
2019,NPL,96,,,,
2020,NPL,96,,,,
2021,NPL,98,,,,
2022,NPL,98,,,,
2000,NRU,0,,,,
2001,NRU,0,,,,
2002,NRU,0,,,,
2003,NRU,0,,,,
2004,NRU,0,,,,
2005,NRU,0,,,,
2006,NRU,0,,,,
2007,NRU,0,,,,
2008,NRU,0,,,,
2009,NRU,0,,,,
2010,NRU,0,,,,
2011,NRU,0,,,,
2012,NRU,0,,,,
2013,NRU,0,,,,
2014,NRU,0,,,,
2015,NRU,0,,,,
2016,NRU,0,,,,
2017,NRU,0,,,,
2018,NRU,0,,,,
2019,NRU,0,,,,
2020,NRU,0,,,,
2021,NRU,0,,,,
2022,NRU,0,,,,
2023,NRU,0,,,,
2000,NZL,79,,,,
2001,NZL,79,,,,
2002,NZL,79,,,,
2003,NZL,79,,,,
2004,NZL,79,,,,
2005,NZL,79,,,,
2006,NZL,79,,,,
2007,NZL,76,,,,
2008,NZL,76,,,,
2009,NZL,77,,,,
2010,NZL,77,,,,
2011,NZL,76,,,,
2012,NZL,78,,,,
2013,NZL,77,,,,
2014,NZL,78,,,,
2015,NZL,78,,,,
2016,NZL,78,,,,
2017,NZL,78,,,,
2018,NZL,78,,,,
2019,NZL,78,,,,
2020,NZL,77,,,,
2021,NZL,78,,,,
2022,NZL,79,,,,
2023,NZL,79,,,,
2024,NZL,80,,,,
2000,OMN,0,,,,
2001,OMN,0,,,,
2002,OMN,0,,,,
2003,OMN,0,,,,
2004,OMN,0,,,,
2005,OMN,0,,,,
2006,OMN,0,,,,
2007,OMN,0,,,,
2008,OMN,0,,,,
2009,OMN,0,,,,
2010,OMN,0,,,,
2011,OMN,0,,,,
2012,OMN,0,,,,
2013,OMN,0,,,,
2014,OMN,0,,,,
2015,OMN,0,,,,
2016,OMN,0,,,,
2017,OMN,0,,,,
2018,OMN,0,,,,
2019,OMN,1,,,,
2020,OMN,1,,,,
2021,OMN,1,,,,
2022,OMN,5,,,,
2023,OMN,5,,,,
2024,OMN,5,,,,
2000,PAK,33,,,,
2001,PAK,33,,,,
2002,PAK,33,,,,
2003,PAK,35,,,,
2004,PAK,38,,,,
2005,PAK,38,,,,
2006,PAK,38,,,,
2007,PAK,38,,,,
2008,PAK,39,,,,
2009,PAK,38,,,,
2010,PAK,36,,,,
2011,PAK,36,,,,
2012,PAK,35,,,,
2013,PAK,36,,,,
2014,PAK,34,,,,
2015,PAK,35,,,,
2016,PAK,36,,,,
2017,PAK,35,,,,
2018,PAK,36,,,,
2019,PAK,34,,,,
2020,PAK,35,,,,
2021,PAK,37,,,,
2022,PAK,40,,,,
2023,PAK,38,,,,
2024,PAK,39,,,,
2000,PAN,50,,,,
2001,PAN,50,,,,
2002,PAN,50,,,,
2003,PAN,55,,,,
2004,PAN,54,,,,
2005,PAN,56,,,,
2006,PAN,57,,,,
2007,PAN,58,,,,
2008,PAN,55,,,,
2009,PAN,51,,,,
2010,PAN,49,,,,
2011,PAN,56,,,,
2012,PAN,62,,,,
2013,PAN,62,,,,
2014,PAN,59,,,,
2015,PAN,66,,,,
2016,PAN,62,,,,
2017,PAN,62,,,,
2018,PAN,54,,,,
2019,PAN,55,,,,
2020,PAN,56,,,,
2021,PAN,67,,,,
2022,PAN,67,,,,
2023,PAN,67,,,,
2000,PER,47,,,,
2001,PER,49,,,,
2002,PER,49,,,,
2003,PER,50,,,,
2004,PER,50,,,,
2005,PER,51,,,,
2006,PER,48,,,,
2007,PER,45,,,,
2008,PER,44,,,,
2009,PER,42,,,,
2010,PER,43,,,,
2011,PER,43,,,,
2012,PER,40,,,,
2013,PER,36,,,,
2014,PER,38,,,,
2015,PER,40,,,,
2016,PER,41,,,,
2017,PER,41,,,,
2018,PER,42,,,,
2019,PER,43,,,,
2020,PER,43,,,,
2021,PER,43,,,,
2022,PER,43,,,,
2023,PER,45,,,,
2024,PER,46,,,,
2000,PHL,31,,,,
2001,PHL,30,,,,
2002,PHL,28,,,,
2003,PHL,30,,,,
2004,PHL,31,,,,
2005,PHL,31,,,,
2006,PHL,30,,,,
2007,PHL,30,,,,
2008,PHL,30,,,,
2009,PHL,30,,,,
2010,PHL,31,,,,
2011,PHL,30,,,,
2012,PHL,30,,,,
2013,PHL,28,,,,
2014,PHL,30,,,,
2015,PHL,30,,,,
2016,PHL,30,,,,
2017,PHL,30,,,,
2018,PHL,29,,,,
2019,PHL,28,,,,
2020,PHL,28,,,,
2021,PHL,29,,,,
2022,PHL,28,,,,
2023,PHL,29,,,,
2024,PHL,32,,,,
2000,PNG,40,,,,
2001,PNG,40,,,,
2002,PNG,40,,,,
2003,PNG,42,,,,
2004,PNG,42,,,,
2005,PNG,45,,,,
2006,PNG,45,,,,
2007,PNG,46,,,,
2008,PNG,46,,,,
2009,PNG,39,,,,
2010,PNG,40,,,,
2011,PNG,35,,,,
2012,PNG,36,,,,
2013,PNG,36,,,,
2014,PNG,34,,,,
2015,PNG,35,,,,
2016,PNG,35,,,,
2017,PNG,34,,,,
2018,PNG,34,,,,
2019,PNG,34,,,,
2020,PNG,32,,,,
2021,PNG,31,,,,
2022,PNG,31,,,,
2023,PNG,34,,,,
2000,POL,3,,,,
2001,POL,3,,,,
2002,POL,3,,,,
2003,POL,3,,,,
2004,POL,3,,,,
2005,POL,3,,,,
2006,POL,4,,,,
2007,POL,4,,,,
2008,POL,5,,,,
2009,POL,5,,,,
2010,POL,7,,,,
2011,POL,9,,,,
2012,POL,12,,,,
2013,POL,14,,,,
2014,POL,16,,,,
2015,POL,19,,,,
2016,POL,21,,,,
2017,POL,20,,,,
2018,POL,21,,,,
2019,POL,22,,,,
2020,POL,27,,,,
2021,POL,33,,,,
2022,POL,40,,,,
2023,POL,47,,,,
2024,POL,50,,,,
2000,PRI,2,,,,
2001,PRI,2,,,,
2002,PRI,2,,,,
2003,PRI,2,,,,
2004,PRI,2,,,,
2005,PRI,2,,,,
2006,PRI,2,,,,
2007,PRI,2,,,,
2008,PRI,2,,,,
2009,PRI,2,,,,
2010,PRI,2,,,,
2011,PRI,2,,,,
2012,PRI,5,,,,
2013,PRI,5,,,,
2014,PRI,6,,,,
2015,PRI,8,,,,
2016,PRI,8,,,,
2017,PRI,9,,,,
2018,PRI,10,,,,
2019,PRI,10,,,,
2020,PRI,10,,,,
2021,PRI,12,,,,
2022,PRI,14,,,,
2023,PRI,18,,,,
2024,PRI,18,,,,
2000,PRK,61,,,,
2001,PRK,62,,,,
2002,PRK,62,,,,
2003,PRK,62,,,,
2004,PRK,62,,,,
2005,PRK,62,,,,
2006,PRK,62,,,,
2007,PRK,62,,,,
2008,PRK,60,,,,
2009,PRK,57,,,,
2010,PRK,57,,,,
2011,PRK,57,,,,
2012,PRK,59,,,,
2013,PRK,59,,,,
2014,PRK,59,,,,
2015,PRK,60,,,,
2016,PRK,62,,,,
2017,PRK,62,,,,
2018,PRK,59,,,,
2019,PRK,59,,,,
2020,PRK,60,,,,
2021,PRK,60,,,,
2022,PRK,60,,,,
2000,PRT,60,,,,
2001,PRT,60,,,,
2002,PRT,60,,,,
2003,PRT,58,,,,
2004,PRT,58,,,,
2005,PRT,60,,,,
2006,PRT,61,,,,
2007,PRT,62,,,,
2008,PRT,64,,,,
2009,PRT,61,,,,
2010,PRT,62,,,,
2011,PRT,61,,,,
2012,PRT,62,,,,
2013,PRT,63,,,,
2014,PRT,63,,,,
2015,PRT,64,,,,
2016,PRT,66,,,,
2017,PRT,67,,,,
2018,PRT,67,,,,
2019,PRT,68,,,,
2020,PRT,68,,,,
2021,PRT,77,,,,
2022,PRT,79,,,,
2023,PRT,80,,,,
2024,PRT,81,,,,
2000,PRY,100,,,,
2001,PRY,100,,,,
2002,PRY,100,,,,
2003,PRY,100,,,,
2004,PRY,100,,,,
2005,PRY,100,,,,
2006,PRY,100,,,,
2007,PRY,100,,,,
2008,PRY,100,,,,
2009,PRY,100,,,,
2010,PRY,100,,,,
2011,PRY,100,,,,
2012,PRY,100,,,,
2013,PRY,100,,,,
2014,PRY,100,,,,
2015,PRY,100,,,,
2016,PRY,100,,,,
2017,PRY,100,,,,
2018,PRY,100,,,,
2019,PRY,100,,,,
2020,PRY,100,,,,
2021,PRY,100,,,,
2022,PRY,100,,,,
2023,PRY,100,,,,
2000,PSE,#DIV/0!,,,,
2001,PSE,#DIV/0!,,,,
2002,PSE,#DIV/0!,,,,
2003,PSE,#DIV/0!,,,,
2004,PSE,#DIV/0!,,,,
2005,PSE,#DIV/0!,,,,
2006,PSE,#DIV/0!,,,,
2007,PSE,#DIV/0!,,,,
2008,PSE,#DIV/0!,,,,
2009,PSE,#DIV/0!,,,,
2010,PSE,#DIV/0!,,,,
2011,PSE,#DIV/0!,,,,
2012,PSE,#DIV/0!,,,,
2013,PSE,#DIV/0!,,,,
2014,PSE,#DIV/0!,,,,
2015,PSE,100,,,,
2016,PSE,100,,,,
2017,PSE,100,,,,
2018,PSE,100,,,,
2019,PSE,100,,,,
2020,PSE,100,,,,
2021,PSE,100,,,,
2022,PSE,100,,,,
2000,PYF,26,,,,
2001,PYF,26,,,,
2002,PYF,26,,,,
2003,PYF,22,,,,
2004,PYF,22,,,,
2005,PYF,22,,,,
2006,PYF,22,,,,
2007,PYF,22,,,,
2008,PYF,22,,,,
2009,PYF,22,,,,
2010,PYF,19,,,,
2011,PYF,22,,,,
2012,PYF,22,,,,
2013,PYF,25,,,,
2014,PYF,28,,,,
2015,PYF,28,,,,
2016,PYF,28,,,,
2017,PYF,28,,,,
2018,PYF,30,,,,
2019,PYF,30,,,,
2020,PYF,30,,,,
2021,PYF,31,,,,
2022,PYF,31,,,,
2000,QAT,0,,,,
2001,QAT,0,,,,
2002,QAT,0,,,,
2003,QAT,0,,,,
2004,QAT,0,,,,
2005,QAT,0,,,,
2006,QAT,0,,,,
2007,QAT,0,,,,
2008,QAT,0,,,,
2009,QAT,0,,,,
2010,QAT,0,,,,
2011,QAT,0,,,,
2012,QAT,0,,,,
2013,QAT,0,,,,
2014,QAT,0,,,,
2015,QAT,0,,,,
2016,QAT,0,,,,
2017,QAT,0,,,,
2018,QAT,0,,,,
2019,QAT,0,,,,
2020,QAT,0,,,,
2021,QAT,0,,,,
2022,QAT,6,,,,
2023,QAT,6,,,,
2024,QAT,12,,,,
2000,REU,34,,,,
2001,REU,34,,,,
2002,REU,30,,,,
2003,REU,30,,,,
2004,REU,31,,,,
2005,REU,31,,,,
2006,REU,30,,,,
2007,REU,31,,,,
2008,REU,31,,,,
2009,REU,33,,,,
2010,REU,39,,,,
2011,REU,42,,,,
2012,REU,41,,,,
2013,REU,40,,,,
2014,REU,43,,,,
2015,REU,45,,,,
2016,REU,46,,,,
2017,REU,46,,,,
2018,REU,48,,,,
2019,REU,49,,,,
2020,REU,49,,,,
2021,REU,50,,,,
2022,REU,51,,,,
2000,ROU,39,,,,
2001,ROU,39,,,,
2002,ROU,39,,,,
2003,ROU,39,,,,
2004,ROU,39,,,,
2005,ROU,39,,,,
2006,ROU,40,,,,
2007,ROU,42,,,,
2008,ROU,42,,,,
2009,ROU,42,,,,
2010,ROU,43,,,,
2011,ROU,45,,,,
2012,ROU,46,,,,
2013,ROU,50,,,,
2014,ROU,53,,,,
2015,ROU,54,,,,
2016,ROU,55,,,,
2017,ROU,54,,,,
2018,ROU,55,,,,
2019,ROU,57,,,,
2020,ROU,57,,,,
2021,ROU,62,,,,
2022,ROU,62,,,,
2023,ROU,66,,,,
2024,ROU,68,,,,
2000,RUS,36,,,,
2001,RUS,36,,,,
2002,RUS,36,,,,
2003,RUS,36,,,,
2004,RUS,36,,,,
2005,RUS,36,,,,
2006,RUS,36,,,,
2007,RUS,36,,,,
2008,RUS,36,,,,
2009,RUS,36,,,,
2010,RUS,36,,,,
2011,RUS,35,,,,
2012,RUS,35,,,,
2013,RUS,35,,,,
2014,RUS,34,,,,
2015,RUS,34,,,,
2016,RUS,34,,,,
2017,RUS,34,,,,
2018,RUS,34,,,,
2019,RUS,34,,,,
2020,RUS,35,,,,
2021,RUS,35,,,,
2022,RUS,35,,,,
2023,RUS,36,,,,
2024,RUS,36,,,,
2000,RWA,100,,,,
2001,RWA,100,,,,
2002,RWA,100,,,,
2003,RWA,100,,,,
2004,RWA,100,,,,
2005,RWA,67,,,,
2006,RWA,57,,,,
2007,RWA,57,,,,
2008,RWA,57,,,,
2009,RWA,44,,,,
2010,RWA,50,,,,
2011,RWA,50,,,,
2012,RWA,55,,,,
2013,RWA,55,,,,
2014,RWA,62,,,,
2015,RWA,50,,,,
2016,RWA,50,,,,
2017,RWA,52,,,,
2018,RWA,52,,,,
2019,RWA,54,,,,
2020,RWA,56,,,,
2021,RWA,58,,,,
2022,RWA,50,,,,
2023,RWA,50,,,,
2000,SAU,0,,,,
2001,SAU,0,,,,
2002,SAU,0,,,,
2003,SAU,0,,,,
2004,SAU,0,,,,
2005,SAU,0,,,,
2006,SAU,0,,,,
2007,SAU,0,,,,
2008,SAU,0,,,,
2009,SAU,0,,,,
2010,SAU,0,,,,
2011,SAU,0,,,,
2012,SAU,0,,,,
2013,SAU,0,,,,
2014,SAU,0,,,,
2015,SAU,0,,,,
2016,SAU,0,,,,
2017,SAU,0,,,,
2018,SAU,0,,,,
2019,SAU,0,,,,
2020,SAU,0,,,,
2021,SAU,0,,,,
2022,SAU,1,,,,
2023,SAU,3,,,,
2024,SAU,5,,,,
2000,SDN,76,,,,
2001,SDN,76,,,,
2002,SDN,76,,,,
2003,SDN,53,,,,
2004,SDN,53,,,,
2005,SDN,55,,,,
2006,SDN,55,,,,
2007,SDN,42,,,,
2008,SDN,42,,,,
2009,SDN,72,,,,
2010,SDN,68,,,,
2011,SDN,62,,,,
2012,SDN,64,,,,
2013,SDN,64,,,,
2014,SDN,58,,,,
2015,SDN,58,,,,
2016,SDN,49,,,,
2017,SDN,44,,,,
2018,SDN,45,,,,
2019,SDN,45,,,,
2020,SDN,46,,,,
2021,SDN,46,,,,
2022,SDN,47,,,,
2023,SDN,47,,,,
2000,SEN,0,,,,
2001,SEN,0,,,,
2002,SEN,0,,,,
2003,SEN,0,,,,
2004,SEN,0,,,,
2005,SEN,0,,,,
2006,SEN,0,,,,
2007,SEN,0,,,,
2008,SEN,0,,,,
2009,SEN,0,,,,
2010,SEN,10,,,,
2011,SEN,10,,,,
2012,SEN,10,,,,
2013,SEN,9,,,,
2014,SEN,9,,,,
2015,SEN,9,,,,
2016,SEN,12,,,,
2017,SEN,16,,,,
2018,SEN,17,,,,
2019,SEN,24,,,,
2020,SEN,30,,,,
2021,SEN,31,,,,
2022,SEN,28,,,,
2023,SEN,28,,,,
2000,SGP,0,,,,
2001,SGP,0,,,,
2002,SGP,0,,,,
2003,SGP,0,,,,
2004,SGP,0,,,,
2005,SGP,0,,,,
2006,SGP,0,,,,
2007,SGP,0,,,,
2008,SGP,0,,,,
2009,SGP,0,,,,
2010,SGP,0,,,,
2011,SGP,0,,,,
2012,SGP,0,,,,
2013,SGP,0,,,,
2014,SGP,1,,,,
2015,SGP,1,,,,
2016,SGP,1,,,,
2017,SGP,1,,,,
2018,SGP,2,,,,
2019,SGP,3,,,,
2020,SGP,3,,,,
2021,SGP,5,,,,
2022,SGP,6,,,,
2023,SGP,8,,,,
2024,SGP,10,,,,
2000,SLB,0,,,,
2001,SLB,0,,,,
2002,SLB,0,,,,
2003,SLB,0,,,,
2004,SLB,0,,,,
2005,SLB,0,,,,
2006,SLB,0,,,,
2007,SLB,0,,,,
2008,SLB,0,,,,
2009,SLB,0,,,,
2010,SLB,0,,,,
2011,SLB,0,,,,
2012,SLB,0,,,,
2013,SLB,0,,,,
2014,SLB,0,,,,
2015,SLB,0,,,,
2016,SLB,0,,,,
2017,SLB,0,,,,
2018,SLB,0,,,,
2019,SLB,0,,,,
2020,SLB,0,,,,
2021,SLB,0,,,,
2022,SLB,0,,,,
2023,SLB,14,,,,
2000,SLE,0,,,,
2001,SLE,0,,,,
2002,SLE,0,,,,
2003,SLE,0,,,,
2004,SLE,0,,,,
2005,SLE,0,,,,
2006,SLE,0,,,,
2007,SLE,0,,,,
2008,SLE,60,,,,
2009,SLE,60,,,,
2010,SLE,71,,,,
2011,SLE,56,,,,
2012,SLE,56,,,,
2013,SLE,56,,,,
2014,SLE,64,,,,
2015,SLE,56,,,,
2016,SLE,56,,,,
2017,SLE,56,,,,
2018,SLE,47,,,,
2019,SLE,39,,,,
2020,SLE,42,,,,
2021,SLE,42,,,,
2022,SLE,44,,,,
2023,SLE,44,,,,
2000,SLV,61,,,,
2001,SLV,61,,,,
2002,SLV,62,,,,
2003,SLV,63,,,,
2004,SLV,63,,,,
2005,SLV,64,,,,
2006,SLV,62,,,,
2007,SLV,65,,,,
2008,SLV,65,,,,
2009,SLV,63,,,,
2010,SLV,62,,,,
2011,SLV,63,,,,
2012,SLV,63,,,,
2013,SLV,60,,,,
2014,SLV,60,,,,
2015,SLV,62,,,,
2016,SLV,64,,,,
2017,SLV,68,,,,
2018,SLV,70,,,,
2019,SLV,73,,,,
2020,SLV,74,,,,
2021,SLV,75,,,,
2022,SLV,65,,,,
2023,SLV,67,,,,
2024,SLV,67,,,,
2000,SOM,0,,,,
2001,SOM,0,,,,
2002,SOM,0,,,,
2003,SOM,0,,,,
2004,SOM,0,,,,
2005,SOM,0,,,,
2006,SOM,0,,,,
2007,SOM,0,,,,
2008,SOM,0,,,,
2009,SOM,0,,,,
2010,SOM,0,,,,
2011,SOM,0,,,,
2012,SOM,0,,,,
2013,SOM,0,,,,
2014,SOM,0,,,,
2015,SOM,0,,,,
2016,SOM,0,,,,
2017,SOM,0,,,,
2018,SOM,0,,,,
2019,SOM,0,,,,
2020,SOM,14,,,,
2021,SOM,25,,,,
2022,SOM,40,,,,
2023,SOM,45,,,,
2000,SPM,0,,,,
2001,SPM,0,,,,
2002,SPM,0,,,,
2003,SPM,0,,,,
2004,SPM,0,,,,
2005,SPM,0,,,,
2006,SPM,0,,,,
2007,SPM,0,,,,
2008,SPM,0,,,,
2009,SPM,0,,,,
2010,SPM,0,,,,
2011,SPM,0,,,,
2012,SPM,0,,,,
2013,SPM,0,,,,
2014,SPM,0,,,,
2015,SPM,0,,,,
2016,SPM,0,,,,
2017,SPM,0,,,,
2018,SPM,0,,,,
2019,SPM,0,,,,
2020,SPM,0,,,,
2021,SPM,0,,,,
2022,SPM,0,,,,
2000,SRB,32,,,,
2001,SRB,32,,,,
2002,SRB,32,,,,
2003,SRB,32,,,,
2004,SRB,32,,,,
2005,SRB,32,,,,
2006,SRB,32,,,,
2007,SRB,32,,,,
2008,SRB,32,,,,
2009,SRB,32,,,,
2010,SRB,32,,,,
2011,SRB,32,,,,
2012,SRB,33,,,,
2013,SRB,33,,,,
2014,SRB,33,,,,
2015,SRB,34,,,,
2016,SRB,34,,,,
2017,SRB,34,,,,
2018,SRB,36,,,,
2019,SRB,38,,,,
2020,SRB,38,,,,
2021,SRB,38,,,,
2022,SRB,38,,,,
2023,SRB,40,,,,
2024,SRB,39,,,,
2012,SSD,0,,,,
2013,SSD,0,,,,
2014,SSD,0,,,,
2015,SSD,0,,,,
2016,SSD,0,,,,
2017,SSD,0,,,,
2018,SSD,0,,,,
2019,SSD,0,,,,
2020,SSD,0,,,,
2021,SSD,0,,,,
2022,SSD,0,,,,
2023,SSD,9,,,,
2000,STP,#DIV/0!,,,,
2001,STP,#DIV/0!,,,,
2002,STP,#DIV/0!,,,,
2003,STP,#DIV/0!,,,,
2004,STP,#DIV/0!,,,,
2005,STP,#DIV/0!,,,,
2006,STP,#DIV/0!,,,,
2007,STP,#DIV/0!,,,,
2008,STP,#DIV/0!,,,,
2009,STP,0,,,,
2010,STP,0,,,,
2011,STP,0,,,,
2012,STP,0,,,,
2013,STP,0,,,,
2014,STP,0,,,,
2015,STP,0,,,,
2016,STP,0,,,,
2017,STP,0,,,,
2018,STP,0,,,,
2019,STP,0,,,,
2020,STP,0,,,,
2021,STP,0,,,,
2022,STP,0,,,,
2000,SUR,46,,,,
2001,SUR,46,,,,
2002,SUR,46,,,,
2003,SUR,46,,,,
2004,SUR,46,,,,
2005,SUR,44,,,,
2006,SUR,43,,,,
2007,SUR,43,,,,
2008,SUR,43,,,,
2009,SUR,43,,,,
2010,SUR,38,,,,
2011,SUR,38,,,,
2012,SUR,34,,,,
2013,SUR,34,,,,
2014,SUR,33,,,,
2015,SUR,32,,,,
2016,SUR,29,,,,
2017,SUR,29,,,,
2018,SUR,29,,,,
2019,SUR,29,,,,
2020,SUR,29,,,,
2021,SUR,27,,,,
2022,SUR,27,,,,
2023,SUR,27,,,,
2000,SVK,54,,,,
2001,SVK,49,,,,
2002,SVK,50,,,,
2003,SVK,50,,,,
2004,SVK,50,,,,
2005,SVK,50,,,,
2006,SVK,51,,,,
2007,SVK,51,,,,
2008,SVK,52,,,,
2009,SVK,48,,,,
2010,SVK,45,,,,
2011,SVK,50,,,,
2012,SVK,50,,,,
2013,SVK,50,,,,
2014,SVK,53,,,,
2015,SVK,57,,,,
2016,SVK,57,,,,
2017,SVK,58,,,,
2018,SVK,57,,,,
2019,SVK,58,,,,
2020,SVK,58,,,,
2021,SVK,61,,,,
2022,SVK,61,,,,
2023,SVK,63,,,,
2024,SVK,71,,,,
2000,SVN,54,,,,
2001,SVN,55,,,,
2002,SVN,56,,,,
2003,SVN,56,,,,
2004,SVN,56,,,,
2005,SVN,56,,,,
2006,SVN,57,,,,
2007,SVN,57,,,,
2008,SVN,57,,,,
2009,SVN,57,,,,
2010,SVN,58,,,,
2011,SVN,59,,,,
2012,SVN,60,,,,
2013,SVN,61,,,,
2014,SVN,63,,,,
2015,SVN,53,,,,
2016,SVN,53,,,,
2017,SVN,54,,,,
2018,SVN,59,,,,
2019,SVN,59,,,,
2020,SVN,60,,,,
2021,SVN,62,,,,
2022,SVN,63,,,,
2023,SVN,67,,,,
2024,SVN,67,,,,
2000,SWE,81,,,,
2001,SWE,82,,,,
2002,SWE,85,,,,
2003,SWE,82,,,,
2004,SWE,83,,,,
2005,SWE,86,,,,
2006,SWE,86,,,,
2007,SWE,84,,,,
2008,SWE,85,,,,
2009,SWE,84,,,,
2010,SWE,83,,,,
2011,SWE,89,,,,
2012,SWE,87,,,,
2013,SWE,88,,,,
2014,SWE,89,,,,
2015,SWE,90,,,,
2016,SWE,91,,,,
2017,SWE,91,,,,
2018,SWE,90,,,,
2019,SWE,91,,,,
2020,SWE,88,,,,
2021,SWE,90,,,,
2022,SWE,91,,,,
2023,SWE,92,,,,
2024,SWE,92,,,,
2000,SWZ,91,,,,
2001,SWZ,91,,,,
2002,SWZ,91,,,,
2003,SWZ,91,,,,
2004,SWZ,91,,,,
2005,SWZ,91,,,,
2006,SWZ,91,,,,
2007,SWZ,91,,,,
2008,SWZ,92,,,,
2009,SWZ,92,,,,
2010,SWZ,92,,,,
2011,SWZ,95,,,,
2012,SWZ,95,,,,
2013,SWZ,95,,,,
2014,SWZ,94,,,,
2015,SWZ,94,,,,
2016,SWZ,94,,,,
2017,SWZ,94,,,,
2018,SWZ,94,,,,
2019,SWZ,94,,,,
2020,SWZ,94,,,,
2021,SWZ,95,,,,
2022,SWZ,95,,,,
2023,SWZ,95,,,,
2000,SYC,0,,,,
2001,SYC,0,,,,
2002,SYC,0,,,,
2003,SYC,0,,,,
2004,SYC,0,,,,
2005,SYC,0,,,,
2006,SYC,0,,,,
2007,SYC,0,,,,
2008,SYC,0,,,,
2009,SYC,0,,,,
2010,SYC,0,,,,
2011,SYC,0,,,,
2012,SYC,0,,,,
2013,SYC,11,,,,
2014,SYC,11,,,,
2015,SYC,10,,,,
2016,SYC,9,,,,
2017,SYC,9,,,,
2018,SYC,17,,,,
2019,SYC,15,,,,
2020,SYC,15,,,,
2021,SYC,21,,,,
2022,SYC,21,,,,
2023,SYC,21,,,,
2000,SYR,26,,,,
2001,SYR,26,,,,
2002,SYR,21,,,,
2003,SYR,21,,,,
2004,SYR,26,,,,
2005,SYR,26,,,,
2006,SYR,26,,,,
2007,SYR,22,,,,
2008,SYR,14,,,,
2009,SYR,12,,,,
2010,SYR,11,,,,
2011,SYR,10,,,,
2012,SYR,10,,,,
2013,SYR,9,,,,
2014,SYR,15,,,,
2015,SYR,16,,,,
2016,SYR,15,,,,
2017,SYR,15,,,,
2018,SYR,15,,,,
2019,SYR,15,,,,
2020,SYR,16,,,,
2021,SYR,16,,,,
2022,SYR,16,,,,
2000,TCA,0,,,,
2001,TCA,0,,,,
2002,TCA,0,,,,
2003,TCA,0,,,,
2004,TCA,0,,,,
2005,TCA,0,,,,
2006,TCA,0,,,,
2007,TCA,0,,,,
2008,TCA,0,,,,
2009,TCA,0,,,,
2010,TCA,0,,,,
2011,TCA,0,,,,
2012,TCA,0,,,,
2013,TCA,0,,,,
2014,TCA,0,,,,
2015,TCA,0,,,,
2016,TCA,0,,,,
2017,TCA,0,,,,
2018,TCA,0,,,,
2019,TCA,0,,,,
2020,TCA,0,,,,
2021,TCA,0,,,,
2022,TCA,0,,,,
2023,TCA,0,,,,
2000,TCD,0,,,,
2001,TCD,0,,,,
2002,TCD,0,,,,
2003,TCD,0,,,,
2004,TCD,0,,,,
2005,TCD,0,,,,
2006,TCD,0,,,,
2007,TCD,0,,,,
2008,TCD,0,,,,
2009,TCD,0,,,,
2010,TCD,0,,,,
2011,TCD,0,,,,
2012,TCD,0,,,,
2013,TCD,0,,,,
2014,TCD,0,,,,
2015,TCD,0,,,,
2016,TCD,0,,,,
2017,TCD,0,,,,
2018,TCD,0,,,,
2019,TCD,0,,,,
2020,TCD,0,,,,
2021,TCD,0,,,,
2022,TCD,0,,,,
2000,TGO,78,,,,
2001,TGO,78,,,,
2002,TGO,78,,,,
2003,TGO,78,,,,
2004,TGO,64,,,,
2005,TGO,64,,,,
2006,TGO,64,,,,
2007,TGO,64,,,,
2008,TGO,64,,,,
2009,TGO,64,,,,
2010,TGO,29,,,,
2011,TGO,29,,,,
2012,TGO,29,,,,
2013,TGO,29,,,,
2014,TGO,29,,,,
2015,TGO,29,,,,
2016,TGO,29,,,,
2017,TGO,29,,,,
2018,TGO,29,,,,
2019,TGO,32,,,,
2020,TGO,32,,,,
2021,TGO,37,,,,
2022,TGO,39,,,,
2023,TGO,39,,,,
2000,THA,27,,,,
2001,THA,27,,,,
2002,THA,23,,,,
2003,THA,21,,,,
2004,THA,21,,,,
2005,THA,22,,,,
2006,THA,22,,,,
2007,THA,21,,,,
2008,THA,18,,,,
2009,THA,18,,,,
2010,THA,17,,,,
2011,THA,18,,,,
2012,THA,19,,,,
2013,THA,21,,,,
2014,THA,20,,,,
2015,THA,21,,,,
2016,THA,21,,,,
2017,THA,22,,,,
2018,THA,23,,,,
2019,THA,23,,,,
2020,THA,24,,,,
2021,THA,24,,,,
2022,THA,23,,,,
2023,THA,23,,,,
2024,THA,22,,,,
2000,TJK,95,,,,
2001,TJK,95,,,,
2002,TJK,95,,,,
2003,TJK,95,,,,
2004,TJK,95,,,,
2005,TJK,95,,,,
2006,TJK,95,,,,
2007,TJK,95,,,,
2008,TJK,95,,,,
2009,TJK,96,,,,
2010,TJK,96,,,,
2011,TJK,96,,,,
2012,TJK,96,,,,
2013,TJK,96,,,,
2014,TJK,94,,,,
2015,TJK,94,,,,
2016,TJK,89,,,,
2017,TJK,89,,,,
2018,TJK,89,,,,
2019,TJK,90,,,,
2020,TJK,90,,,,
2021,TJK,90,,,,
2022,TJK,90,,,,
2023,TJK,90,,,,
2024,TJK,90,,,,
2000,TKM,0,,,,
2001,TKM,0,,,,
2002,TKM,0,,,,
2003,TKM,0,,,,
2004,TKM,0,,,,
2005,TKM,0,,,,
2006,TKM,0,,,,
2007,TKM,0,,,,
2008,TKM,0,,,,
2009,TKM,0,,,,
2010,TKM,0,,,,
2011,TKM,0,,,,
2012,TKM,0,,,,
2013,TKM,0,,,,
2014,TKM,0,,,,
2015,TKM,0,,,,
2016,TKM,0,,,,
2017,TKM,0,,,,
2018,TKM,0,,,,
2019,TKM,0,,,,
2020,TKM,0,,,,
2021,TKM,0,,,,
2022,TKM,0,,,,
2023,TKM,0,,,,
2003,TLS,0,,,,
2004,TLS,0,,,,
2005,TLS,0,,,,
2006,TLS,0,,,,
2007,TLS,0,,,,
2008,TLS,0,,,,
2009,TLS,0,,,,
2010,TLS,0,,,,
2011,TLS,0,,,,
2012,TLS,0,,,,
2013,TLS,0,,,,
2014,TLS,0,,,,
2015,TLS,0,,,,
2016,TLS,0,,,,
2017,TLS,0,,,,
2018,TLS,0,,,,
2019,TLS,0,,,,
2020,TLS,0,,,,
2021,TLS,0,,,,
2022,TLS,0,,,,
2023,TLS,0,,,,
2000,TON,0,,,,
2001,TON,0,,,,
2002,TON,0,,,,
2003,TON,0,,,,
2004,TON,0,,,,
2005,TON,0,,,,
2006,TON,0,,,,
2007,TON,0,,,,
2008,TON,0,,,,
2009,TON,0,,,,
2010,TON,0,,,,
2011,TON,0,,,,
2012,TON,0,,,,
2013,TON,0,,,,
2014,TON,0,,,,
2015,TON,0,,,,
2016,TON,0,,,,
2017,TON,33,,,,
2018,TON,33,,,,
2019,TON,33,,,,
2020,TON,33,,,,
2021,TON,33,,,,
2022,TON,33,,,,
2023,TON,50,,,,
2000,TTO,0,,,,
2001,TTO,0,,,,
2002,TTO,0,,,,
2003,TTO,0,,,,
2004,TTO,0,,,,
2005,TTO,0,,,,
2006,TTO,0,,,,
2007,TTO,0,,,,
2008,TTO,0,,,,
2009,TTO,0,,,,
2010,TTO,0,,,,
2011,TTO,0,,,,
2012,TTO,0,,,,
2013,TTO,0,,,,
2014,TTO,0,,,,
2015,TTO,0,,,,
2016,TTO,0,,,,
2017,TTO,0,,,,
2018,TTO,0,,,,
2019,TTO,0,,,,
2020,TTO,0,,,,
2021,TTO,0,,,,
2022,TTO,0,,,,
2023,TTO,0,,,,
2000,TUN,4,,,,
2001,TUN,4,,,,
2002,TUN,3,,,,
2003,TUN,3,,,,
2004,TUN,3,,,,
2005,TUN,3,,,,
2006,TUN,3,,,,
2007,TUN,3,,,,
2008,TUN,3,,,,
2009,TUN,4,,,,
2010,TUN,4,,,,
2011,TUN,3,,,,
2012,TUN,7,,,,
2013,TUN,7,,,,
2014,TUN,7,,,,
2015,TUN,7,,,,
2016,TUN,7,,,,
2017,TUN,7,,,,
2018,TUN,7,,,,
2019,TUN,8,,,,
2020,TUN,8,,,,
2021,TUN,7,,,,
2022,TUN,8,,,,
2023,TUN,13,,,,
2024,TUN,16,,,,
2000,TUR,49,,,,
2001,TUR,49,,,,
2002,TUR,46,,,,
2003,TUR,41,,,,
2004,TUR,40,,,,
2005,TUR,39,,,,
2006,TUR,38,,,,
2007,TUR,39,,,,
2008,TUR,40,,,,
2009,TUR,40,,,,
2010,TUR,40,,,,
2011,TUR,40,,,,
2012,TUR,44,,,,
2013,TUR,44,,,,
2014,TUR,43,,,,
2015,TUR,46,,,,
2016,TUR,46,,,,
2017,TUR,46,,,,
2018,TUR,48,,,,
2019,TUR,49,,,,
2020,TUR,51,,,,
2021,TUR,53,,,,
2022,TUR,54,,,,
2023,TUR,55,,,,
2024,TUR,59,,,,
2000,TWN,22,,,,
2001,TWN,23,,,,
2002,TWN,21,,,,
2003,TWN,20,,,,
2004,TWN,19,,,,
2005,TWN,18,,,,
2006,TWN,18,,,,
2007,TWN,17,,,,
2008,TWN,17,,,,
2009,TWN,17,,,,
2010,TWN,18,,,,
2011,TWN,18,,,,
2012,TWN,19,,,,
2013,TWN,19,,,,
2014,TWN,20,,,,
2015,TWN,20,,,,
2016,TWN,21,,,,
2017,TWN,22,,,,
2018,TWN,21,,,,
2019,TWN,22,,,,
2020,TWN,24,,,,
2021,TWN,26,,,,
2022,TWN,30,,,,
2023,TWN,33,,,,
2024,TWN,35,,,,
2000,TZA,85,,,,
2001,TZA,85,,,,
2002,TZA,74,,,,
2003,TZA,75,,,,
2004,TZA,61,,,,
2005,TZA,60,,,,
2006,TZA,60,,,,
2007,TZA,64,,,,
2008,TZA,62,,,,
2009,TZA,59,,,,
2010,TZA,59,,,,
2011,TZA,47,,,,
2012,TZA,42,,,,
2013,TZA,41,,,,
2014,TZA,42,,,,
2015,TZA,44,,,,
2016,TZA,45,,,,
2017,TZA,48,,,,
2018,TZA,41,,,,
2019,TZA,41,,,,
2020,TZA,40,,,,
2021,TZA,38,,,,
2022,TZA,36,,,,
2023,TZA,38,,,,
2000,UGA,100,,,,
2001,UGA,100,,,,
2002,UGA,100,,,,
2003,UGA,100,,,,
2004,UGA,100,,,,
2005,UGA,86,,,,
2006,UGA,76,,,,
2007,UGA,76,,,,
2008,UGA,68,,,,
2009,UGA,74,,,,
2010,UGA,73,,,,
2011,UGA,73,,,,
2012,UGA,83,,,,
2013,UGA,88,,,,
2014,UGA,84,,,,
2015,UGA,84,,,,
2016,UGA,84,,,,
2017,UGA,85,,,,
2018,UGA,90,,,,
2019,UGA,92,,,,
2020,UGA,92,,,,
2021,UGA,92,,,,
2022,UGA,92,,,,
2000,UKR,34,,,,
2001,UKR,34,,,,
2002,UKR,34,,,,
2003,UKR,34,,,,
2004,UKR,38,,,,
2005,UKR,38,,,,
2006,UKR,38,,,,
2007,UKR,38,,,,
2008,UKR,38,,,,
2009,UKR,38,,,,
2010,UKR,38,,,,
2011,UKR,38,,,,
2012,UKR,38,,,,
2013,UKR,39,,,,
2014,UKR,39,,,,
2015,UKR,39,,,,
2016,UKR,39,,,,
2017,UKR,40,,,,
2018,UKR,42,,,,
2019,UKR,46,,,,
2020,UKR,48,,,,
2021,UKR,49,,,,
2022,UKR,49,,,,
2000,URY,74,,,,
2001,URY,75,,,,
2002,URY,75,,,,
2003,URY,75,,,,
2004,URY,76,,,,
2005,URY,76,,,,
2006,URY,69,,,,
2007,URY,71,,,,
2008,URY,68,,,,
2009,URY,66,,,,
2010,URY,67,,,,
2011,URY,67,,,,
2012,URY,63,,,,
2013,URY,61,,,,
2014,URY,66,,,,
2015,URY,72,,,,
2016,URY,83,,,,
2017,URY,82,,,,
2018,URY,76,,,,
2019,URY,76,,,,
2020,URY,76,,,,
2021,URY,76,,,,
2022,URY,76,,,,
2023,URY,78,,,,
2024,URY,78,,,,
2000,USA,25,,,,
2001,USA,24,,,,
2002,USA,23,,,,
2003,USA,21,,,,
2004,USA,21,,,,
2005,USA,21,,,,
2006,USA,21,,,,
2007,USA,21,,,,
2008,USA,22,,,,
2009,USA,22,,,,
2010,USA,23,,,,
2011,USA,23,,,,
2012,USA,25,,,,
2013,USA,25,,,,
2014,USA,26,,,,
2015,USA,27,,,,
2016,USA,28,,,,
2017,USA,29,,,,
2018,USA,30,,,,
2019,USA,31,,,,
2020,USA,33,,,,
2021,USA,35,,,,
2022,USA,37,,,,
2023,USA,38,,,,
2024,USA,41,,,,
2000,UZB,14,,,,
2001,UZB,14,,,,
2002,UZB,14,,,,
2003,UZB,14,,,,
2004,UZB,15,,,,
2005,UZB,14,,,,
2006,UZB,14,,,,
2007,UZB,14,,,,
2008,UZB,14,,,,
2009,UZB,14,,,,
2010,UZB,15,,,,
2011,UZB,15,,,,
2012,UZB,14,,,,
2013,UZB,14,,,,
2014,UZB,14,,,,
2015,UZB,14,,,,
2016,UZB,14,,,,
2017,UZB,13,,,,
2018,UZB,13,,,,
2019,UZB,13,,,,
2020,UZB,13,,,,
2021,UZB,13,,,,
2022,UZB,14,,,,
2023,UZB,16,,,,
2000,VCT,25,,,,
2001,VCT,25,,,,
2002,VCT,25,,,,
2003,VCT,25,,,,
2004,VCT,25,,,,
2005,VCT,25,,,,
2006,VCT,25,,,,
2007,VCT,25,,,,
2008,VCT,25,,,,
2009,VCT,25,,,,
2010,VCT,25,,,,
2011,VCT,17,,,,
2012,VCT,17,,,,
2013,VCT,17,,,,
2014,VCT,17,,,,
2015,VCT,17,,,,
2016,VCT,17,,,,
2017,VCT,20,,,,
2018,VCT,20,,,,
2019,VCT,25,,,,
2020,VCT,20,,,,
2021,VCT,20,,,,
2022,VCT,17,,,,
2023,VCT,17,,,,
2000,VEN,65,,,,
2001,VEN,65,,,,
2002,VEN,64,,,,
2003,VEN,65,,,,
2004,VEN,66,,,,
2005,VEN,67,,,,
2006,VEN,67,,,,
2007,VEN,65,,,,
2008,VEN,63,,,,
2009,VEN,60,,,,
2010,VEN,58,,,,
2011,VEN,56,,,,
2012,VEN,54,,,,
2013,VEN,51,,,,
2014,VEN,51,,,,
2015,VEN,50,,,,
2016,VEN,51,,,,
2017,VEN,51,,,,
2018,VEN,50,,,,
2019,VEN,50,,,,
2020,VEN,50,,,,
2021,VEN,50,,,,
2022,VEN,50,,,,
2023,VEN,50,,,,
2000,VGB,0,,,,
2001,VGB,0,,,,
2002,VGB,0,,,,
2003,VGB,0,,,,
2004,VGB,0,,,,
2005,VGB,0,,,,
2006,VGB,0,,,,
2007,VGB,0,,,,
2008,VGB,0,,,,
2009,VGB,0,,,,
2010,VGB,0,,,,
2011,VGB,0,,,,
2012,VGB,0,,,,
2013,VGB,0,,,,
2014,VGB,0,,,,
2015,VGB,0,,,,
2016,VGB,0,,,,
2017,VGB,0,,,,
2018,VGB,0,,,,
2019,VGB,0,,,,
2020,VGB,0,,,,
2021,VGB,0,,,,
2022,VGB,0,,,,
2023,VGB,0,,,,
2000,VIR,0,,,,
2001,VIR,0,,,,
2002,VIR,0,,,,
2003,VIR,0,,,,
2004,VIR,0,,,,
2005,VIR,0,,,,
2006,VIR,0,,,,
2007,VIR,0,,,,
2008,VIR,0,,,,
2009,VIR,0,,,,
2010,VIR,0,,,,
2011,VIR,0,,,,
2012,VIR,0,,,,
2013,VIR,0,,,,
2014,VIR,0,,,,
2015,VIR,3,,,,
2016,VIR,3,,,,
2017,VIR,0,,,,
2018,VIR,3,,,,
2019,VIR,3,,,,
2020,VIR,3,,,,
2021,VIR,3,,,,
2022,VIR,3,,,,
2023,VIR,3,,,,
2000,VNM,58,,,,
2001,VNM,62,,,,
2002,VNM,58,,,,
2003,VNM,55,,,,
2004,VNM,47,,,,
2005,VNM,44,,,,
2006,VNM,44,,,,
2007,VNM,43,,,,
2008,VNM,43,,,,
2009,VNM,44,,,,
2010,VNM,48,,,,
2011,VNM,47,,,,
2012,VNM,53,,,,
2013,VNM,53,,,,
2014,VNM,50,,,,
2015,VNM,45,,,,
2016,VNM,46,,,,
2017,VNM,44,,,,
2018,VNM,42,,,,
2019,VNM,49,,,,
2020,VNM,57,,,,
2021,VNM,58,,,,
2022,VNM,58,,,,
2023,VNM,58,,,,
2024,VNM,58,,,,
2000,VUT,0,,,,
2001,VUT,0,,,,
2002,VUT,0,,,,
2003,VUT,0,,,,
2004,VUT,0,,,,
2005,VUT,0,,,,
2006,VUT,0,,,,
2007,VUT,0,,,,
2008,VUT,0,,,,
2009,VUT,0,,,,
2010,VUT,0,,,,
2011,VUT,0,,,,
2012,VUT,0,,,,
2013,VUT,0,,,,
2014,VUT,0,,,,
2015,VUT,0,,,,
2016,VUT,0,,,,
2017,VUT,0,,,,
2018,VUT,0,,,,
2019,VUT,33,,,,
2020,VUT,33,,,,
2021,VUT,33,,,,
2022,VUT,33,,,,
2023,VUT,33,,,,
2000,WSM,33,,,,
2001,WSM,33,,,,
2002,WSM,33,,,,
2003,WSM,33,,,,
2004,WSM,33,,,,
2005,WSM,33,,,,
2006,WSM,33,,,,
2007,WSM,33,,,,
2008,WSM,33,,,,
2009,WSM,33,,,,
2010,WSM,33,,,,
2011,WSM,33,,,,
2012,WSM,33,,,,
2013,WSM,0,,,,
2014,WSM,0,,,,
2015,WSM,17,,,,
2016,WSM,17,,,,
2017,WSM,29,,,,
2018,WSM,38,,,,
2019,WSM,38,,,,
2020,WSM,38,,,,
2021,WSM,38,,,,
2022,WSM,44,,,,
2023,WSM,44,,,,
2000,XKX,2,,,,
2001,XKX,2,,,,
2002,XKX,2,,,,
2003,XKX,2,,,,
2004,XKX,2,,,,
2005,XKX,2,,,,
2006,XKX,3,,,,
2007,XKX,3,,,,
2008,XKX,3,,,,
2009,XKX,3,,,,
2010,XKX,3,,,,
2011,XKX,3,,,,
2012,XKX,3,,,,
2013,XKX,3,,,,
2014,XKX,3,,,,
2015,XKX,3,,,,
2016,XKX,6,,,,
2017,XKX,9,,,,
2018,XKX,9,,,,
2019,XKX,10,,,,
2020,XKX,10,,,,
2021,XKX,10,,,,
2022,XKX,13,,,,
2023,XKX,18,,,,
2024,XKX,18,,,,
2000,YEM,0,,,,
2001,YEM,0,,,,
2002,YEM,0,,,,
2003,YEM,0,,,,
2004,YEM,0,,,,
2005,YEM,0,,,,
2006,YEM,0,,,,
2007,YEM,0,,,,
2008,YEM,0,,,,
2009,YEM,0,,,,
2010,YEM,0,,,,
2011,YEM,0,,,,
2012,YEM,0,,,,
2013,YEM,0,,,,
2014,YEM,1,,,,
2015,YEM,4,,,,
2016,YEM,5,,,,
2017,YEM,6,,,,
2018,YEM,14,,,,
2019,YEM,13,,,,
2020,YEM,13,,,,
2021,YEM,12,,,,
2022,YEM,11,,,,
2023,YEM,12,,,,
2000,ZAF,8,,,,
2001,ZAF,8,,,,
2002,ZAF,8,,,,
2003,ZAF,8,,,,
2004,ZAF,7,,,,
2005,ZAF,7,,,,
2006,ZAF,7,,,,
2007,ZAF,7,,,,
2008,ZAF,7,,,,
2009,ZAF,7,,,,
2010,ZAF,7,,,,
2011,ZAF,7,,,,
2012,ZAF,7,,,,
2013,ZAF,8,,,,
2014,ZAF,10,,,,
2015,ZAF,11,,,,
2016,ZAF,13,,,,
2017,ZAF,16,,,,
2018,ZAF,18,,,,
2019,ZAF,17,,,,
2020,ZAF,19,,,,
2021,ZAF,19,,,,
2022,ZAF,20,,,,
2023,ZAF,20,,,,
2024,ZAF,21,,,,
2000,ZMB,95,,,,
2001,ZMB,95,,,,
2002,ZMB,95,,,,
2003,ZMB,95,,,,
2004,ZMB,95,,,,
2005,ZMB,95,,,,
2006,ZMB,95,,,,
2007,ZMB,95,,,,
2008,ZMB,95,,,,
2009,ZMB,95,,,,
2010,ZMB,96,,,,
2011,ZMB,96,,,,
2012,ZMB,96,,,,
2013,ZMB,97,,,,
2014,ZMB,94,,,,
2015,ZMB,93,,,,
2016,ZMB,84,,,,
2017,ZMB,82,,,,
2018,ZMB,82,,,,
2019,ZMB,83,,,,
2020,ZMB,83,,,,
2021,ZMB,85,,,,
2022,ZMB,86,,,,
2023,ZMB,87,,,,
2000,ZWE,43,,,,
2001,ZWE,43,,,,
2002,ZWE,44,,,,
2003,ZWE,44,,,,
2004,ZWE,44,,,,
2005,ZWE,44,,,,
2006,ZWE,44,,,,
2007,ZWE,44,,,,
2008,ZWE,47,,,,
2009,ZWE,47,,,,
2010,ZWE,47,,,,
2011,ZWE,47,,,,
2012,ZWE,47,,,,
2013,ZWE,47,,,,
2014,ZWE,47,,,,
2015,ZWE,48,,,,
2016,ZWE,48,,,,
2017,ZWE,48,,,,
2018,ZWE,55,,,,
2019,ZWE,55,,,,
2020,ZWE,55,,,,
2021,ZWE,56,,,,
2022,ZWE,55,,,,
2023,ZWE,48,,,,
