year,geo,value,projections,benchmark_low,benchmark_mid,benchmark _high
2012,ABW,11,,,,
2013,ABW,11.2,,,,
2014,ABW,12.9,,,,
2015,ABW,13.2,,,,
2016,ABW,13.2,,,,
2017,ABW,13.2,,,,
2018,ABW,13.3,,,,
2019,ABW,12.9,,,,
2020,ABW,12.9,,,,
2021,ABW,12.9,,,,
2012,AFG,55.1,,,,
2013,AFG,55.4,,,,
2014,AFG,55.8,,,,
2015,AFG,56.1,,,,
2016,AFG,59.6,,,,
2017,AFG,60,,,,
2018,AFG,60,,,,
2019,AFG,56.8,,,,
2020,AFG,56.8,,,,
2021,AFG,57.3,,,,
2012,AGO,51.5,,,,
2013,AGO,44.5,,,,
2014,AGO,43.9,,,,
2015,AGO,42.9,,,,
2016,AGO,56,,,,
2017,AGO,56.8,,,,
2018,AGO,59.6,,,,
2019,AGO,61.8,,,,
2020,AGO,64,,,,
2021,AGO,64,,,,
2012,AIA,0.2,,,,
2013,AIA,0.2,,,,
2014,AIA,4,,,,
2015,AIA,4,,,,
2016,AIA,7.3,,,,
2017,AIA,7.3,,,,
2018,AIA,4.6,,,,
2019,AIA,6,,,,
2020,AIA,6,,,,
2021,AIA,6,,,,
2012,ALB,94.4,,,,
2013,ALB,94.8,,,,
2014,ALB,94.6,,,,
2015,ALB,94.8,,,,
2016,ALB,95.1,,,,
2017,ALB,95.4,,,,
2018,ALB,95.5,,,,
2019,ALB,95.6,,,,
2020,ALB,95.9,,,,
2021,ALB,95.9,,,,
2012,AND,100,,,,
2013,AND,100,,,,
2014,AND,100,,,,
2015,AND,100,,,,
2016,AND,96.2,,,,
2017,AND,96.8,,,,
2018,AND,96.8,,,,
2019,AND,96.9,,,,
2020,AND,96.9,,,,
2021,AND,97,,,,
2012,ARE,0,,,,
2013,ARE,0.4,,,,
2014,ARE,0.5,,,,
2015,ARE,0.5,,,,
2016,ARE,0.5,,,,
2017,ARE,1.1,,,,
2018,ARE,1.9,,,,
2019,ARE,5.8,,,,
2020,ARE,6.6,,,,
2021,ARE,7.4,,,,
2012,ARG,32.8,,,,
2013,ARG,33,,,,
2014,ARG,32.4,,,,
2015,ARG,31.2,,,,
2016,ARG,30.9,,,,
2017,ARG,29.3,,,,
2018,ARG,29.4,,,,
2019,ARG,31.5,,,,
2020,ARG,33.1,,,,
2021,ARG,34.6,,,,
2012,ARM,30.9,,,,
2013,ARM,31.6,,,,
2014,ARM,31.7,,,,
2015,ARM,36.5,,,,
2016,ARM,36.9,,,,
2017,ARM,37.2,,,,
2018,ARM,37.8,,,,
2019,ARM,38.3,,,,
2020,ARM,39.1,,,,
2021,ARM,40.5,,,,
2012,ATG,0.4,,,,
2013,ATG,0.3,,,,
2014,ATG,0.3,,,,
2015,ATG,2.8,,,,
2016,ATG,4.2,,,,
2017,ATG,5.1,,,,
2018,ATG,9.7,,,,
2019,ATG,9.7,,,,
2020,ATG,16.9,,,,
2021,ATG,16.9,,,,
2012,AUS,22.5,,,,
2013,AUS,24.3,,,,
2014,AUS,25.5,,,,
2015,AUS,26.9,,,,
2016,AUS,28.8,,,,
2017,AUS,30.8,,,,
2018,AUS,32.9,,,,
2019,AUS,37.8,,,,
2020,AUS,42.2,,,,
2021,AUS,42.8,,,,
2012,AUT,72,,,,
2013,AUT,72.1,,,,
2014,AUT,73.4,,,,
2015,AUT,74.7,,,,
2016,AUT,76.7,,,,
2017,AUT,78.6,,,,
2018,AUT,79.5,,,,
2019,AUT,80.2,,,,
2020,AUT,80.3,,,,
2021,AUT,80.9,,,,
2012,AZE,16,,,,
2013,AZE,15,,,,
2014,AZE,15.2,,,,
2015,AZE,14.8,,,,
2016,AZE,15,,,,
2017,AZE,15,,,,
2018,AZE,16.3,,,,
2019,AZE,16.9,,,,
2020,AZE,17,,,,
2021,AZE,17.1,,,,
2012,BDI,78.4,,,,
2013,BDI,73.7,,,,
2014,BDI,73.7,,,,
2015,BDI,73.8,,,,
2016,BDI,74.2,,,,
2017,BDI,53.2,,,,
2018,BDI,53.2,,,,
2019,BDI,53.2,,,,
2020,BDI,53.2,,,,
2021,BDI,53.2,,,,
2012,BEL,24.6,,,,
2013,BEL,27.5,,,,
2014,BEL,28.6,,,,
2015,BEL,30.1,,,,
2016,BEL,31.4,,,,
2017,BEL,33.6,,,,
2018,BEL,36.4,,,,
2019,BEL,39.8,,,,
2020,BEL,43.9,,,,
2021,BEL,46.8,,,,
2012,BEN,0.8,,,,
2013,BEN,0.4,,,,
2014,BEN,0.7,,,,
2015,BEN,1.7,,,,
2016,BEN,1.7,,,,
2017,BEN,1.7,,,,
2018,BEN,1.9,,,,
2019,BEN,1.1,,,,
2020,BEN,1.1,,,,
2021,BEN,1.1,,,,
2012,BES,36.9,,,,
2013,BES,36.9,,,,
2014,BES,36.9,,,,
2015,BES,37.5,,,,
2016,BES,41.2,,,,
2017,BES,39.3,,,,
2018,BES,38.2,,,,
2019,BES,39.6,,,,
2020,BES,39.6,,,,
2021,BES,39.6,,,,
2012,BFA,10.3,,,,
2013,BFA,15,,,,
2014,BFA,13.3,,,,
2015,BFA,12.1,,,,
2016,BFA,12.8,,,,
2017,BFA,21.6,,,,
2018,BFA,24.7,,,,
2019,BFA,22.4,,,,
2020,BFA,22.4,,,,
2021,BFA,22.4,,,,
2012,BGD,2.8,,,,
2013,BGD,2.9,,,,
2014,BGD,2.8,,,,
2015,BGD,2.7,,,,
2016,BGD,2.6,,,,
2017,BGD,2.7,,,,
2018,BGD,2.2,,,,
2019,BGD,2.2,,,,
2020,BGD,2.2,,,,
2021,BGD,2.4,,,,
2012,BGR,34.4,,,,
2013,BGR,35.2,,,,
2014,BGR,36.2,,,,
2015,BGR,37.9,,,,
2016,BGR,38.6,,,,
2017,BGR,39.5,,,,
2018,BGR,38.1,,,,
2019,BGR,38.5,,,,
2020,BGR,39.7,,,,
2021,BGR,40.2,,,,
2012,BHR,0,,,,
2013,BHR,0,,,,
2014,BHR,0.1,,,,
2015,BHR,0.1,,,,
2016,BHR,0.1,,,,
2017,BHR,0.1,,,,
2018,BHR,0.1,,,,
2019,BHR,0.1,,,,
2020,BHR,0.1,,,,
2021,BHR,0.1,,,,
2012,BHS,0.1,,,,
2013,BHS,0.1,,,,
2014,BHS,0.2,,,,
2015,BHS,0.2,,,,
2016,BHS,0.3,,,,
2017,BHS,0.2,,,,
2018,BHS,0.2,,,,
2019,BHS,0.3,,,,
2020,BHS,0.3,,,,
2021,BHS,0.3,,,,
2012,BIH,43.7,,,,
2013,BIH,42.8,,,,
2014,BIH,43,,,,
2015,BIH,43.1,,,,
2016,BIH,40.8,,,,
2017,BIH,41.3,,,,
2018,BIH,42.3,,,,
2019,BIH,42.9,,,,
2020,BIH,43.8,,,,
2021,BIH,36.3,,,,
2012,BLR,0.6,,,,
2013,BLR,0.8,,,,
2014,BLR,0.8,,,,
2015,BLR,1,,,,
2016,BLR,2.2,,,,
2017,BLR,2.9,,,,
2018,BLR,3.8,,,,
2019,BLR,4.1,,,,
2020,BLR,4.8,,,,
2021,BLR,5.2,,,,
2012,BLZ,52.8,,,,
2013,BLZ,53.7,,,,
2014,BLZ,53.9,,,,
2015,BLZ,54.3,,,,
2016,BLZ,58.5,,,,
2017,BLZ,60.3,,,,
2018,BLZ,60.4,,,,
2019,BLZ,52.3,,,,
2020,BLZ,52.8,,,,
2021,BLZ,52.8,,,,
2012,BOL,30.2,,,,
2013,BOL,29.5,,,,
2014,BOL,27.9,,,,
2015,BOL,26.3,,,,
2016,BOL,27.3,,,,
2017,BOL,31.6,,,,
2018,BOL,35.7,,,,
2019,BOL,30.1,,,,
2020,BOL,30.3,,,,
2021,BOL,31.3,,,,
2012,BRA,79.5,,,,
2013,BRA,78.8,,,,
2014,BRA,79.5,,,,
2015,BRA,80,,,,
2016,BRA,80.8,,,,
2017,BRA,81.4,,,,
2018,BRA,83.2,,,,
2019,BRA,83.3,,,,
2020,BRA,83,,,,
2021,BRA,83.2,,,,
2012,BRB,0.6,,,,
2013,BRB,0.7,,,,
2014,BRB,25,,,,
2015,BRB,3.5,,,,
2016,BRB,7.4,,,,
2017,BRB,7.8,,,,
2018,BRB,7.6,,,,
2019,BRB,11.6,,,,
2020,BRB,15.8,,,,
2021,BRB,15.8,,,,
2012,BRN,0.1,,,,
2013,BRN,0.1,,,,
2014,BRN,0.1,,,,
2015,BRN,0.1,,,,
2016,BRN,0.1,,,,
2017,BRN,0.1,,,,
2018,BRN,0.1,,,,
2019,BRN,0.1,,,,
2020,BRN,0.1,,,,
2021,BRN,0.4,,,,
2012,BTN,99.4,,,,
2013,BTN,99.3,,,,
2014,BTN,99.3,,,,
2015,BTN,99.3,,,,
2016,BTN,99.5,,,,
2017,BTN,99.5,,,,
2018,BTN,99.5,,,,
2019,BTN,99.7,,,,
2020,BTN,99.6,,,,
2021,BTN,99.6,,,,
2012,BWA,0.5,,,,
2013,BWA,0.5,,,,
2014,BWA,0.2,,,,
2015,BWA,0.2,,,,
2016,BWA,0.4,,,,
2017,BWA,0.4,,,,
2018,BWA,0.4,,,,
2019,BWA,0.6,,,,
2020,BWA,0.6,,,,
2021,BWA,0.6,,,,
2012,CAN,63.3,,,,
2013,CAN,64.6,,,,
2014,CAN,65.5,,,,
2015,CAN,66.3,,,,
2016,CAN,66.4,,,,
2017,CAN,66.8,,,,
2018,CAN,67.1,,,,
2019,CAN,67.1,,,,
2020,CAN,66.8,,,,
2021,CAN,68.3,,,,
2012,CFA,50.2,,,,
2013,CFA,50.2,,,,
2014,CFA,46.5,,,,
2015,CFA,46.5,,,,
2016,CFA,46.5,,,,
2017,CFA,46.5,,,,
2018,CFA,46.5,,,,
2019,CFA,46.6,,,,
2020,CFA,46.6,,,,
2021,CFA,21,,,,
2012,CHE,75.7,,,,
2013,CHE,76.1,,,,
2014,CHE,76.4,,,,
2015,CHE,76.7,,,,
2016,CHE,78,,,,
2017,CHE,78.9,,,,
2018,CHE,79.2,,,,
2019,CHE,79.5,,,,
2020,CHE,81.4,,,,
2021,CHE,81.8,,,,
2012,CHL,39.9,,,,
2013,CHL,42.5,,,,
2014,CHL,42.9,,,,
2015,CHL,42.6,,,,
2016,CHL,41.2,,,,
2017,CHL,45.7,,,,
2018,CHL,46.8,,,,
2019,CHL,47.8,,,,
2020,CHL,50.7,,,,
2021,CHL,54.1,,,,
2012,CHN,26.3,,,,
2013,CHN,28.5,,,,
2014,CHN,30.3,,,,
2015,CHN,31.7,,,,
2016,CHN,33.1,,,,
2017,CHN,35.2,,,,
2018,CHN,36.6,,,,
2019,CHN,37.7,,,,
2020,CHN,40.8,,,,
2021,CHN,42.9,,,,
2012,CIV,42.3,,,,
2013,CIV,39.6,,,,
2014,CIV,37,,,,
2015,CIV,34.1,,,,
2016,CIV,32.1,,,,
2017,CIV,40.8,,,,
2018,CIV,40.9,,,,
2019,CIV,40,,,,
2020,CIV,40,,,,
2021,CIV,40,,,,
2012,CMR,66.5,,,,
2013,CMR,57.7,,,,
2014,CMR,57.8,,,,
2015,CMR,55.5,,,,
2016,CMR,55.6,,,,
2017,CMR,51.3,,,,
2018,CMR,51.4,,,,
2019,CMR,54,,,,
2020,CMR,54,,,,
2021,CMR,53.9,,,,
2012,COD,99,,,,
2013,COD,98.9,,,,
2014,COD,98.9,,,,
2015,COD,98.9,,,,
2016,COD,98.9,,,,
2017,COD,98.9,,,,
2018,COD,99,,,,
2019,COD,99,,,,
2020,COD,99,,,,
2021,COD,99,,,,
2012,COG,32.7,,,,
2013,COG,32.7,,,,
2014,COG,32.7,,,,
2015,COG,32.7,,,,
2016,COG,33.4,,,,
2017,COG,34.7,,,,
2018,COG,34.7,,,,
2019,COG,34.7,,,,
2020,COG,27.5,,,,
2021,COG,27.5,,,,
2012,COL,68.1,,,,
2013,COL,68.1,,,,
2014,COL,70.5,,,,
2015,COL,70,,,,
2016,COL,70,,,,
2017,COL,70.2,,,,
2018,COL,68.7,,,,
2019,COL,68.6,,,,
2020,COL,68.9,,,,
2021,COL,67.9,,,,
2012,COM,6.3,,,,
2013,COM,6.3,,,,
2014,COM,6.3,,,,
2015,COM,6.3,,,,
2016,COM,6.3,,,,
2017,COM,6.3,,,,
2018,COM,6.3,,,,
2019,COM,6.3,,,,
2020,COM,6.3,,,,
2021,COM,6.3,,,,
2012,CPV,21,,,,
2013,CPV,23.3,,,,
2014,CPV,23.3,,,,
2015,CPV,18.7,,,,
2016,CPV,18.9,,,,
2017,CPV,18.9,,,,
2018,CPV,20,,,,
2019,CPV,20.1,,,,
2020,CPV,20.1,,,,
2021,CPV,20.1,,,,
2012,CRI,77.6,,,,
2013,CRI,77.8,,,,
2014,CRI,78.3,,,,
2015,CRI,79.6,,,,
2016,CRI,83.5,,,,
2017,CRI,86,,,,
2018,CRI,86.2,,,,
2019,CRI,86.9,,,,
2020,CRI,86.8,,,,
2021,CRI,87.1,,,,
2012,CUB,10.4,,,,
2013,CUB,9.1,,,,
2014,CUB,9.6,,,,
2015,CUB,10,,,,
2016,CUB,9.4,,,,
2017,CUB,10.4,,,,
2018,CUB,11.4,,,,
2019,CUB,16.6,,,,
2020,CUB,18.8,,,,
2021,CUB,19.1,,,,
2012,CUW,11.4,,,,
2013,CUW,12.3,,,,
2014,CUW,13.8,,,,
2015,CUW,22.4,,,,
2016,CUW,22.8,,,,
2017,CUW,29.3,,,,
2018,CUW,23.1,,,,
2019,CUW,23.1,,,,
2020,CUW,25.7,,,,
2021,CUW,25.7,,,,
2012,CYP,100,,,,
2013,CYP,11.3,,,,
2014,CYP,12.8,,,,
2015,CYP,13.9,,,,
2016,CYP,14.3,,,,
2017,CYP,15.5,,,,
2018,CYP,16.1,,,,
2019,CYP,17.7,,,,
2020,CYP,21.1,,,,
2021,CYP,24.5,,,,
2012,CZE,19.5,,,,
2013,CZE,19.4,,,,
2014,CZE,19,,,,
2015,CZE,19.3,,,,
2016,CZE,19.2,,,,
2017,CZE,19.2,,,,
2018,CZE,19.1,,,,
2019,CZE,19.8,,,,
2020,CZE,20.6,,,,
2021,CZE,21.1,,,,
2012,DEU,43.8,,,,
2013,DEU,45.2,,,,
2014,DEU,45.7,,,,
2015,DEU,48.1,,,,
2016,DEU,50.2,,,,
2017,DEU,52.3,,,,
2018,DEU,52,,,,
2019,DEU,54,,,,
2020,DEU,56.4,,,,
2021,DEU,60.5,,,,
2012,DJI,0.2,,,,
2013,DJI,0.2,,,,
2014,DJI,0.2,,,,
2015,DJI,0.2,,,,
2016,DJI,0.3,,,,
2017,DJI,0.3,,,,
2018,DJI,0.3,,,,
2019,DJI,0.3,,,,
2020,DJI,0.3,,,,
2021,DJI,14.2,,,,
2012,DMA,25.9,,,,
2013,DMA,25.9,,,,
2014,DMA,25.9,,,,
2015,DMA,25.9,,,,
2016,DMA,27,,,,
2017,DMA,27,,,,
2018,DMA,26.1,,,,
2019,DMA,26.1,,,,
2020,DMA,24.8,,,,
2021,DMA,24.8,,,,
2012,DNK,42.3,,,,
2013,DNK,47.7,,,,
2014,DNK,49.5,,,,
2015,DNK,50.8,,,,
2016,DNK,52.1,,,,
2017,DNK,57.2,,,,
2018,DNK,59.4,,,,
2019,DNK,59.3,,,,
2020,DNK,60.4,,,,
2021,DNK,63.9,,,,
2012,DOM,13.4,,,,
2013,DOM,13.5,,,,
2014,DOM,13.5,,,,
2015,DOM,14.3,,,,
2016,DOM,16.7,,,,
2017,DOM,17.6,,,,
2018,DOM,19.9,,,,
2019,DOM,24.9,,,,
2020,DOM,26,,,,
2021,DOM,26.7,,,,
2012,DZA,1.9,,,,
2013,DZA,1.7,,,,
2014,DZA,1.7,,,,
2015,DZA,1.8,,,,
2016,DZA,2.5,,,,
2017,DZA,3.4,,,,
2018,DZA,3.2,,,,
2019,DZA,2.9,,,,
2020,DZA,2.8,,,,
2021,DZA,2.6,,,,
2012,ECU,43.4,,,,
2013,ECU,43.4,,,,
2014,ECU,42.6,,,,
2015,ECU,43.3,,,,
2016,ECU,56.4,,,,
2017,ECU,58.6,,,,
2018,ECU,60.8,,,,
2019,ECU,60.8,,,,
2020,ECU,60.8,,,,
2021,ECU,60.3,,,,
2012,EGY,11,,,,
2013,EGY,10.6,,,,
2014,EGY,10.6,,,,
2015,EGY,10.4,,,,
2016,EGY,9.5,,,,
2017,EGY,8.4,,,,
2018,EGY,8.6,,,,
2019,EGY,9.7,,,,
2020,EGY,10.1,,,,
2021,EGY,10.4,,,,
2012,ERI,0.6,,,,
2013,ERI,0.6,,,,
2014,ERI,5.9,,,,
2015,ERI,5.2,,,,
2016,ERI,5.4,,,,
2017,ERI,5.1,,,,
2018,ERI,8.3,,,,
2019,ERI,9.2,,,,
2020,ERI,10.1,,,,
2021,ERI,11,,,,
2012,ESP,44.2,,,,
2013,ESP,44.2,,,,
2014,ESP,44.1,,,,
2015,ESP,44.7,,,,
2016,ESP,45.1,,,,
2017,ESP,46.2,,,,
2018,ESP,46.5,,,,
2019,ESP,49.8,,,,
2020,ESP,53,,,,
2021,ESP,55.7,,,,
2012,EST,15.1,,,,
2013,EST,17.8,,,,
2014,EST,18.5,,,,
2015,EST,20.7,,,,
2016,EST,23.6,,,,
2017,EST,24.2,,,,
2018,EST,21.6,,,,
2019,EST,26.1,,,,
2020,EST,30.3,,,,
2021,EST,35.2,,,,
2012,ETH,91.7,,,,
2013,ETH,92.1,,,,
2014,ETH,92.1,,,,
2015,ETH,94.8,,,,
2016,ETH,96.4,,,,
2017,ETH,97.8,,,,
2018,ETH,98.1,,,,
2019,ETH,97.7,,,,
2020,ETH,97.8,,,,
2021,ETH,97.9,,,,
2012,EUU,69.3,,,,
2013,EUU,70.4,,,,
2014,EUU,71.2,,,,
2015,EUU,72.4,,,,
2016,EUU,73.2,,,,
2017,EUU,74.2,,,,
2018,EUU,75.1,,,,
2019,EUU,76.3,,,,
2020,EUU,78,,,,
2021,EUU,79.6,,,,
2012,FIN,32.9,,,,
2013,FIN,32.8,,,,
2014,FIN,35.1,,,,
2015,FIN,36.7,,,,
2016,FIN,41,,,,
2017,FIN,43.4,,,,
2018,FIN,43.7,,,,
2019,FIN,44.8,,,,
2020,FIN,49.9,,,,
2021,FIN,52.2,,,,
2012,FJI,62.6,,,,
2013,FJI,61.3,,,,
2014,FJI,61.3,,,,
2015,FJI,55.8,,,,
2016,FJI,56.1,,,,
2017,FJI,57.8,,,,
2018,FJI,58.1,,,,
2019,FJI,55.2,,,,
2020,FJI,55.2,,,,
2021,FJI,56.1,,,,
2012,FRA,28.4,,,,
2013,FRA,29.8,,,,
2014,FRA,31.2,,,,
2015,FRA,32.4,,,,
2016,FRA,33.7,,,,
2017,FRA,35.9,,,,
2018,FRA,37.4,,,,
2019,FRA,39.2,,,,
2020,FRA,40.7,,,,
2021,FRA,42.7,,,,
2012,FRO,41.4,,,,
2013,FRO,43.7,,,,
2014,FRO,48,,,,
2015,FRO,46.4,,,,
2016,FRO,46.3,,,,
2017,FRO,46.3,,,,
2018,FRO,44.8,,,,
2019,FRO,40.4,,,,
2020,FRO,36,,,,
2021,FRO,36,,,,
2012,FSM,1.8,,,,
2013,FSM,2.2,,,,
2014,FSM,4.4,,,,
2015,FSM,4.4,,,,
2016,FSM,6.2,,,,
2017,FSM,6.2,,,,
2018,FSM,12.2,,,,
2019,FSM,12.3,,,,
2020,FSM,12.3,,,,
2021,FSM,12.3,,,,
2012,GAB,38,,,,
2013,GAB,54.8,,,,
2014,GAB,55.3,,,,
2015,GAB,55.2,,,,
2016,GAB,53,,,,
2017,GAB,53.5,,,,
2018,GAB,54.4,,,,
2019,GAB,54.4,,,,
2020,GAB,54.4,,,,
2021,GAB,54.4,,,,
2012,GBR,16.6,,,,
2013,GBR,21.4,,,,
2014,GBR,25.8,,,,
2015,GBR,32,,,,
2016,GBR,35.9,,,,
2017,GBR,38.2,,,,
2018,GBR,40.7,,,,
2019,GBR,44.6,,,,
2020,GBR,45.1,,,,
2021,GBR,46.5,,,,
2012,GEO,79.6,,,,
2013,GEO,79.8,,,,
2014,GEO,80.6,,,,
2015,GEO,76,,,,
2016,GEO,76.1,,,,
2017,GEO,77.5,,,,
2018,GEO,77.4,,,,
2019,GEO,78.9,,,,
2020,GEO,73.8,,,,
2021,GEO,74.4,,,,
2012,GHA,49.4,,,,
2013,GHA,56.6,,,,
2014,GHA,56.7,,,,
2015,GHA,57.1,,,,
2016,GHA,46.2,,,,
2017,GHA,41.4,,,,
2018,GHA,40.9,,,,
2019,GHA,32.3,,,,
2020,GHA,31.7,,,,
2021,GHA,31.7,,,,
2012,GIN,59.8,,,,
2013,GIN,38.5,,,,
2014,GIN,38.5,,,,
2015,GIN,61.8,,,,
2016,GIN,62.8,,,,
2017,GIN,61.1,,,,
2018,GIN,60.7,,,,
2019,GIN,60,,,,
2020,GIN,55.4,,,,
2021,GIN,73,,,,
2012,GLP,28.9,,,,
2013,GLP,29.8,,,,
2014,GLP,25.2,,,,
2015,GLP,27.5,,,,
2016,GLP,26.4,,,,
2017,GLP,27,,,,
2018,GLP,27.6,,,,
2019,GLP,30.9,,,,
2020,GLP,31.3,,,,
2021,GLP,32.5,,,,
2012,GMB,3.9,,,,
2013,GMB,3.3,,,,
2014,GMB,3.5,,,,
2015,GMB,3.6,,,,
2016,GMB,3.6,,,,
2017,GMB,3.6,,,,
2018,GMB,3.2,,,,
2019,GMB,3.2,,,,
2020,GMB,3.2,,,,
2021,GMB,2.7,,,,
2015,GNB,1.1,,,,
2016,GNB,1.1,,,,
2017,GNB,1.1,,,,
2018,GNB,4,,,,
2019,GNB,4,,,,
2020,GNB,4,,,,
2021,GNB,4,,,,
2012,GNQ,36.1,,,,
2013,GNQ,36.1,,,,
2014,GNQ,36.1,,,,
2015,GNQ,36.1,,,,
2016,GNQ,33.8,,,,
2017,GNQ,31.7,,,,
2018,GNQ,31.7,,,,
2019,GNQ,31.7,,,,
2020,GNQ,31.7,,,,
2021,GNQ,31.7,,,,
2012,GRC,37,,,,
2013,GRC,40.7,,,,
2014,GRC,42.4,,,,
2015,GRC,43,,,,
2016,GRC,44,,,,
2017,GRC,44.7,,,,
2018,GRC,46.1,,,,
2019,GRC,48.5,,,,
2020,GRC,52.5,,,,
2021,GRC,54.5,,,,
2012,GRD,0.7,,,,
2013,GRD,1.1,,,,
2014,GRD,1.5,,,,
2015,GRD,2.1,,,,
2016,GRD,4.2,,,,
2017,GRD,4.3,,,,
2018,GRD,4.8,,,,
2019,GRD,5.8,,,,
2020,GRD,6.6,,,,
2021,GRD,6.2,,,,
2012,GRL,48.7,,,,
2013,GRL,48.7,,,,
2014,GRL,48.7,,,,
2015,GRL,48.7,,,,
2016,GRL,48.7,,,,
2017,GRL,48.7,,,,
2018,GRL,48.8,,,,
2019,GRL,48.8,,,,
2020,GRL,48.8,,,,
2021,GRL,48.8,,,,
2012,GTM,54.3,,,,
2013,GTM,55.4,,,,
2014,GTM,57.5,,,,
2015,GTM,58.3,,,,
2016,GTM,63.2,,,,
2017,GTM,67.4,,,,
2018,GTM,69.6,,,,
2019,GTM,69.7,,,,
2020,GTM,69.7,,,,
2021,GTM,69.7,,,,
2012,GUF,58.1,,,,
2013,GUF,58.2,,,,
2014,GUF,54.2,,,,
2015,GUF,53.2,,,,
2016,GUF,50.6,,,,
2017,GUF,47.7,,,,
2018,GUF,47.8,,,,
2019,GUF,48.2,,,,
2020,GUF,47.6,,,,
2021,GUF,47.6,,,,
2012,GUM,0.1,,,,
2013,GUM,0.2,,,,
2014,GUM,0.3,,,,
2015,GUM,6.1,,,,
2016,GUM,7.4,,,,
2017,GUM,6.7,,,,
2018,GUM,6.7,,,,
2019,GUM,7.7,,,,
2020,GUM,7.7,,,,
2021,GUM,7.7,,,,
2012,GUY,15.5,,,,
2013,GUY,14.7,,,,
2014,GUY,15.5,,,,
2015,GUY,16.7,,,,
2016,GUY,15.1,,,,
2017,GUY,14.5,,,,
2018,GUY,14.9,,,,
2019,GUY,14.8,,,,
2020,GUY,14.8,,,,
2021,GUY,14.8,,,,
2012,HND,43.4,,,,
2013,HND,46.2,,,,
2014,HND,46.6,,,,
2015,HND,59.9,,,,
2016,HND,60.1,,,,
2017,HND,62.1,,,,
2018,HND,63,,,,
2019,HND,63,,,,
2020,HND,64.7,,,,
2021,HND,64.8,,,,
2012,HRV,55.5,,,,
2013,HRV,57.6,,,,
2014,HRV,58.5,,,,
2015,HRV,56.9,,,,
2016,HRV,57.6,,,,
2017,HRV,58.7,,,,
2018,HRV,59.5,,,,
2019,HRV,65.1,,,,
2020,HRV,69.8,,,,
2021,HRV,71.1,,,,
2012,HTI,13.4,,,,
2013,HTI,12.9,,,,
2014,HTI,13,,,,
2015,HTI,13,,,,
2016,HTI,13,,,,
2017,HTI,13.1,,,,
2018,HTI,17.1,,,,
2019,HTI,17.1,,,,
2020,HTI,17.1,,,,
2021,HTI,17.1,,,,
2012,HUN,7.7,,,,
2013,HUN,8.9,,,,
2014,HUN,11.8,,,,
2015,HUN,12.5,,,,
2016,HUN,12,,,,
2017,HUN,13.8,,,,
2018,HUN,17.5,,,,
2019,HUN,22.9,,,,
2020,HUN,28.2,,,,
2021,HUN,28.2,,,,
2012,IDN,15.9,,,,
2013,IDN,15.7,,,,
2014,IDN,15.4,,,,
2015,IDN,15.7,,,,
2016,IDN,15.5,,,,
2017,IDN,15.2,,,,
2018,IDN,15.1,,,,
2019,IDN,14.8,,,,
2020,IDN,14.4,,,,
2021,IDN,15.1,,,,
2012,IND,23.3,,,,
2013,IND,22.5,,,,
2014,IND,22.9,,,,
2015,IND,22.7,,,,
2016,IND,24.8,,,,
2017,IND,27.1,,,,
2018,IND,28.1,,,,
2019,IND,29,,,,
2020,IND,29.9,,,,
2021,IND,31.5,,,,
2012,IRL,23.1,,,,
2013,IRL,25.1,,,,
2014,IRL,28,,,,
2015,IRL,28.5,,,,
2016,IRL,31.1,,,,
2017,IRL,34.6,,,,
2018,IRL,36.8,,,,
2019,IRL,40.7,,,,
2020,IRL,42.2,,,,
2021,IRL,42.5,,,,
2012,IRN,14.3,,,,
2013,IRN,14.8,,,,
2014,IRN,15,,,,
2015,IRN,14,,,,
2016,IRN,14.1,,,,
2017,IRN,14.4,,,,
2018,IRN,14.3,,,,
2019,IRN,14.3,,,,
2020,IRN,14,,,,
2021,IRN,13.8,,,,
2012,IRQ,13.4,,,,
2013,IRQ,8.5,,,,
2014,IRQ,9,,,,
2015,IRQ,7.4,,,,
2016,IRQ,72,,,,
2017,IRQ,6.1,,,,
2018,IRQ,5.9,,,,
2019,IRQ,5.9,,,,
2020,IRQ,5.5,,,,
2021,IRQ,5.3,,,,
2012,ISL,95.7,,,,
2013,ISL,95.9,,,,
2014,ISL,95.9,,,,
2015,ISL,95.8,,,,
2016,ISL,97,,,,
2017,ISL,97.1,,,,
2018,ISL,97.2,,,,
2019,ISL,97.3,,,,
2020,ISL,97.3,,,,
2021,ISL,97.3,,,,
2012,ISR,2.1,,,,
2013,ISR,2.8,,,,
2014,ISR,3.9,,,,
2015,ISR,4.7,,,,
2016,ISR,5.3,,,,
2017,ISR,5.9,,,,
2018,ISR,7.5,,,,
2019,ISR,11,,,,
2020,ISR,12.7,,,,
2021,ISR,13.1,,,,
2012,ITA,37.5,,,,
2013,ITA,39.2,,,,
2014,ITA,40.7,,,,
2015,ITA,43.1,,,,
2016,ITA,44.8,,,,
2017,ITA,45.6,,,,
2018,ITA,46.1,,,,
2019,ITA,46.7,,,,
2020,ITA,47.7,,,,
2021,ITA,48.7,,,,
2012,JAM,9.9,,,,
2013,JAM,10.6,,,,
2014,JAM,10.8,,,,
2015,JAM,10.8,,,,
2016,JAM,17.5,,,,
2017,JAM,19.5,,,,
2018,JAM,19.5,,,,
2019,JAM,18.8,,,,
2020,JAM,17.5,,,,
2021,JAM,17.5,,,,
2012,JOR,0.5,,,,
2013,JOR,0.5,,,,
2014,JOR,0.4,,,,
2015,JOR,3.5,,,,
2016,JOR,12,,,,
2017,JOR,14.5,,,,
2018,JOR,19.2,,,,
2019,JOR,27.2,,,,
2020,JOR,33.3,,,,
2021,JOR,33.9,,,,
2012,JPN,13.1,,,,
2013,JPN,15.1,,,,
2014,JPN,17.7,,,,
2015,JPN,20.8,,,,
2016,JPN,22.7,,,,
2017,JPN,24.8,,,,
2018,JPN,26.5,,,,
2019,JPN,28.8,,,,
2020,JPN,30.1,,,,
2021,JPN,31.1,,,,
2012,KAZ,12.6,,,,
2013,KAZ,12.7,,,,
2014,KAZ,13.4,,,,
2015,KAZ,13.5,,,,
2016,KAZ,13.3,,,,
2017,KAZ,13.6,,,,
2018,KAZ,13.3,,,,
2019,KAZ,16.1,,,,
2020,KAZ,18.6,,,,
2021,KAZ,24.4,,,,
2012,KEN,65.3,,,,
2013,KEN,65.5,,,,
2014,KEN,65.6,,,,
2015,KEN,65.8,,,,
2016,KEN,66.2,,,,
2017,KEN,67.5,,,,
2018,KEN,71.8,,,,
2019,KEN,71.9,,,,
2020,KEN,74.9,,,,
2021,KEN,76,,,,
2012,KGZ,79.4,,,,
2013,KGZ,81.8,,,,
2014,KGZ,82.3,,,,
2015,KGZ,85.3,,,,
2016,KGZ,85.3,,,,
2017,KGZ,85.4,,,,
2018,KGZ,85.3,,,,
2019,KGZ,85.3,,,,
2020,KGZ,85.3,,,,
2021,KGZ,85.3,,,,
2012,KHM,44.1,,,,
2013,KHM,61,,,,
2014,KHM,63.5,,,,
2015,KHM,57.9,,,,
2016,KHM,57.2,,,,
2017,KHM,55.2,,,,
2018,KHM,63.3,,,,
2019,KHM,60.6,,,,
2020,KHM,55.8,,,,
2021,KHM,57.4,,,,
2012,KIR,7.1,,,,
2013,KIR,7.1,,,,
2014,KIR,10.3,,,,
2015,KIR,26.1,,,,
2016,KIR,30.4,,,,
2017,KIR,30.4,,,,
2018,KIR,30.4,,,,
2019,KIR,30.4,,,,
2020,KIR,30.4,,,,
2021,KIR,30.4,,,,
2012,KOR,4.2,,,,
2013,KOR,4.7,,,,
2014,KOR,5.7,,,,
2015,KOR,7,,,,
2016,KOR,8.3,,,,
2017,KOR,9.2,,,,
2018,KOR,10.8,,,,
2019,KOR,13.5,,,,
2020,KOR,14.9,,,,
2021,KOR,17.1,,,,
2012,KOS,4.6,,,,
2013,KOS,4.6,,,,
2014,KOS,4.6,,,,
2015,KOS,4.6,,,,
2016,KOS,8.2,,,,
2017,KOS,8.6,,,,
2018,KOS,8.6,,,,
2019,KOS,9.7,,,,
2020,KOS,9.6,,,,
2021,KOS,15.8,,,,
2012,KWT,0,,,,
2013,KWT,0,,,,
2014,KWT,0,,,,
2015,KWT,0,,,,
2016,KWT,0.2,,,,
2017,KWT,0.2,,,,
2018,KWT,0.3,,,,
2019,KWT,0.5,,,,
2020,KWT,0.5,,,,
2021,KWT,0.5,,,,
2012,LAO,100,,,,
2013,LAO,100,,,,
2014,LAO,100,,,,
2015,LAO,77.7,,,,
2016,LAO,72.4,,,,
2017,LAO,73.4,,,,
2018,LAO,74.6,,,,
2019,LAO,77.2,,,,
2020,LAO,80.4,,,,
2021,LAO,81.9,,,,
2012,LBN,8.7,,,,
2013,LBN,8.1,,,,
2014,LBN,8.1,,,,
2015,LBN,8.1,,,,
2016,LBN,8.6,,,,
2017,LBN,8.8,,,,
2018,LBN,9.4,,,,
2019,LBN,9.9,,,,
2020,LBN,9.9,,,,
2021,LBN,10.9,,,,
2012,LBR,4.3,,,,
2013,LBR,4.2,,,,
2014,LBR,4.2,,,,
2015,LBR,4.2,,,,
2016,LBR,21,,,,
2017,LBR,49.1,,,,
2018,LBR,49.1,,,,
2019,LBR,49.1,,,,
2020,LBR,49.1,,,,
2021,LBR,49.1,,,,
2012,LBY,0.1,,,,
2013,LBY,0.1,,,,
2014,LBY,0.1,,,,
2015,LBY,0.1,,,,
2016,LBY,0,,,,
2017,LBY,0,,,,
2018,LBY,0,,,,
2019,LBY,0,,,,
2020,LBY,0,,,,
2021,LBY,0.1,,,,
2012,LKA,49.9,,,,
2013,LKA,52.3,,,,
2014,LKA,45.4,,,,
2015,LKA,47.4,,,,
2016,LKA,48.6,,,,
2017,LKA,49.8,,,,
2018,LKA,51.5,,,,
2019,LKA,51.1,,,,
2020,LKA,52.6,,,,
2021,LKA,53.9,,,,
2012,LSO,99.8,,,,
2013,LSO,99.8,,,,
2014,LSO,99.8,,,,
2015,LSO,99.8,,,,
2016,LSO,99.8,,,,
2017,LSO,99.8,,,,
2018,LSO,99.8,,,,
2019,LSO,99.8,,,,
2020,LSO,99.8,,,,
2021,LSO,99.8,,,,
2012,LTU,10.5,,,,
2013,LTU,12.1,,,,
2014,LTU,13.4,,,,
2015,LTU,19.1,,,,
2016,LTU,20.7,,,,
2017,LTU,23.4,,,,
2018,LTU,24.5,,,,
2019,LTU,25.5,,,,
2020,LTU,28,,,,
2021,LTU,35.4,,,,
2012,LUX,10.4,,,,
2013,LUX,11.6,,,,
2014,LUX,11.1,,,,
2015,LUX,11.8,,,,
2016,LUX,17.6,,,,
2017,LUX,18.6,,,,
2018,LUX,18.9,,,,
2019,LUX,21.7,,,,
2020,LUX,23.8,,,,
2021,LUX,24.9,,,,
2012,LVA,64,,,,
2013,LVA,60.6,,,,
2014,LVA,60.8,,,,
2015,LVA,60.8,,,,
2016,LVA,60.7,,,,
2017,LVA,61.1,,,,
2018,LVA,61,,,,
2019,LVA,62.1,,,,
2020,LVA,62,,,,
2021,LVA,59.6,,,,
2012,MAR,23.8,,,,
2013,MAR,24.9,,,,
2014,MAR,26.7,,,,
2015,MAR,28.2,,,,
2016,MAR,29.1,,,,
2017,MAR,28.7,,,,
2018,MAR,29.8,,,,
2019,MAR,30.5,,,,
2020,MAR,32.6,,,,
2021,MAR,33,,,,
2012,MDA,2.1,,,,
2013,MDA,2.2,,,,
2014,MDA,2.3,,,,
2015,MDA,2.3,,,,
2016,MDA,2.3,,,,
2017,MDA,2.7,,,,
2018,MDA,3.5,,,,
2019,MDA,3.6,,,,
2020,MDA,3.7,,,,
2021,MDA,4.2,,,,
2012,MDG,30.3,,,,
2013,MDG,30.6,,,,
2014,MDG,24.9,,,,
2015,MDG,25.2,,,,
2016,MDG,25.4,,,,
2017,MDG,23.6,,,,
2018,MDG,24.1,,,,
2019,MDG,24.1,,,,
2020,MDG,24.1,,,,
2021,MDG,24.1,,,,
2012,MDV,1.9,,,,
2013,MDV,2.2,,,,
2014,MDV,3.6,,,,
2015,MDV,4.2,,,,
2016,MDV,4,,,,
2017,MDV,5.4,,,,
2018,MDV,3.3,,,,
2019,MDV,4,,,,
2020,MDV,5.1,,,,
2021,MDV,5.8,,,,
2012,MEX,23.1,,,,
2013,MEX,23.7,,,,
2014,MEX,25.1,,,,
2015,MEX,25.7,,,,
2016,MEX,26.2,,,,
2017,MEX,26.2,,,,
2018,MEX,27.6,,,,
2019,MEX,31.4,,,,
2020,MEX,31.4,,,,
2021,MEX,32.6,,,,
2012,MHL,1.6,,,,
2013,MHL,2.2,,,,
2014,MHL,3.4,,,,
2015,MHL,3.4,,,,
2016,MHL,5.3,,,,
2017,MHL,5.3,,,,
2018,MHL,5.3,,,,
2019,MHL,5.3,,,,
2020,MHL,5.3,,,,
2021,MHL,5.3,,,,
2012,MKD,35.1,,,,
2013,MKD,36,,,,
2014,MKD,38.8,,,,
2015,MKD,40,,,,
2016,MKD,39.5,,,,
2017,MKD,39.8,,,,
2018,MKD,40.1,,,,
2019,MKD,40.5,,,,
2020,MKD,42.8,,,,
2021,MKD,46.6,,,,
2012,MLI,50.8,,,,
2013,MLI,52.1,,,,
2014,MLI,51.3,,,,
2015,MLI,51,,,,
2016,MLI,47.1,,,,
2017,MLI,44.9,,,,
2018,MLI,44.9,,,,
2019,MLI,44.9,,,,
2020,MLI,48.1,,,,
2021,MLI,49.8,,,,
2012,MLT,2.9,,,,
2013,MLT,4.8,,,,
2014,MLT,8.5,,,,
2015,MLT,11.7,,,,
2016,MLT,17.1,,,,
2017,MLT,16.5,,,,
2018,MLT,18.8,,,,
2019,MLT,21.3,,,,
2020,MLT,24.6,,,,
2021,MLT,25.4,,,,
2012,MMR,75.5,,,,
2013,MMR,72.6,,,,
2014,MMR,68.9,,,,
2015,MMR,65.7,,,,
2016,MMR,65.6,,,,
2017,MMR,59.1,,,,
2018,MMR,54.9,,,,
2019,MMR,53.6,,,,
2020,MMR,45.3,,,,
2021,MMR,45.2,,,,
2012,MNE,74.2,,,,
2013,MNE,74.2,,,,
2014,MNE,74.9,,,,
2015,MNE,75.2,,,,
2016,MNE,75.4,,,,
2017,MNE,76.9,,,,
2018,MNE,77,,,,
2019,MNE,78,,,,
2020,MNE,78.5,,,,
2021,MNE,78.5,,,,
2012,MNG,3.7,,,,
2013,MNG,7.4,,,,
2014,MNG,7.4,,,,
2015,MNG,7.4,,,,
2016,MNG,8.3,,,,
2017,MNG,13.8,,,,
2018,MNG,18.3,,,,
2019,MNG,18.7,,,,
2020,MNG,18.7,,,,
2021,MNG,18.1,,,,
2012,MOZ,97.3,,,,
2013,MOZ,97.3,,,,
2014,MOZ,97.2,,,,
2015,MOZ,90.1,,,,
2016,MOZ,78.4,,,,
2017,MOZ,81.8,,,,
2018,MOZ,79,,,,
2019,MOZ,79,,,,
2020,MOZ,79,,,,
2021,MOZ,79,,,,
2013,MRT,9.1,,,,
2014,MRT,8.8,,,,
2015,MRT,11.3,,,,
2016,MRT,14.3,,,,
2017,MRT,14.3,,,,
2018,MRT,21.2,,,,
2019,MRT,20.8,,,,
2020,MRT,20.8,,,,
2021,MRT,19.5,,,,
2019,MSR,35,,,,
2020,MSR,3.5,,,,
2021,MSR,12.6,,,,
2012,MTQ,13.8,,,,
2013,MTQ,11.8,,,,
2014,MTQ,13.3,,,,
2015,MTQ,14,,,,
2016,MTQ,14.3,,,,
2017,MTQ,14.6,,,,
2018,MTQ,20.7,,,,
2019,MTQ,23.7,,,,
2020,MTQ,24,,,,
2021,MTQ,24.2,,,,
2012,MUS,18.4,,,,
2013,MUS,18.8,,,,
2014,MUS,20.8,,,,
2015,MUS,22,,,,
2016,MUS,23.7,,,,
2017,MUS,23.8,,,,
2018,MUS,27.3,,,,
2019,MUS,28.7,,,,
2020,MUS,28.7,,,,
2021,MUS,28.7,,,,
2012,MWI,91.6,,,,
2013,MWI,91.6,,,,
2014,MWI,93,,,,
2015,MWI,93.3,,,,
2016,MWI,93.3,,,,
2017,MWI,91.2,,,,
2018,MWI,74.2,,,,
2019,MWI,76.8,,,,
2020,MWI,76.9,,,,
2021,MWI,78.9,,,,
2012,MYS,14.7,,,,
2013,MYS,18.7,,,,
2014,MYS,21.6,,,,
2015,MYS,24.2,,,,
2016,MYS,25.7,,,,
2017,MYS,22.2,,,,
2018,MYS,22.6,,,,
2019,MYS,21.9,,,,
2020,MYS,23.2,,,,
2021,MYS,23,,,,
2012,MYT,14.3,,,,
2013,MYT,14.4,,,,
2014,MYT,14.5,,,,
2015,MYT,14.2,,,,
2016,MYT,11.9,,,,
2017,MYT,13.3,,,,
2018,MYT,13.3,,,,
2019,MYT,13.3,,,,
2020,MYT,15.4,,,,
2021,MYT,15.4,,,,
2012,NAM,65.6,,,,
2013,NAM,65.9,,,,
2014,NAM,62.4,,,,
2015,NAM,62.7,,,,
2016,NAM,67.7,,,,
2017,NAM,70,,,,
2018,NAM,70.8,,,,
2019,NAM,73.1,,,,
2020,NAM,73.2,,,,
2021,NAM,73.2,,,,
2012,NCL,21.2,,,,
2013,NCL,18.2,,,,
2014,NCL,12.9,,,,
2015,NCL,13.1,,,,
2016,NCL,13.3,,,,
2017,NCL,14.9,,,,
2018,NCL,15.1,,,,
2019,NCL,17.9,,,,
2020,NCL,19.6,,,,
2021,NCL,19.6,,,,
2012,NER,1.5,,,,
2013,NER,1.9,,,,
2014,NER,2.3,,,,
2015,NER,2.7,,,,
2016,NER,30,,,,
2017,NER,2.6,,,,
2018,NER,7.4,,,,
2019,NER,7.1,,,,
2020,NER,7.1,,,,
2021,NER,7.1,,,,
2012,NGA,23.4,,,,
2013,NGA,21.3,,,,
2014,NGA,20.2,,,,
2015,NGA,20.2,,,,
2016,NGA,17.1,,,,
2017,NGA,17,,,,
2018,NGA,16.4,,,,
2019,NGA,16.4,,,,
2020,NGA,16.3,,,,
2021,NGA,16.4,,,,
2012,NIC,42.8,,,,
2013,NIC,43.1,,,,
2014,NIC,44.9,,,,
2015,NIC,45.6,,,,
2016,NIC,47.3,,,,
2017,NIC,45.4,,,,
2018,NIC,45.5,,,,
2019,NIC,45.2,,,,
2020,NIC,45.2,,,,
2021,NIC,38.2,,,,
2012,NIU,2.6,,,,
2013,NIU,2.6,,,,
2014,NIU,14.1,,,,
2015,NIU,14.1,,,,
2016,NIU,14.1,,,,
2017,NIU,14.1,,,,
2018,NIU,14.1,,,,
2019,NIU,31.1,,,,
2020,NIU,31.1,,,,
2021,NIU,31.1,,,,
2012,NLD,11.6,,,,
2013,NLD,13.7,,,,
2014,NLD,14.7,,,,
2015,NLD,16.9,,,,
2016,NLD,21,,,,
2017,NLD,23.4,,,,
2018,NLD,28.1,,,,
2019,NLD,33.9,,,,
2020,NLD,43.7,,,,
2021,NLD,49.1,,,,
2012,NOR,95.4,,,,
2013,NOR,95.5,,,,
2014,NOR,95.7,,,,
2015,NOR,95.7,,,,
2016,NOR,97,,,,
2017,NOR,97,,,,
2018,NOR,97.1,,,,
2019,NOR,97.2,,,,
2020,NOR,97.4,,,,
2021,NOR,97.5,,,,
2012,NPL,93.1,,,,
2013,NPL,93.4,,,,
2014,NPL,93.6,,,,
2015,NPL,94,,,,
2016,NPL,94.1,,,,
2017,NPL,94.9,,,,
2018,NPL,95.4,,,,
2019,NPL,95.9,,,,
2020,NPL,96.3,,,,
2021,NPL,97.5,,,,
2012,NRU,0.7,,,,
2013,NRU,2.1,,,,
2014,NRU,1.8,,,,
2015,NRU,1.8,,,,
2016,NRU,5.7,,,,
2017,NRU,4.1,,,,
2018,NRU,4.7,,,,
2019,NRU,11.1,,,,
2020,NRU,11.1,,,,
2021,NRU,11.1,,,,
2012,NZL,70.2,,,,
2013,NZL,72.3,,,,
2014,NZL,72.9,,,,
2015,NZL,75.9,,,,
2016,NZL,77.4,,,,
2017,NZL,77.4,,,,
2018,NZL,77.5,,,,
2019,NZL,77.6,,,,
2020,NZL,76.7,,,,
2021,NZL,77,,,,
2013,OMN,0,,,,
2014,OMN,0,,,,
2015,OMN,0,,,,
2016,OMN,0,,,,
2017,OMN,0.1,,,,
2018,OMN,0.1,,,,
2019,OMN,0.5,,,,
2020,OMN,1.3,,,,
2021,OMN,1.6,,,,
2012,PAK,29.8,,,,
2013,PAK,31,,,,
2014,PAK,31.6,,,,
2015,PAK,31.6,,,,
2016,PAK,33.5,,,,
2017,PAK,29.1,,,,
2018,PAK,32.8,,,,
2019,PAK,31.4,,,,
2020,PAK,31.7,,,,
2021,PAK,31.4,,,,
2012,PAN,61.2,,,,
2013,PAN,59.8,,,,
2014,PAN,59.9,,,,
2015,PAN,63.1,,,,
2016,PAN,63.7,,,,
2017,PAN,64.5,,,,
2018,PAN,54.5,,,,
2019,PAN,56,,,,
2020,PAN,61.8,,,,
2021,PAN,69.1,,,,
2012,PER,39.7,,,,
2013,PER,35.6,,,,
2014,PER,37.3,,,,
2015,PER,39.3,,,,
2016,PER,40.3,,,,
2017,PER,40.7,,,,
2018,PER,41.5,,,,
2019,PER,42.5,,,,
2020,PER,42.7,,,,
2021,PER,43,,,,
2012,PHL,29,,,,
2013,PHL,27.2,,,,
2014,PHL,28.5,,,,
2015,PHL,29.1,,,,
2016,PHL,28.2,,,,
2017,PHL,28,,,,
2018,PHL,27.6,,,,
2019,PHL,26.4,,,,
2020,PHL,26.5,,,,
2021,PHL,27.6,,,,
2012,PLW,1.7,,,,
2013,PLW,1.9,,,,
2014,PLW,2.8,,,,
2015,PLW,2.8,,,,
2016,PLW,3.8,,,,
2017,PLW,3.8,,,,
2018,PLW,5,,,,
2019,PLW,5.2,,,,
2020,PLW,5.2,,,,
2021,PLW,5.2,,,,
2012,PNG,36,,,,
2013,PNG,36,,,,
2014,PNG,34.9,,,,
2015,PNG,35.2,,,,
2016,PNG,35.1,,,,
2017,PNG,34.1,,,,
2018,PNG,34.1,,,,
2019,PNG,32.3,,,,
2020,PNG,30.9,,,,
2021,PNG,30.9,,,,
2012,POL,11.6,,,,
2013,POL,14.3,,,,
2014,POL,15.7,,,,
2015,POL,18.5,,,,
2016,POL,20.7,,,,
2017,POL,18.6,,,,
2018,POL,19.3,,,,
2019,POL,21.5,,,,
2020,POL,24.9,,,,
2021,POL,29.9,,,,
2012,PRI,4,,,,
2013,PRI,4.8,,,,
2014,PRI,4.9,,,,
2015,PRI,6.9,,,,
2016,PRI,7.4,,,,
2017,PRI,7.9,,,,
2018,PRI,7.9,,,,
2019,PRI,8.4,,,,
2020,PRI,9.1,,,,
2021,PRI,10.8,,,,
2012,PRK,59,,,,
2013,PRK,59.2,,,,
2014,PRK,59.3,,,,
2015,PRK,60.3,,,,
2016,PRK,61.5,,,,
2017,PRK,61.8,,,,
2018,PRK,59,,,,
2019,PRK,59,,,,
2020,PRK,59.4,,,,
2021,PRK,59.4,,,,
2012,PRT,55.5,,,,
2013,PRT,59,,,,
2014,PRT,60.5,,,,
2015,PRT,61.9,,,,
2016,PRT,64.1,,,,
2017,PRT,64.7,,,,
2018,PRT,64.9,,,,
2019,PRT,65.4,,,,
2020,PRT,65.6,,,,
2021,PRT,70.6,,,,
2012,PRY,99.9,,,,
2013,PRY,99.8,,,,
2014,PRY,99.8,,,,
2015,PRY,99.8,,,,
2016,PRY,100,,,,
2017,PRY,100,,,,
2018,PRY,100,,,,
2019,PRY,99.7,,,,
2020,PRY,99.7,,,,
2021,PRY,99.7,,,,
2012,PSE,0.4,,,,
2013,PSE,0.4,,,,
2014,PSE,2.1,,,,
2015,PSE,7,,,,
2016,PSE,13.5,,,,
2017,PSE,18.1,,,,
2018,PSE,20.1,,,,
2019,PSE,33.9,,,,
2020,PSE,42.3,,,,
2021,PSE,42.3,,,,
2012,PYF,22.5,,,,
2013,PYF,23.5,,,,
2014,PYF,25.6,,,,
2015,PYF,26.4,,,,
2016,PYF,27.4,,,,
2017,PYF,28.3,,,,
2018,PYF,28.8,,,,
2019,PYF,29.7,,,,
2020,PYF,29.7,,,,
2021,PYF,29.7,,,,
2012,QAT,0.4,,,,
2013,QAT,0.5,,,,
2014,QAT,0.5,,,,
2015,QAT,0.5,,,,
2016,QAT,0.5,,,,
2017,QAT,0.4,,,,
2018,QAT,0.4,,,,
2019,QAT,0.4,,,,
2020,QAT,0.4,,,,
2021,QAT,0.4,,,,
2012,REU,42.6,,,,
2013,REU,40.2,,,,
2014,REU,43.9,,,,
2015,REU,45.3,,,,
2016,REU,45.5,,,,
2017,REU,45.5,,,,
2018,REU,45.7,,,,
2019,REU,48.3,,,,
2020,REU,49.1,,,,
2021,REU,49.8,,,,
2012,ROU,38.6,,,,
2013,ROU,44.2,,,,
2014,ROU,46.9,,,,
2015,ROU,47.3,,,,
2016,ROU,47.6,,,,
2017,ROU,47.5,,,,
2018,ROU,47.6,,,,
2019,ROU,53.7,,,,
2020,ROU,54.3,,,,
2021,ROU,56.5,,,,
2012,RUS,21.3,,,,
2013,RUS,21,,,,
2014,RUS,19.8,,,,
2015,RUS,20.5,,,,
2016,RUS,19.5,,,,
2017,RUS,19.5,,,,
2018,RUS,19.5,,,,
2019,RUS,19.7,,,,
2020,RUS,20,,,,
2021,RUS,20.4,,,,
2012,RWA,51.8,,,,
2013,RWA,53.5,,,,
2014,RWA,59,,,,
2015,RWA,52.5,,,,
2016,RWA,54.5,,,,
2017,RWA,52.7,,,,
2018,RWA,54.6,,,,
2019,RWA,56.6,,,,
2020,RWA,58.2,,,,
2021,RWA,58.2,,,,
2012,SAU,0,,,,
2013,SAU,0,,,,
2014,SAU,0,,,,
2015,SAU,0,,,,
2016,SAU,0,,,,
2017,SAU,0,,,,
2018,SAU,0.1,,,,
2019,SAU,0.1,,,,
2020,SAU,0.1,,,,
2021,SAU,0.6,,,,
2012,SDN,46.3,,,,
2013,SDN,46.4,,,,
2014,SDN,46.5,,,,
2015,SDN,46.5,,,,
2016,SDN,46.1,,,,
2017,SDN,46.2,,,,
2018,SDN,47.4,,,,
2019,SDN,47.7,,,,
2020,SDN,48.2,,,,
2021,SDN,48.4,,,,
2012,SEN,5.4,,,,
2013,SEN,5.4,,,,
2014,SEN,5.6,,,,
2015,SEN,5.5,,,,
2016,SEN,8.7,,,,
2017,SEN,15.8,,,,
2018,SEN,15,,,,
2019,SEN,20.6,,,,
2020,SEN,26.8,,,,
2021,SEN,30.3,,,,
2012,SGP,1.3,,,,
2013,SGP,1.4,,,,
2014,SGP,1.6,,,,
2015,SGP,1.9,,,,
2016,SGP,2.3,,,,
2017,SGP,2.4,,,,
2018,SGP,2.8,,,,
2019,SGP,3.9,,,,
2020,SGP,4.6,,,,
2021,SGP,5.4,,,,
2012,SLB,2.7,,,,
2013,SLB,2.5,,,,
2014,SLB,3.5,,,,
2015,SLB,4.1,,,,
2016,SLB,5.4,,,,
2017,SLB,5.5,,,,
2018,SLB,5.4,,,,
2019,SLB,5.4,,,,
2020,SLB,5.4,,,,
2021,SLB,5.4,,,,
2012,SLE,59.9,,,,
2013,SLE,59.9,,,,
2014,SLE,66.7,,,,
2015,SLE,55.4,,,,
2016,SLE,55.5,,,,
2017,SLE,57.5,,,,
2018,SLE,49.1,,,,
2019,SLE,41.7,,,,
2020,SLE,41.7,,,,
2021,SLE,41.7,,,,
2012,SLV,58.7,,,,
2013,SLV,56.3,,,,
2014,SLV,57.2,,,,
2015,SLV,55,,,,
2016,SLV,56.5,,,,
2017,SLV,60.7,,,,
2018,SLV,62.9,,,,
2019,SLV,66.3,,,,
2020,SLV,67.4,,,,
2021,SLV,67.4,,,,
2012,SOM,2.7,,,,
2013,SOM,2.7,,,,
2014,SOM,2.8,,,,
2015,SOM,3.6,,,,
2016,SOM,8.5,,,,
2017,SOM,11.5,,,,
2018,SOM,9.6,,,,
2019,SOM,9.6,,,,
2020,SOM,16,,,,
2021,SOM,20.4,,,,
2012,SRB,33.3,,,,
2013,SRB,32.8,,,,
2014,SRB,33.4,,,,
2015,SRB,33.4,,,,
2016,SRB,33.7,,,,
2017,SRB,33.4,,,,
2018,SRB,35.2,,,,
2019,SRB,36.9,,,,
2020,SRB,37,,,,
2021,SRB,34.8,,,,
2012,SSD,0.2,,,,
2013,SSD,0.2,,,,
2014,SSD,0.2,,,,
2015,SSD,0.2,,,,
2016,SSD,0.5,,,,
2017,SSD,0.3,,,,
2018,SSD,0.5,,,,
2019,SSD,0.5,,,,
2020,SSD,0.5,,,,
2021,SSD,0.8,,,,
2012,STP,7.9,,,,
2013,STP,8.1,,,,
2014,STP,6.9,,,,
2015,STP,6.4,,,,
2016,STP,6.5,,,,
2017,STP,5.5,,,,
2018,STP,5.6,,,,
2019,STP,5.6,,,,
2020,STP,5.6,,,,
2021,STP,5.6,,,,
2012,SUR,43.4,,,,
2013,SUR,37.7,,,,
2014,SUR,35.9,,,,
2015,SUR,36.1,,,,
2016,SUR,36.1,,,,
2017,SUR,35.9,,,,
2018,SUR,36.1,,,,
2019,SUR,36.1,,,,
2020,SUR,35.7,,,,
2021,SUR,33.2,,,,
2012,SVK,27.8,,,,
2013,SVK,27.9,,,,
2014,SVK,29.4,,,,
2015,SVK,30.6,,,,
2016,SVK,31,,,,
2017,SVK,31.1,,,,
2018,SVK,30.6,,,,
2019,SVK,31.5,,,,
2020,SVK,30.8,,,,
2021,SVK,30.8,,,,
2012,SVN,38.1,,,,
2013,SVN,39.8,,,,
2014,SVN,40.7,,,,
2015,SVN,42.3,,,,
2016,SVN,39.9,,,,
2017,SVN,40.9,,,,
2018,SVN,38.8,,,,
2019,SVN,39.5,,,,
2020,SVN,41,,,,
2021,SVN,39.9,,,,
2012,SWE,64.2,,,,
2013,SWE,65,,,,
2014,SWE,65.9,,,,
2015,SWE,67.7,,,,
2016,SWE,69,,,,
2017,SWE,70.8,,,,
2018,SWE,70.8,,,,
2019,SWE,72.8,,,,
2020,SWE,74.9,,,,
2021,SWE,76.4,,,,
2012,SWZ,94.9,,,,
2013,SWZ,94.9,,,,
2014,SWZ,94.5,,,,
2015,SWZ,94.5,,,,
2016,SWZ,94.5,,,,
2017,SWZ,94.5,,,,
2018,SWZ,94.5,,,,
2019,SWZ,94.5,,,,
2020,SWZ,94.5,,,,
2021,SWZ,94.8,,,,
2013,SYC,6.5,,,,
2014,SYC,7.2,,,,
2015,SYC,7.6,,,,
2016,SYC,6.7,,,,
2017,SYC,6.9,,,,
2018,SYC,7.7,,,,
2019,SYC,7.7,,,,
2020,SYC,7.8,,,,
2021,SYC,11.2,,,,
2012,SYR,10.4,,,,
2013,SYR,10.4,,,,
2014,SYR,15.6,,,,
2015,SYR,17.3,,,,
2016,SYR,15.5,,,,
2017,SYR,15.4,,,,
2018,SYR,14.9,,,,
2019,SYR,14.9,,,,
2020,SYR,14.8,,,,
2021,SYR,14.8,,,,
2012,TCD,0.7,,,,
2013,TCD,0.7,,,,
2014,TCD,0.7,,,,
2015,TCD,0.8,,,,
2016,TCD,1.1,,,,
2017,TCD,1.1,,,,
2018,TCD,1.2,,,,
2019,TCD,1.2,,,,
2020,TCD,1.3,,,,
2021,TCD,1.3,,,,
2012,TGO,28,,,,
2013,TGO,28,,,,
2014,TGO,28.1,,,,
2015,TGO,28.4,,,,
2016,TGO,28.5,,,,
2017,TGO,28.6,,,,
2018,TGO,28.9,,,,
2019,TGO,29.5,,,,
2020,TGO,29.7,,,,
2021,TGO,35.9,,,,
2012,THA,17.1,,,,
2013,THA,19.8,,,,
2014,THA,20.6,,,,
2015,THA,21.2,,,,
2016,THA,21.8,,,,
2017,THA,20.7,,,,
2018,THA,21.8,,,,
2019,THA,22.3,,,,
2020,THA,22.1,,,,
2021,THA,21.7,,,,
2012,TJK,93.8,,,,
2013,TJK,93.8,,,,
2014,TJK,92.3,,,,
2015,TJK,92.3,,,,
2016,TJK,87.5,,,,
2017,TJK,87.5,,,,
2018,TJK,87.8,,,,
2019,TJK,88,,,,
2020,TJK,88,,,,
2021,TJK,88,,,,
2012,TKL,86.8,,,,
2013,TKL,86.8,,,,
2014,TKL,86.8,,,,
2015,TKL,86.8,,,,
2016,TKL,87.8,,,,
2017,TKL,87.8,,,,
2018,TKL,87.8,,,,
2019,TKL,88,,,,
2020,TKL,88,,,,
2021,TKL,88,,,,
2012,TKM,0,,,,
2013,TKM,0,,,,
2014,TKM,0,,,,
2015,TKM,0,,,,
2016,TKM,0,,,,
2017,TKM,0,,,,
2018,TKM,0,,,,
2019,TKM,0,,,,
2020,TKM,0,,,,
2021,TKM,0,,,,
2012,TLS,0.6,,,,
2013,TLS,0.3,,,,
2014,TLS,0.3,,,,
2015,TLS,0.3,,,,
2016,TLS,0.4,,,,
2017,TLS,0.4,,,,
2018,TLS,0.4,,,,
2019,TLS,0.4,,,,
2020,TLS,0.4,,,,
2021,TLS,0.4,,,,
2012,TON,8.3,,,,
2013,TON,11.7,,,,
2014,TON,8.6,,,,
2015,TON,14,,,,
2016,TON,16.4,,,,
2017,TON,26.7,,,,
2018,TON,26.8,,,,
2019,TON,30.5,,,,
2020,TON,30.5,,,,
2021,TON,30,,,,
2012,TTO,0.1,,,,
2013,TTO,0.1,,,,
2014,TTO,0.1,,,,
2015,TTO,0.2,,,,
2016,TTO,0.2,,,,
2017,TTO,0.2,,,,
2018,TTO,0.2,,,,
2019,TTO,0.2,,,,
2020,TTO,0.2,,,,
2021,TTO,0.2,,,,
2012,TUN,5.6,,,,
2013,TUN,6,,,,
2014,TUN,6.2,,,,
2015,TUN,6.6,,,,
2016,TUN,6.5,,,,
2017,TUN,6.5,,,,
2018,TUN,7.3,,,,
2019,TUN,7.2,,,,
2020,TUN,7,,,,
2021,TUN,6.7,,,,
2012,TUR,38.9,,,,
2013,TUR,39.9,,,,
2014,TUR,40.2,,,,
2015,TUR,43.1,,,,
2016,TUR,43.9,,,,
2017,TUR,45.5,,,,
2018,TUR,47.7,,,,
2019,TUR,48.6,,,,
2020,TUR,51.3,,,,
2021,TUR,53.3,,,,
2012,TUV,3.9,,,,
2013,TUV,3.9,,,,
2014,TUV,5,,,,
2015,TUV,28.1,,,,
2016,TUV,41.5,,,,
2017,TUV,41.5,,,,
2018,TUV,41.7,,,,
2019,TUV,41.7,,,,
2020,TUV,42.4,,,,
2021,TUV,42.4,,,,
2012,TWN,6.8,,,,
2013,TWN,7.2,,,,
2014,TWN,7.7,,,,
2015,TWN,8.3,,,,
2016,TWN,8.9,,,,
2017,TWN,10,,,,
2018,TWN,11.3,,,,
2019,TWN,13.3,,,,
2020,TWN,16,,,,
2021,TWN,18.6,,,,
2012,TZA,39.9,,,,
2013,TZA,38.4,,,,
2014,TZA,40,,,,
2015,TZA,41.6,,,,
2016,TZA,38.4,,,,
2017,TZA,38.5,,,,
2018,TZA,34,,,,
2019,TZA,34.1,,,,
2020,TZA,34.2,,,,
2021,TZA,34.2,,,,
2012,UGA,83.7,,,,
2013,UGA,88.2,,,,
2014,UGA,84.9,,,,
2015,UGA,85.2,,,,
2016,UGA,85.2,,,,
2017,UGA,85.8,,,,
2018,UGA,89.8,,,,
2019,UGA,92,,,,
2020,UGA,92.1,,,,
2021,UGA,92.1,,,,
2012,UKR,9.5,,,,
2013,UKR,10.3,,,,
2014,UKR,10.7,,,,
2015,UKR,10.8,,,,
2016,UKR,10.7,,,,
2017,UKR,12.2,,,,
2018,UKR,14.2,,,,
2019,UKR,21.7,,,,
2020,UKR,23.9,,,,
2021,UKR,25.2,,,,
2012,URY,63,,,,
2013,URY,61.2,,,,
2014,URY,65.7,,,,
2015,URY,71.9,,,,
2016,URY,83,,,,
2017,URY,81.7,,,,
2018,URY,75.8,,,,
2019,URY,75.8,,,,
2020,URY,75.9,,,,
2021,URY,75.9,,,,
2012,USA,15.4,,,,
2013,USA,16,,,,
2014,USA,16.8,,,,
2015,USA,18.2,,,,
2016,USA,19.8,,,,
2017,USA,20.9,,,,
2018,USA,21.9,,,,
2019,USA,23.3,,,,
2020,USA,25.3,,,,
2021,USA,27.5,,,,
2012,UZB,13.9,,,,
2013,UZB,14,,,,
2014,UZB,14.2,,,,
2015,UZB,13.3,,,,
2016,UZB,13.1,,,,
2017,UZB,12.6,,,,
2018,UZB,13.5,,,,
2019,UZB,12,,,,
2020,UZB,12.5,,,,
2021,UZB,12.9,,,,
2012,VEN,52.9,,,,
2013,VEN,49.3,,,,
2014,VEN,48.9,,,,
2015,VEN,48.8,,,,
2016,VEN,50.8,,,,
2017,VEN,50.7,,,,
2018,VEN,50.4,,,,
2019,VEN,49.6,,,,
2020,VEN,49.6,,,,
2021,VEN,49.6,,,,
2012,VIR,0.2,,,,
2013,VIR,0.3,,,,
2014,VIR,1.6,,,,
2015,VIR,2.8,,,,
2016,VIR,2.9,,,,
2017,VIR,2.1,,,,
2018,VIR,30,,,,
2019,VIR,3,,,,
2020,VIR,3,,,,
2021,VIR,3,,,,
2012,VNM,43.7,,,,
2013,VNM,45.7,,,,
2014,VNM,45.5,,,,
2015,VNM,42.7,,,,
2016,VNM,42.8,,,,
2017,VNM,41.7,,,,
2018,VNM,41.2,,,,
2019,VNM,47.7,,,,
2020,VNM,55.8,,,,
2021,VNM,56.1,,,,
2012,VUT,22.6,,,,
2013,VUT,22.7,,,,
2014,VUT,25.7,,,,
2015,VUT,25.9,,,,
2016,VUT,28.8,,,,
2017,VUT,30,,,,
2018,VUT,35.5,,,,
2019,VUT,34.1,,,,
2020,VUT,34.2,,,,
2021,VUT,34.2,,,,
2012,WLD,26.2,,,,
2013,WLD,27.3,,,,
2014,WLD,28.3,,,,
2015,WLD,29.6,,,,
2016,WLD,30.8,,,,
2017,WLD,32.1,,,,
2018,WLD,33.2,,,,
2019,WLD,34.6,,,,
2020,WLD,36.6,,,,
2021,WLD,38.3,,,,
2012,WSM,26.7,,,,
2013,WSM,22.2,,,,
2014,WSM,28.4,,,,
2015,WSM,31,,,,
2016,WSM,34.5,,,,
2017,WSM,45.7,,,,
2018,WSM,45.8,,,,
2019,WSM,47.3,,,,
2020,WSM,47.9,,,,
2021,WSM,47.9,,,,
2012,YEM,0.1,,,,
2013,YEM,0.2,,,,
2014,YEM,0.3,,,,
2015,YEM,3.8,,,,
2016,YEM,5,,,,
2017,YEM,6.2,,,,
2018,YEM,14.1,,,,
2019,YEM,13.4,,,,
2020,YEM,13.4,,,,
2021,YEM,12.7,,,,
2012,ZAF,2.3,,,,
2013,ZAF,3.3,,,,
2014,ZAF,5.8,,,,
2015,ZAF,7.2,,,,
2016,ZAF,9.3,,,,
2017,ZAF,12.3,,,,
2018,ZAF,14.3,,,,
2019,ZAF,14.4,,,,
2020,ZAF,16.6,,,,
2021,ZAF,17.6,,,,
2012,ZMB,95.7,,,,
2013,ZMB,97,,,,
2014,ZMB,94.2,,,,
2015,ZMB,93.1,,,,
2016,ZMB,83.8,,,,
2017,ZMB,82.2,,,,
2018,ZMB,82.3,,,,
2019,ZMB,82.9,,,,
2020,ZMB,82.9,,,,
2021,ZMB,83.7,,,,
2012,ZWE,41.6,,,,
2013,ZWE,41.8,,,,
2014,ZWE,41.8,,,,
2015,ZWE,42.2,,,,
2016,ZWE,42.4,,,,
2017,ZWE,42.5,,,,
2018,ZWE,49.8,,,,
2019,ZWE,49.9,,,,
2020,ZWE,50,,,,
2021,ZWE,50.2,,,,
