year,geo,disagg_type,disagg,value
2011,AFG,All,Total,7
2014,AFG,All,Total,4
2017,AFG,All,Total,4
2021,AFG,All,Total,2
2011,AGO,All,Total,8
2014,AGO,All,Total,6
2011,ALB,All,Total,8
2014,ALB,All,Total,13
2017,ALB,All,Total,13
2021,ALB,All,Total,13
2011,ARB,All,Total,5
2014,ARB,All,Total,9
2017,ARB,All,Total,8
2021,ARB,All,Total,10
2011,ARE,All,Total,11
2014,ARE,All,Total,39
2017,ARE,All,Total,46
2021,ARE,All,Total,22
2011,ARG,All,Total,7
2014,ARG,All,Total,27
2017,ARG,All,Total,24
2021,ARG,All,Total,31
2011,ARM,All,Total,19
2014,ARM,All,Total,21
2017,ARM,All,Total,31
2021,ARM,All,Total,26
2011,AUS,All,Total,17
2014,AUS,All,Total,65
2017,AUS,All,Total,64
2021,AUS,All,Total,57
2011,AUT,All,Total,8
2014,AUT,All,Total,42
2017,AUT,All,Total,47
2021,AUT,All,Total,57
2011,AZE,All,Total,18
2014,AZE,All,Total,25
2017,AZE,All,Total,15
2022,AZE,All,Total,19
2011,BDI,All,Total,2
2014,BDI,All,Total,2
2011,BEL,All,Total,11
2014,BEL,All,Total,45
2017,BEL,All,Total,48
2021,BEL,All,Total,48
2011,BEN,All,Total,4
2014,BEN,All,Total,8
2017,BEN,All,Total,11
2021,BEN,All,Total,8
2011,BFA,All,Total,3
2014,BFA,All,Total,6
2017,BFA,All,Total,10
2021,BFA,All,Total,7
2011,BGD,All,Total,23
2014,BGD,All,Total,10
2017,BGD,All,Total,9
2021,BGD,All,Total,14
2011,BGR,All,Total,8
2014,BGR,All,Total,19
2017,BGR,All,Total,19
2021,BGR,All,Total,26
2011,BHR,All,Total,22
2014,BHR,All,Total,39
2017,BHR,All,Total,36
2011,BIH,All,Total,13
2014,BIH,All,Total,18
2017,BIH,All,Total,15
2021,BIH,All,Total,21
2011,BLR,All,Total,16
2014,BLR,All,Total,21
2017,BLR,All,Total,21
2014,BLZ,All,Total,19
2011,BOL,All,Total,17
2014,BOL,All,Total,22
2017,BOL,All,Total,20
2021,BOL,All,Total,19
2011,BRA,All,Total,6
2014,BRA,All,Total,34
2017,BRA,All,Total,26
2021,BRA,All,Total,41
2014,BTN,All,Total,4
2011,BWA,All,Total,6
2014,BWA,All,Total,18
2017,BWA,All,Total,9
2022,BWA,All,Total,10
2011,CAF,All,Total,1
2017,CAF,All,Total,4
2011,CAN,All,Total,20
2014,CAN,All,Total,76
2017,CAN,All,Total,83
2021,CAN,All,Total,81
2014,CHE,All,Total,52
2017,CHE,All,Total,62
2021,CHE,All,Total,61
2011,CHL,All,Total,8
2014,CHL,All,Total,31
2017,CHL,All,Total,31
2021,CHL,All,Total,24
2011,CHN,All,Total,7
2014,CHN,All,Total,20
2017,CHN,All,Total,22
2021,CHN,All,Total,39
2014,CIV,All,Total,3
2017,CIV,All,Total,3
2021,CIV,All,Total,4
2011,CMR,All,Total,4
2014,CMR,All,Total,2
2017,CMR,All,Total,8
2021,CMR,All,Total,7
2011,COD,All,Total,2
2014,COD,All,Total,3
2017,COD,All,Total,4
2022,COD,All,Total,4
2011,COG,All,Total,3
2014,COG,All,Total,5
2017,COG,All,Total,5
2021,COG,All,Total,6
2011,COL,All,Total,12
2014,COL,All,Total,22
2017,COL,All,Total,21
2021,COL,All,Total,18
2011,COM,All,Total,7
2022,COM,All,Total,8
2011,CRI,All,Total,10
2014,CRI,All,Total,20
2017,CRI,All,Total,21
2021,CRI,All,Total,17
2011,CYP,All,Total,27
2014,CYP,All,Total,29
2017,CYP,All,Total,25
2021,CYP,All,Total,31
2011,CZE,All,Total,9
2014,CZE,All,Total,28
2017,CZE,All,Total,30
2021,CZE,All,Total,31
2011,DEU,All,Total,13
2014,DEU,All,Total,46
2017,DEU,All,Total,55
2021,DEU,All,Total,55
2011,DJI,All,Total,4
2011,DNK,All,Total,19
2014,DNK,All,Total,41
2017,DNK,All,Total,46
2021,DNK,All,Total,53
2011,DOM,All,Total,14
2014,DOM,All,Total,24
2017,DOM,All,Total,30
2021,DOM,All,Total,22
2011,DZA,All,Total,1
2014,DZA,All,Total,6
2017,DZA,All,Total,5
2021,DZA,All,Total,4
2011,EAP,All,Total,9
2014,EAP,All,Total,19
2017,EAP,All,Total,21
2021,EAP,All,Total,33
2011,EAS,All,Total,9
2014,EAS,All,Total,23
2017,EAS,All,Total,25
2021,EAS,All,Total,36
2011,ECA,All,Total,8
2014,ECA,All,Total,22
2017,ECA,All,Total,24
2021,ECA,All,Total,28
2011,ECS,All,Total,10
2014,ECS,All,Total,34
2017,ECS,All,Total,37
2021,ECS,All,Total,39
2011,ECU,All,Total,11
2014,ECU,All,Total,17
2017,ECU,All,Total,17
2021,ECU,All,Total,23
2011,EGY,All,Total,4
2014,EGY,All,Total,8
2017,EGY,All,Total,9
2021,EGY,All,Total,7
2011,EMU,All,Total,12
2014,EMU,All,Total,42
2017,EMU,All,Total,46
2021,EMU,All,Total,48
2011,ESP,All,Total,11
2014,ESP,All,Total,51
2017,ESP,All,Total,50
2021,ESP,All,Total,52
2011,EST,All,Total,8
2014,EST,All,Total,32
2017,EST,All,Total,32
2021,EST,All,Total,34
2014,ETH,All,Total,7
2017,ETH,All,Total,11
2022,ETH,All,Total,5
2011,FIN,All,Total,24
2014,FIN,All,Total,58
2017,FIN,All,Total,54
2021,FIN,All,Total,53
2011,FRA,All,Total,19
2014,FRA,All,Total,43
2017,FRA,All,Total,45
2021,FRA,All,Total,44
2011,GAB,All,Total,2
2014,GAB,All,Total,7
2017,GAB,All,Total,8
2021,GAB,All,Total,5
2011,GBR,All,Total,12
2014,GBR,All,Total,62
2017,GBR,All,Total,65
2021,GBR,All,Total,55
2011,GEO,All,Total,11
2014,GEO,All,Total,20
2017,GEO,All,Total,27
2021,GEO,All,Total,24
2011,GHA,All,Total,6
2014,GHA,All,Total,8
2017,GHA,All,Total,12
2021,GHA,All,Total,7
2011,GIN,All,Total,2
2014,GIN,All,Total,3
2017,GIN,All,Total,6
2021,GIN,All,Total,6
2017,GMB,All,Total,5
2022,GMB,All,Total,6
2011,GRC,All,Total,8
2014,GRC,All,Total,16
2017,GRC,All,Total,11
2021,GRC,All,Total,20
2011,GTM,All,Total,14
2014,GTM,All,Total,15
2017,GTM,All,Total,13
2022,GTM,All,Total,11
2011,HIC,All,Total,14
2014,HIC,All,Total,52
2017,HIC,All,Total,55
2021,HIC,All,Total,56
2011,HKG,All,Total,8
2014,HKG,All,Total,60
2017,HKG,All,Total,62
2021,HKG,All,Total,70
2011,HND,All,Total,7
2014,HND,All,Total,13
2017,HND,All,Total,14
2021,HND,All,Total,10
2011,HRV,All,Total,14
2014,HRV,All,Total,42
2017,HRV,All,Total,38
2021,HRV,All,Total,33
2011,HTI,All,Total,8
2014,HTI,All,Total,6
2017,HTI,All,Total,13
2011,HUN,All,Total,9
2014,HUN,All,Total,16
2017,HUN,All,Total,16
2021,HUN,All,Total,19
2011,IDN,All,Total,9
2014,IDN,All,Total,14
2017,IDN,All,Total,18
2021,IDN,All,Total,13
2011,IND,All,Total,8
2014,IND,All,Total,9
2017,IND,All,Total,8
2021,IND,All,Total,12
2011,IRL,All,Total,16
2014,IRL,All,Total,50
2017,IRL,All,Total,51
2021,IRL,All,Total,54
2011,IRN,All,Total,31
2014,IRN,All,Total,38
2017,IRN,All,Total,28
2021,IRN,All,Total,25
2011,IRQ,All,Total,8
2014,IRQ,All,Total,5
2017,IRQ,All,Total,3
2021,IRQ,All,Total,4
2021,ISL,All,Total,73
2011,ISR,All,Total,17
2014,ISR,All,Total,79
2017,ISR,All,Total,79
2021,ISR,All,Total,80
2011,ITA,All,Total,5
2014,ITA,All,Total,39
2017,ITA,All,Total,46
2021,ITA,All,Total,55
2011,JAM,All,Total,8
2014,JAM,All,Total,18
2021,JAM,All,Total,12
2011,JOR,All,Total,4
2014,JOR,All,Total,15
2017,JOR,All,Total,18
2021,JOR,All,Total,10
2011,JPN,All,Total,6
2014,JPN,All,Total,54
2017,JPN,All,Total,54
2021,JPN,All,Total,61
2011,KAZ,All,Total,13
2014,KAZ,All,Total,20
2017,KAZ,All,Total,28
2021,KAZ,All,Total,30
2011,KEN,All,Total,10
2014,KEN,All,Total,16
2017,KEN,All,Total,19
2021,KEN,All,Total,22
2011,KGZ,All,Total,11
2014,KGZ,All,Total,15
2017,KGZ,All,Total,10
2021,KGZ,All,Total,18
2011,KHM,All,Total,19
2014,KHM,All,Total,28
2017,KHM,All,Total,27
2021,KHM,All,Total,31
2011,KOR,All,Total,17
2014,KOR,All,Total,57
2017,KOR,All,Total,63
2021,KOR,All,Total,69
2011,KWT,All,Total,21
2014,KWT,All,Total,30
2017,KWT,All,Total,28
2011,LAC,All,Total,8
2014,LAC,All,Total,25
2017,LAC,All,Total,21
2021,LAC,All,Total,30
2011,LAO,All,Total,18
2017,LAO,All,Total,9
2021,LAO,All,Total,9
2011,LBN,All,Total,11
2014,LBN,All,Total,21
2017,LBN,All,Total,23
2021,LBN,All,Total,3
2011,LBR,All,Total,6
2017,LBR,All,Total,8
2021,LBR,All,Total,15
2017,LBY,All,Total,8
2011,LCN,All,Total,8
2014,LCN,All,Total,25
2017,LCN,All,Total,21
2021,LCN,All,Total,30
2011,LIC,All,Total,4
2014,LIC,All,Total,5
2017,LIC,All,Total,8
2021,LIC,All,Total,9
2011,LKA,All,Total,18
2014,LKA,All,Total,20
2017,LKA,All,Total,17
2021,LKA,All,Total,21
2011,LMC,All,Total,9
2014,LMC,All,Total,11
2017,LMC,All,Total,10
2021,LMC,All,Total,12
2011,LMY,All,Total,8
2014,LMY,All,Total,16
2017,LMY,All,Total,15
2021,LMY,All,Total,22
2011,LSO,All,Total,3
2017,LSO,All,Total,6
2022,LSO,All,Total,13
2011,LTU,All,Total,6
2014,LTU,All,Total,15
2017,LTU,All,Total,21
2021,LTU,All,Total,12
2011,LUX,All,Total,17
2014,LUX,All,Total,68
2017,LUX,All,Total,72
2011,LVA,All,Total,7
2014,LVA,All,Total,29
2017,LVA,All,Total,19
2021,LVA,All,Total,23
2017,MAR,All,Total,3
2021,MAR,All,Total,5
2011,MDA,All,Total,6
2014,MDA,All,Total,10
2017,MDA,All,Total,20
2021,MDA,All,Total,13
2011,MDG,All,Total,2
2014,MDG,All,Total,2
2017,MDG,All,Total,4
2022,MDG,All,Total,6
2017,MDV,All,Total,20
2011,MEA,All,Total,11
2017,MEA,All,Total,13
2021,MEA,All,Total,15
2011,MEX,All,Total,8
2014,MEX,All,Total,18
2017,MEX,All,Total,12
2022,MEX,All,Total,16
2011,MIC,All,Total,8
2014,MIC,All,Total,16
2017,MIC,All,Total,16
2021,MIC,All,Total,22
2011,MKD,All,Total,11
2014,MKD,All,Total,25
2017,MKD,All,Total,20
2021,MKD,All,Total,22
2011,MLI,All,Total,4
2014,MLI,All,Total,3
2017,MLI,All,Total,8
2021,MLI,All,Total,11
2011,MLT,All,Total,10
2014,MLT,All,Total,37
2017,MLT,All,Total,43
2021,MLT,All,Total,39
2014,MMR,All,Total,16
2017,MMR,All,Total,19
2021,MMR,All,Total,7
2011,MNA,All,Total,12
2017,MNA,All,Total,10
2021,MNA,All,Total,11
2011,MNE,All,Total,22
2014,MNE,All,Total,30
2017,MNE,All,Total,24
2011,MNG,All,Total,25
2014,MNG,All,Total,36
2017,MNG,All,Total,30
2021,MNG,All,Total,34
2017,MOZ,All,Total,11
2021,MOZ,All,Total,10
2011,MRT,All,Total,8
2014,MRT,All,Total,9
2017,MRT,All,Total,9
2022,MRT,All,Total,11
2011,MUS,All,Total,14
2014,MUS,All,Total,25
2017,MUS,All,Total,23
2021,MUS,All,Total,20
2011,MWI,All,Total,9
2014,MWI,All,Total,7
2017,MWI,All,Total,9
2021,MWI,All,Total,8
2011,MYS,All,Total,11
2014,MYS,All,Total,31
2017,MYS,All,Total,23
2021,MYS,All,Total,13
2011,NAC,All,Total,20
2014,NAC,All,Total,66
2017,NAC,All,Total,70
2021,NAC,All,Total,68
2014,NAM,All,Total,12
2017,NAM,All,Total,17
2021,NAM,All,Total,21
2011,NER,All,Total,1
2014,NER,All,Total,2
2017,NER,All,Total,4
2022,NER,All,Total,3
2011,NGA,All,Total,2
2014,NGA,All,Total,7
2017,NGA,All,Total,5
2021,NGA,All,Total,6
2011,NIC,All,Total,8
2014,NIC,All,Total,16
2017,NIC,All,Total,13
2021,NIC,All,Total,12
2011,NLD,All,Total,13
2014,NLD,All,Total,35
2017,NLD,All,Total,37
2021,NLD,All,Total,34
2014,NOR,All,Total,63
2017,NOR,All,Total,69
2021,NOR,All,Total,67
2011,NPL,All,Total,11
2014,NPL,All,Total,12
2017,NPL,All,Total,14
2021,NPL,All,Total,14
2011,NZL,All,Total,27
2014,NZL,All,Total,69
2017,NZL,All,Total,66
2021,NZL,All,Total,60
2011,OED,All,Total,14
2014,OED,All,Total,53
2017,OED,All,Total,56
2021,OED,All,Total,57
2011,OMN,All,Total,9
2011,PAK,All,Total,2
2014,PAK,All,Total,2
2017,PAK,All,Total,3
2021,PAK,All,Total,4
2011,PAN,All,Total,10
2014,PAN,All,Total,17
2017,PAN,All,Total,13
2021,PAN,All,Total,10
2011,PER,All,Total,13
2014,PER,All,Total,18
2017,PER,All,Total,19
2021,PER,All,Total,22
2011,PHL,All,Total,11
2014,PHL,All,Total,13
2017,PHL,All,Total,11
2021,PHL,All,Total,17
2011,POL,All,Total,10
2014,POL,All,Total,27
2017,POL,All,Total,31
2021,POL,All,Total,32
2014,PRI,All,Total,27
2011,PRT,All,Total,8
2014,PRT,All,Total,26
2017,PRT,All,Total,29
2021,PRT,All,Total,30
2011,PRY,All,Total,13
2017,PRY,All,Total,15
2021,PRY,All,Total,12
2011,PSE,All,Total,4
2014,PSE,All,Total,5
2017,PSE,All,Total,7
2021,PSE,All,Total,5
2011,QAT,All,Total,13
2011,ROU,All,Total,8
2014,ROU,All,Total,19
2017,ROU,All,Total,20
2021,ROU,All,Total,19
2011,RUS,All,Total,8
2014,RUS,All,Total,22
2017,RUS,All,Total,23
2021,RUS,All,Total,30
2011,RWA,All,Total,8
2014,RWA,All,Total,8
2017,RWA,All,Total,8
2011,SAS,All,Total,9
2014,SAS,All,Total,9
2017,SAS,All,Total,8
2021,SAS,All,Total,11
2011,SAU,All,Total,2
2014,SAU,All,Total,17
2017,SAU,All,Total,21
2021,SAU,All,Total,32
2011,SDN,All,Total,2
2014,SDN,All,Total,4
2011,SEN,All,Total,4
2014,SEN,All,Total,4
2017,SEN,All,Total,8
2021,SEN,All,Total,10
2011,SGP,All,Total,10
2014,SGP,All,Total,38
2017,SGP,All,Total,47
2021,SGP,All,Total,43
2011,SLE,All,Total,6
2014,SLE,All,Total,4
2017,SLE,All,Total,5
2021,SLE,All,Total,4
2011,SLV,All,Total,4
2014,SLV,All,Total,21
2017,SLV,All,Total,12
2021,SLV,All,Total,11
2014,SOM,All,Total,2
2011,SRB,All,Total,12
2014,SRB,All,Total,20
2017,SRB,All,Total,20
2021,SRB,All,Total,21
2011,SSA,All,Total,5
2014,SSA,All,Total,7
2017,SSA,All,Total,8
2021,SSA,All,Total,10
2017,SSD,All,Total,3
2021,SSD,All,Total,2
2011,SSF,All,Total,5
2014,SSF,All,Total,7
2017,SSF,All,Total,8
2021,SSF,All,Total,10
2011,SVK,All,Total,11
2014,SVK,All,Total,26
2017,SVK,All,Total,30
2021,SVK,All,Total,34
2011,SVN,All,Total,13
2014,SVN,All,Total,35
2017,SVN,All,Total,40
2021,SVN,All,Total,42
2011,SWE,All,Total,23
2014,SWE,All,Total,50
2017,SWE,All,Total,44
2021,SWE,All,Total,49
2011,SWZ,All,Total,12
2022,SWZ,All,Total,10
2011,SYR,All,Total,13
2011,TCD,All,Total,6
2014,TCD,All,Total,2
2017,TCD,All,Total,4
2022,TCD,All,Total,8
2011,TGO,All,Total,4
2014,TGO,All,Total,4
2017,TGO,All,Total,9
2021,TGO,All,Total,7
2011,THA,All,Total,19
2014,THA,All,Total,18
2017,THA,All,Total,20
2021,THA,All,Total,28
2011,TJK,All,Total,5
2014,TJK,All,Total,4
2017,TJK,All,Total,15
2021,TJK,All,Total,12
2011,TKM,All,Total,1
2017,TKM,All,Total,7
2011,TTO,All,Total,8
2017,TTO,All,Total,27
2014,TUN,All,Total,12
2017,TUN,All,Total,12
2021,TUN,All,Total,10
2011,TUR,All,Total,5
2014,TUR,All,Total,36
2017,TUR,All,Total,43
2021,TUR,All,Total,38
2011,TWN,All,Total,10
2014,TWN,All,Total,55
2017,TWN,All,Total,52
2021,TWN,All,Total,62
2011,TZA,All,Total,7
2014,TZA,All,Total,7
2017,TZA,All,Total,5
2021,TZA,All,Total,4
2011,UGA,All,Total,9
2014,UGA,All,Total,16
2017,UGA,All,Total,15
2021,UGA,All,Total,19
2011,UKR,All,Total,8
2014,UKR,All,Total,22
2017,UKR,All,Total,22
2021,UKR,All,Total,34
2011,UMC,All,Total,8
2014,UMC,All,Total,22
2017,UMC,All,Total,22
2021,UMC,All,Total,35
2011,URY,All,Total,15
2014,URY,All,Total,44
2017,URY,All,Total,43
2021,URY,All,Total,42
2011,USA,All,Total,20
2014,USA,All,Total,65
2017,USA,All,Total,68
2021,USA,All,Total,66
2011,UZB,All,Total,1
2014,UZB,All,Total,2
2017,UZB,All,Total,2
2021,UZB,All,Total,7
2011,VEN,All,Total,2
2014,VEN,All,Total,20
2017,VEN,All,Total,28
2021,VEN,All,Total,9
2011,VNM,All,Total,16
2014,VNM,All,Total,20
2017,VNM,All,Total,22
2022,VNM,All,Total,10
2011,XKX,All,Total,6
2014,XKX,All,Total,17
2017,XKX,All,Total,15
2021,XKX,All,Total,18
2011,YEM,All,Total,1
2014,YEM,All,Total,1
2022,YEM,All,Total,2
2011,ZAF,All,Total,9
2014,ZAF,All,Total,19
2017,ZAF,All,Total,14
2021,ZAF,All,Total,18
2011,ZMB,All,Total,6
2014,ZMB,All,Total,6
2017,ZMB,All,Total,10
2021,ZMB,All,Total,7
2011,ZWE,All,Total,5
2014,ZWE,All,Total,4
2017,ZWE,All,Total,5
2021,ZWE,All,Total,3
2011,WLD,All,Total,9
2014,WLD,All,Total,22
2017,WLD,All,Total,22
2021,WLD,All,Total,28
2011,AFG,Gender,Female,5
2011,AFG,Gender,Male,10
2014,AFG,Gender,Female,1
2014,AFG,Gender,Male,8
2017,AFG,Gender,Female,3
2017,AFG,Gender,Male,4
2021,AFG,Gender,Female,1
2021,AFG,Gender,Male,3
2011,AGO,Gender,Female,7
2011,AGO,Gender,Male,9
2014,AGO,Gender,Female,4
2014,AGO,Gender,Male,7
2011,ALB,Gender,Female,6
2011,ALB,Gender,Male,9
2014,ALB,Gender,Female,13
2014,ALB,Gender,Male,14
2017,ALB,Gender,Female,11
2017,ALB,Gender,Male,14
2021,ALB,Gender,Female,12
2021,ALB,Gender,Male,15
2011,ARB,Gender,Female,3
2011,ARB,Gender,Male,6
2014,ARB,Gender,Female,6
2014,ARB,Gender,Male,13
2017,ARB,Gender,Female,5
2017,ARB,Gender,Male,11
2021,ARB,Gender,Female,7
2021,ARB,Gender,Male,12
2011,ARE,Gender,Female,8
2011,ARE,Gender,Male,13
2014,ARE,Gender,Female,26
2014,ARE,Gender,Male,45
2017,ARE,Gender,Female,37
2017,ARE,Gender,Male,50
2021,ARE,Gender,Female,19
2021,ARE,Gender,Male,24
2011,ARG,Gender,Female,8
2011,ARG,Gender,Male,5
2014,ARG,Gender,Female,25
2014,ARG,Gender,Male,29
2017,ARG,Gender,Female,24
2017,ARG,Gender,Male,24
2021,ARG,Gender,Female,25
2021,ARG,Gender,Male,36
2011,ARM,Gender,Female,19
2011,ARM,Gender,Male,18
2014,ARM,Gender,Female,23
2014,ARM,Gender,Male,19
2017,ARM,Gender,Female,28
2017,ARM,Gender,Male,35
2021,ARM,Gender,Female,23
2021,ARM,Gender,Male,31
2011,AUS,Gender,Female,15
2011,AUS,Gender,Male,19
2014,AUS,Gender,Female,66
2014,AUS,Gender,Male,64
2017,AUS,Gender,Female,64
2017,AUS,Gender,Male,64
2021,AUS,Gender,Female,59
2021,AUS,Gender,Male,55
2011,AUT,Gender,Female,8
2011,AUT,Gender,Male,9
2014,AUT,Gender,Female,35
2014,AUT,Gender,Male,50
2017,AUT,Gender,Female,46
2017,AUT,Gender,Male,48
2021,AUT,Gender,Female,53
2021,AUT,Gender,Male,60
2011,AZE,Gender,Female,15
2011,AZE,Gender,Male,20
2014,AZE,Gender,Female,19
2014,AZE,Gender,Male,31
2017,AZE,Gender,Female,13
2017,AZE,Gender,Male,18
2022,AZE,Gender,Female,17
2022,AZE,Gender,Male,22
2011,BDI,Gender,Female,1
2011,BDI,Gender,Male,3
2014,BDI,Gender,Female,1
2014,BDI,Gender,Male,2
2011,BEL,Gender,Female,13
2011,BEL,Gender,Male,8
2014,BEL,Gender,Female,44
2014,BEL,Gender,Male,47
2017,BEL,Gender,Female,44
2017,BEL,Gender,Male,53
2021,BEL,Gender,Female,44
2021,BEL,Gender,Male,52
2011,BEN,Gender,Female,5
2011,BEN,Gender,Male,3
2014,BEN,Gender,Female,9
2014,BEN,Gender,Male,6
2017,BEN,Gender,Female,10
2017,BEN,Gender,Male,13
2021,BEN,Gender,Female,6
2021,BEN,Gender,Male,10
2011,BFA,Gender,Female,3
2011,BFA,Gender,Male,3
2014,BFA,Gender,Female,5
2014,BFA,Gender,Male,7
2017,BFA,Gender,Female,10
2017,BFA,Gender,Male,10
2021,BFA,Gender,Female,5
2021,BFA,Gender,Male,9
2011,BGD,Gender,Female,22
2011,BGD,Gender,Male,24
2014,BGD,Gender,Female,10
2014,BGD,Gender,Male,10
2017,BGD,Gender,Female,8
2017,BGD,Gender,Male,11
2021,BGD,Gender,Female,16
2021,BGD,Gender,Male,13
2011,BGR,Gender,Female,7
2011,BGR,Gender,Male,8
2014,BGR,Gender,Female,18
2014,BGR,Gender,Male,20
2017,BGR,Gender,Female,18
2017,BGR,Gender,Male,19
2021,BGR,Gender,Female,23
2021,BGR,Gender,Male,30
2011,BHR,Gender,Female,6
2011,BHR,Gender,Male,36
2014,BHR,Gender,Female,28
2014,BHR,Gender,Male,45
2017,BHR,Gender,Female,24
2017,BHR,Gender,Male,43
2011,BIH,Gender,Female,13
2011,BIH,Gender,Male,14
2014,BIH,Gender,Female,18
2014,BIH,Gender,Male,17
2017,BIH,Gender,Female,13
2017,BIH,Gender,Male,17
2021,BIH,Gender,Female,19
2021,BIH,Gender,Male,24
2011,BLR,Gender,Female,16
2011,BLR,Gender,Male,17
2014,BLR,Gender,Female,19
2014,BLR,Gender,Male,23
2017,BLR,Gender,Female,23
2017,BLR,Gender,Male,20
2014,BLZ,Gender,Female,21
2014,BLZ,Gender,Male,17
2011,BOL,Gender,Female,18
2011,BOL,Gender,Male,16
2014,BOL,Gender,Female,20
2014,BOL,Gender,Male,24
2017,BOL,Gender,Female,21
2017,BOL,Gender,Male,19
2021,BOL,Gender,Female,18
2021,BOL,Gender,Male,21
2011,BRA,Gender,Female,6
2011,BRA,Gender,Male,7
2014,BRA,Gender,Female,29
2014,BRA,Gender,Male,39
2017,BRA,Gender,Female,23
2017,BRA,Gender,Male,30
2021,BRA,Gender,Female,33
2021,BRA,Gender,Male,48
2014,BTN,Gender,Female,4
2014,BTN,Gender,Male,4
2011,BWA,Gender,Female,5
2011,BWA,Gender,Male,6
2014,BWA,Gender,Female,14
2014,BWA,Gender,Male,21
2017,BWA,Gender,Female,7
2017,BWA,Gender,Male,11
2022,BWA,Gender,Female,8
2022,BWA,Gender,Male,12
2011,CAF,Gender,Female,1
2011,CAF,Gender,Male,1
2017,CAF,Gender,Female,4
2017,CAF,Gender,Male,5
2011,CAN,Gender,Female,18
2011,CAN,Gender,Male,23
2014,CAN,Gender,Female,74
2014,CAN,Gender,Male,79
2017,CAN,Gender,Female,83
2017,CAN,Gender,Male,83
2021,CAN,Gender,Female,81
2021,CAN,Gender,Male,81
2014,CHE,Gender,Female,48
2014,CHE,Gender,Male,56
2017,CHE,Gender,Female,56
2017,CHE,Gender,Male,69
2021,CHE,Gender,Female,58
2021,CHE,Gender,Male,65
2011,CHL,Gender,Female,6
2011,CHL,Gender,Male,10
2014,CHL,Gender,Female,28
2014,CHL,Gender,Male,35
2017,CHL,Gender,Female,30
2017,CHL,Gender,Male,32
2021,CHL,Gender,Female,20
2021,CHL,Gender,Male,28
2011,CHN,Gender,Female,6
2011,CHN,Gender,Male,8
2014,CHN,Gender,Female,19
2014,CHN,Gender,Male,22
2017,CHN,Gender,Female,19
2017,CHN,Gender,Male,24
2021,CHN,Gender,Female,39
2021,CHN,Gender,Male,39
2014,CIV,Gender,Female,2
2014,CIV,Gender,Male,3
2017,CIV,Gender,Female,1
2017,CIV,Gender,Male,4
2021,CIV,Gender,Female,2
2021,CIV,Gender,Male,6
2011,CMR,Gender,Female,3
2011,CMR,Gender,Male,6
2014,CMR,Gender,Female,2
2014,CMR,Gender,Male,2
2017,CMR,Gender,Female,7
2017,CMR,Gender,Male,9
2021,CMR,Gender,Female,6
2021,CMR,Gender,Male,8
2011,COD,Gender,Female,2
2011,COD,Gender,Male,1
2014,COD,Gender,Female,3
2014,COD,Gender,Male,3
2017,COD,Gender,Female,3
2017,COD,Gender,Male,5
2022,COD,Gender,Female,4
2022,COD,Gender,Male,3
2011,COG,Gender,Female,2
2011,COG,Gender,Male,5
2014,COG,Gender,Female,5
2014,COG,Gender,Male,5
2017,COG,Gender,Female,5
2017,COG,Gender,Male,5
2021,COG,Gender,Female,6
2021,COG,Gender,Male,7
2011,COL,Gender,Female,11
2011,COL,Gender,Male,13
2014,COL,Gender,Female,20
2014,COL,Gender,Male,24
2017,COL,Gender,Female,17
2017,COL,Gender,Male,26
2021,COL,Gender,Female,14
2021,COL,Gender,Male,23
2011,COM,Gender,Female,6
2011,COM,Gender,Male,9
2022,COM,Gender,Female,7
2022,COM,Gender,Male,10
2011,CRI,Gender,Female,8
2011,CRI,Gender,Male,12
2014,CRI,Gender,Female,18
2014,CRI,Gender,Male,23
2017,CRI,Gender,Female,18
2017,CRI,Gender,Male,25
2021,CRI,Gender,Female,13
2021,CRI,Gender,Male,22
2011,CYP,Gender,Female,25
2011,CYP,Gender,Male,29
2014,CYP,Gender,Female,31
2014,CYP,Gender,Male,28
2017,CYP,Gender,Female,24
2017,CYP,Gender,Male,26
2021,CYP,Gender,Female,29
2021,CYP,Gender,Male,33
2011,CZE,Gender,Female,9
2011,CZE,Gender,Male,10
2014,CZE,Gender,Female,26
2014,CZE,Gender,Male,31
2017,CZE,Gender,Female,27
2017,CZE,Gender,Male,32
2021,CZE,Gender,Female,27
2021,CZE,Gender,Male,35
2011,DEU,Gender,Female,11
2011,DEU,Gender,Male,14
2014,DEU,Gender,Female,40
2014,DEU,Gender,Male,52
2017,DEU,Gender,Female,50
2017,DEU,Gender,Male,59
2021,DEU,Gender,Female,58
2021,DEU,Gender,Male,51
2011,DJI,Gender,Female,4
2011,DJI,Gender,Male,5
2011,DNK,Gender,Female,19
2011,DNK,Gender,Male,18
2014,DNK,Gender,Female,35
2014,DNK,Gender,Male,47
2017,DNK,Gender,Female,42
2017,DNK,Gender,Male,50
2021,DNK,Gender,Female,48
2021,DNK,Gender,Male,58
2011,DOM,Gender,Female,12
2011,DOM,Gender,Male,16
2014,DOM,Gender,Female,23
2014,DOM,Gender,Male,25
2017,DOM,Gender,Female,27
2017,DOM,Gender,Male,33
2021,DOM,Gender,Female,22
2021,DOM,Gender,Male,22
2011,DZA,Gender,Male,3
2014,DZA,Gender,Female,5
2014,DZA,Gender,Male,7
2017,DZA,Gender,Female,3
2017,DZA,Gender,Male,7
2021,DZA,Gender,Female,2
2021,DZA,Gender,Male,5
2011,EAP,Gender,Female,8
2011,EAP,Gender,Male,9
2014,EAP,Gender,Female,18
2014,EAP,Gender,Male,21
2017,EAP,Gender,Female,19
2017,EAP,Gender,Male,23
2021,EAP,Gender,Female,32
2021,EAP,Gender,Male,33
2011,EAS,Gender,Female,8
2011,EAS,Gender,Male,10
2014,EAS,Gender,Female,23
2014,EAS,Gender,Male,24
2017,EAS,Gender,Female,23
2017,EAS,Gender,Male,26
2021,EAS,Gender,Female,36
2021,EAS,Gender,Male,37
2011,ECA,Gender,Female,7
2011,ECA,Gender,Male,8
2014,ECA,Gender,Female,20
2014,ECA,Gender,Male,25
2017,ECA,Gender,Female,22
2017,ECA,Gender,Male,27
2021,ECA,Gender,Female,25
2021,ECA,Gender,Male,32
2011,ECS,Gender,Female,9
2011,ECS,Gender,Male,11
2014,ECS,Gender,Female,30
2014,ECS,Gender,Male,39
2017,ECS,Gender,Female,33
2017,ECS,Gender,Male,41
2021,ECS,Gender,Female,37
2021,ECS,Gender,Male,42
2011,ECU,Gender,Female,10
2011,ECU,Gender,Male,11
2014,ECU,Gender,Female,16
2014,ECU,Gender,Male,17
2017,ECU,Gender,Female,11
2017,ECU,Gender,Male,23
2021,ECU,Gender,Female,15
2021,ECU,Gender,Male,32
2011,EGY,Gender,Female,3
2011,EGY,Gender,Male,5
2014,EGY,Gender,Female,5
2014,EGY,Gender,Male,10
2017,EGY,Gender,Female,6
2017,EGY,Gender,Male,11
2021,EGY,Gender,Female,5
2021,EGY,Gender,Male,10
2011,EMU,Gender,Female,10
2011,EMU,Gender,Male,14
2014,EMU,Gender,Female,36
2014,EMU,Gender,Male,48
2017,EMU,Gender,Female,41
2017,EMU,Gender,Male,51
2021,EMU,Gender,Female,48
2021,EMU,Gender,Male,49
2011,ESP,Gender,Female,10
2011,ESP,Gender,Male,14
2014,ESP,Gender,Female,45
2014,ESP,Gender,Male,56
2017,ESP,Gender,Female,44
2017,ESP,Gender,Male,57
2021,ESP,Gender,Female,49
2021,ESP,Gender,Male,55
2011,EST,Gender,Female,7
2011,EST,Gender,Male,8
2014,EST,Gender,Female,33
2014,EST,Gender,Male,32
2017,EST,Gender,Female,30
2017,EST,Gender,Male,35
2021,EST,Gender,Female,33
2021,EST,Gender,Male,34
2014,ETH,Gender,Female,8
2014,ETH,Gender,Male,7
2017,ETH,Gender,Female,9
2017,ETH,Gender,Male,13
2022,ETH,Gender,Female,4
2022,ETH,Gender,Male,5
2011,FIN,Gender,Female,19
2011,FIN,Gender,Male,29
2014,FIN,Gender,Female,55
2014,FIN,Gender,Male,61
2017,FIN,Gender,Female,52
2017,FIN,Gender,Male,56
2021,FIN,Gender,Female,53
2021,FIN,Gender,Male,53
2011,FRA,Gender,Female,17
2011,FRA,Gender,Male,20
2014,FRA,Gender,Female,37
2014,FRA,Gender,Male,49
2017,FRA,Gender,Female,45
2017,FRA,Gender,Male,46
2021,FRA,Gender,Female,44
2021,FRA,Gender,Male,45
2011,GAB,Gender,Female,1
2011,GAB,Gender,Male,3
2014,GAB,Gender,Female,6
2014,GAB,Gender,Male,8
2017,GAB,Gender,Female,6
2017,GAB,Gender,Male,10
2021,GAB,Gender,Female,3
2021,GAB,Gender,Male,8
2011,GBR,Gender,Female,11
2011,GBR,Gender,Male,13
2014,GBR,Gender,Female,56
2014,GBR,Gender,Male,69
2017,GBR,Gender,Female,64
2017,GBR,Gender,Male,65
2021,GBR,Gender,Female,57
2021,GBR,Gender,Male,53
2011,GEO,Gender,Female,12
2011,GEO,Gender,Male,10
2014,GEO,Gender,Female,19
2014,GEO,Gender,Male,22
2017,GEO,Gender,Female,23
2017,GEO,Gender,Male,32
2021,GEO,Gender,Female,23
2021,GEO,Gender,Male,25
2011,GHA,Gender,Female,6
2011,GHA,Gender,Male,6
2014,GHA,Gender,Female,9
2014,GHA,Gender,Male,7
2017,GHA,Gender,Female,10
2017,GHA,Gender,Male,13
2021,GHA,Gender,Female,6
2021,GHA,Gender,Male,9
2011,GIN,Gender,Female,1
2011,GIN,Gender,Male,3
2014,GIN,Gender,Female,2
2014,GIN,Gender,Male,3
2017,GIN,Gender,Female,5
2017,GIN,Gender,Male,6
2021,GIN,Gender,Female,5
2021,GIN,Gender,Male,7
2017,GMB,Gender,Female,5
2017,GMB,Gender,Male,5
2022,GMB,Gender,Female,7
2022,GMB,Gender,Male,4
2011,GRC,Gender,Female,5
2011,GRC,Gender,Male,11
2014,GRC,Gender,Female,14
2014,GRC,Gender,Male,19
2017,GRC,Gender,Female,10
2017,GRC,Gender,Male,13
2021,GRC,Gender,Female,15
2021,GRC,Gender,Male,25
2011,GTM,Gender,Female,11
2011,GTM,Gender,Male,17
2014,GTM,Gender,Female,13
2014,GTM,Gender,Male,17
2017,GTM,Gender,Female,12
2017,GTM,Gender,Male,14
2022,GTM,Gender,Female,10
2022,GTM,Gender,Male,13
2011,HIC,Gender,Female,12
2011,HIC,Gender,Male,16
2014,HIC,Gender,Female,51
2014,HIC,Gender,Male,53
2017,HIC,Gender,Female,53
2017,HIC,Gender,Male,57
2021,HIC,Gender,Female,55
2021,HIC,Gender,Male,56
2011,HKG,Gender,Female,5
2011,HKG,Gender,Male,11
2014,HKG,Gender,Female,59
2014,HKG,Gender,Male,62
2017,HKG,Gender,Female,60
2017,HKG,Gender,Male,65
2021,HKG,Gender,Female,72
2021,HKG,Gender,Male,67
2011,HND,Gender,Female,6
2011,HND,Gender,Male,8
2014,HND,Gender,Female,9
2014,HND,Gender,Male,18
2017,HND,Gender,Female,11
2017,HND,Gender,Male,18
2021,HND,Gender,Female,8
2021,HND,Gender,Male,13
2011,HRV,Gender,Female,15
2011,HRV,Gender,Male,14
2014,HRV,Gender,Female,41
2014,HRV,Gender,Male,43
2017,HRV,Gender,Female,33
2017,HRV,Gender,Male,43
2021,HRV,Gender,Female,28
2021,HRV,Gender,Male,38
2011,HTI,Gender,Female,10
2011,HTI,Gender,Male,7
2014,HTI,Gender,Female,5
2014,HTI,Gender,Male,7
2017,HTI,Gender,Female,13
2017,HTI,Gender,Male,12
2011,HUN,Gender,Female,10
2011,HUN,Gender,Male,8
2014,HUN,Gender,Female,15
2014,HUN,Gender,Male,17
2017,HUN,Gender,Female,13
2017,HUN,Gender,Male,19
2021,HUN,Gender,Female,17
2021,HUN,Gender,Male,21
2011,IDN,Gender,Female,8
2011,IDN,Gender,Male,9
2014,IDN,Gender,Female,12
2014,IDN,Gender,Male,16
2017,IDN,Gender,Female,18
2017,IDN,Gender,Male,19
2021,IDN,Gender,Female,16
2021,IDN,Gender,Male,9
2011,IND,Gender,Female,7
2011,IND,Gender,Male,9
2014,IND,Gender,Female,6
2014,IND,Gender,Male,12
2017,IND,Gender,Female,6
2017,IND,Gender,Male,10
2021,IND,Gender,Female,10
2021,IND,Gender,Male,13
2011,IRL,Gender,Female,14
2011,IRL,Gender,Male,17
2014,IRL,Gender,Female,51
2014,IRL,Gender,Male,50
2017,IRL,Gender,Female,48
2017,IRL,Gender,Male,53
2021,IRL,Gender,Female,57
2021,IRL,Gender,Male,51
2011,IRN,Gender,Female,30
2011,IRN,Gender,Male,31
2014,IRN,Gender,Female,39
2014,IRN,Gender,Male,37
2017,IRN,Gender,Female,28
2017,IRN,Gender,Male,28
2021,IRN,Gender,Female,22
2021,IRN,Gender,Male,28
2011,IRQ,Gender,Female,5
2011,IRQ,Gender,Male,11
2014,IRQ,Gender,Female,3
2014,IRQ,Gender,Male,7
2017,IRQ,Gender,Female,3
2017,IRQ,Gender,Male,3
2021,IRQ,Gender,Female,2
2021,IRQ,Gender,Male,5
2021,ISL,Gender,Female,72
2021,ISL,Gender,Male,75
2011,ISR,Gender,Female,15
2011,ISR,Gender,Male,18
2014,ISR,Gender,Female,80
2014,ISR,Gender,Male,78
2017,ISR,Gender,Female,79
2017,ISR,Gender,Male,79
2021,ISR,Gender,Female,80
2021,ISR,Gender,Male,78
2011,ITA,Gender,Female,3
2011,ITA,Gender,Male,6
2014,ITA,Gender,Female,30
2014,ITA,Gender,Male,50
2017,ITA,Gender,Female,36
2017,ITA,Gender,Male,56
2021,ITA,Gender,Female,56
2021,ITA,Gender,Male,54
2011,JAM,Gender,Female,8
2011,JAM,Gender,Male,8
2014,JAM,Gender,Female,15
2014,JAM,Gender,Male,22
2021,JAM,Gender,Female,10
2021,JAM,Gender,Male,14
2011,JOR,Gender,Female,4
2011,JOR,Gender,Male,5
2014,JOR,Gender,Female,11
2014,JOR,Gender,Male,18
2017,JOR,Gender,Female,14
2017,JOR,Gender,Male,21
2021,JOR,Gender,Female,6
2021,JOR,Gender,Male,13
2011,JPN,Gender,Female,4
2011,JPN,Gender,Male,9
2014,JPN,Gender,Female,60
2014,JPN,Gender,Male,49
2017,JPN,Gender,Female,55
2017,JPN,Gender,Male,53
2021,JPN,Gender,Female,60
2021,JPN,Gender,Male,62
2011,KAZ,Gender,Female,14
2011,KAZ,Gender,Male,12
2014,KAZ,Gender,Female,19
2014,KAZ,Gender,Male,20
2017,KAZ,Gender,Female,27
2017,KAZ,Gender,Male,30
2021,KAZ,Gender,Female,30
2021,KAZ,Gender,Male,29
2011,KEN,Gender,Female,7
2011,KEN,Gender,Male,13
2014,KEN,Gender,Female,14
2014,KEN,Gender,Male,18
2017,KEN,Gender,Female,14
2017,KEN,Gender,Male,25
2021,KEN,Gender,Female,19
2021,KEN,Gender,Male,25
2011,KGZ,Gender,Female,11
2011,KGZ,Gender,Male,11
2014,KGZ,Gender,Female,14
2014,KGZ,Gender,Male,15
2017,KGZ,Gender,Female,10
2017,KGZ,Gender,Male,10
2021,KGZ,Gender,Female,16
2021,KGZ,Gender,Male,19
2011,KHM,Gender,Female,20
2011,KHM,Gender,Male,19
2014,KHM,Gender,Female,30
2014,KHM,Gender,Male,26
2017,KHM,Gender,Female,30
2017,KHM,Gender,Male,23
2021,KHM,Gender,Female,34
2021,KHM,Gender,Male,28
2011,KOR,Gender,Female,13
2011,KOR,Gender,Male,20
2014,KOR,Gender,Female,61
2014,KOR,Gender,Male,53
2017,KOR,Gender,Female,66
2017,KOR,Gender,Male,60
2021,KOR,Gender,Female,64
2021,KOR,Gender,Male,73
2011,KWT,Gender,Female,17
2011,KWT,Gender,Male,24
2014,KWT,Gender,Female,27
2014,KWT,Gender,Male,33
2017,KWT,Gender,Female,26
2017,KWT,Gender,Male,30
2011,LAC,Gender,Female,7
2011,LAC,Gender,Male,8
2014,LAC,Gender,Female,22
2014,LAC,Gender,Male,28
2017,LAC,Gender,Female,18
2017,LAC,Gender,Male,24
2021,LAC,Gender,Female,24
2021,LAC,Gender,Male,35
2011,LAO,Gender,Female,17
2011,LAO,Gender,Male,19
2017,LAO,Gender,Female,8
2017,LAO,Gender,Male,10
2021,LAO,Gender,Female,10
2021,LAO,Gender,Male,8
2011,LBN,Gender,Female,8
2011,LBN,Gender,Male,14
2014,LBN,Gender,Female,14
2014,LBN,Gender,Male,28
2017,LBN,Gender,Female,17
2017,LBN,Gender,Male,28
2021,LBN,Gender,Female,2
2021,LBN,Gender,Male,5
2011,LBR,Gender,Female,6
2011,LBR,Gender,Male,7
2017,LBR,Gender,Female,7
2017,LBR,Gender,Male,9
2021,LBR,Gender,Female,13
2021,LBR,Gender,Male,18
2017,LBY,Gender,Female,3
2017,LBY,Gender,Male,13
2011,LCN,Gender,Female,7
2011,LCN,Gender,Male,8
2014,LCN,Gender,Female,22
2014,LCN,Gender,Male,29
2017,LCN,Gender,Female,19
2017,LCN,Gender,Male,24
2021,LCN,Gender,Female,24
2021,LCN,Gender,Male,35
2011,LIC,Gender,Female,4
2011,LIC,Gender,Male,5
2014,LIC,Gender,Female,5
2014,LIC,Gender,Male,6
2017,LIC,Gender,Female,7
2017,LIC,Gender,Male,9
2021,LIC,Gender,Female,8
2021,LIC,Gender,Male,10
2011,LKA,Gender,Female,19
2011,LKA,Gender,Male,16
2014,LKA,Gender,Female,19
2014,LKA,Gender,Male,21
2017,LKA,Gender,Female,17
2017,LKA,Gender,Male,18
2021,LKA,Gender,Female,21
2021,LKA,Gender,Male,21
2011,LMC,Gender,Female,8
2011,LMC,Gender,Male,9
2014,LMC,Gender,Female,9
2014,LMC,Gender,Male,12
2017,LMC,Gender,Female,9
2017,LMC,Gender,Male,11
2021,LMC,Gender,Female,11
2021,LMC,Gender,Male,12
2011,LMY,Gender,Female,8
2011,LMY,Gender,Male,9
2014,LMY,Gender,Female,14
2014,LMY,Gender,Male,17
2017,LMY,Gender,Female,13
2017,LMY,Gender,Male,17
2021,LMY,Gender,Female,20
2021,LMY,Gender,Male,23
2011,LSO,Gender,Female,3
2011,LSO,Gender,Male,3
2017,LSO,Gender,Female,5
2017,LSO,Gender,Male,6
2022,LSO,Gender,Female,12
2022,LSO,Gender,Male,13
2011,LTU,Gender,Female,6
2011,LTU,Gender,Male,6
2014,LTU,Gender,Female,13
2014,LTU,Gender,Male,17
2017,LTU,Gender,Female,19
2017,LTU,Gender,Male,22
2021,LTU,Gender,Female,10
2021,LTU,Gender,Male,14
2011,LUX,Gender,Female,16
2011,LUX,Gender,Male,19
2014,LUX,Gender,Female,68
2014,LUX,Gender,Male,69
2017,LUX,Gender,Female,70
2017,LUX,Gender,Male,75
2011,LVA,Gender,Female,8
2011,LVA,Gender,Male,5
2014,LVA,Gender,Female,26
2014,LVA,Gender,Male,32
2017,LVA,Gender,Female,19
2017,LVA,Gender,Male,19
2021,LVA,Gender,Female,19
2021,LVA,Gender,Male,28
2017,MAR,Gender,Female,2
2017,MAR,Gender,Male,4
2021,MAR,Gender,Female,4
2021,MAR,Gender,Male,6
2011,MDA,Gender,Female,7
2011,MDA,Gender,Male,6
2014,MDA,Gender,Female,10
2014,MDA,Gender,Male,10
2017,MDA,Gender,Female,18
2017,MDA,Gender,Male,23
2021,MDA,Gender,Female,13
2021,MDA,Gender,Male,13
2011,MDG,Gender,Female,2
2011,MDG,Gender,Male,3
2014,MDG,Gender,Female,2
2014,MDG,Gender,Male,2
2017,MDG,Gender,Female,3
2017,MDG,Gender,Male,4
2022,MDG,Gender,Female,6
2022,MDG,Gender,Male,6
2017,MDV,Gender,Female,15
2017,MDV,Gender,Male,25
2011,MEA,Gender,Female,10
2011,MEA,Gender,Male,13
2017,MEA,Gender,Female,10
2017,MEA,Gender,Male,15
2021,MEA,Gender,Female,13
2021,MEA,Gender,Male,17
2011,MEX,Gender,Female,7
2011,MEX,Gender,Male,8
2014,MEX,Gender,Female,15
2014,MEX,Gender,Male,22
2017,MEX,Gender,Female,10
2017,MEX,Gender,Male,14
2022,MEX,Gender,Female,14
2022,MEX,Gender,Male,17
2011,MIC,Gender,Female,8
2011,MIC,Gender,Male,9
2014,MIC,Gender,Female,14
2014,MIC,Gender,Male,18
2017,MIC,Gender,Female,14
2017,MIC,Gender,Male,17
2021,MIC,Gender,Female,21
2021,MIC,Gender,Male,24
2011,MKD,Gender,Female,10
2011,MKD,Gender,Male,11
2014,MKD,Gender,Female,21
2014,MKD,Gender,Male,29
2017,MKD,Gender,Female,19
2017,MKD,Gender,Male,22
2021,MKD,Gender,Female,20
2021,MKD,Gender,Male,24
2011,MLI,Gender,Female,2
2011,MLI,Gender,Male,6
2014,MLI,Gender,Female,2
2014,MLI,Gender,Male,4
2017,MLI,Gender,Female,5
2017,MLI,Gender,Male,11
2021,MLI,Gender,Female,12
2021,MLI,Gender,Male,10
2011,MLT,Gender,Female,7
2011,MLT,Gender,Male,13
2014,MLT,Gender,Female,32
2014,MLT,Gender,Male,42
2017,MLT,Gender,Female,41
2017,MLT,Gender,Male,46
2021,MLT,Gender,Female,33
2021,MLT,Gender,Male,45
2014,MMR,Gender,Female,12
2014,MMR,Gender,Male,20
2017,MMR,Gender,Female,19
2017,MMR,Gender,Male,19
2021,MMR,Gender,Female,7
2021,MMR,Gender,Male,7
2011,MNA,Gender,Female,11
2011,MNA,Gender,Male,13
2017,MNA,Gender,Female,8
2017,MNA,Gender,Male,11
2021,MNA,Gender,Female,9
2021,MNA,Gender,Male,13
2011,MNE,Gender,Female,20
2011,MNE,Gender,Male,24
2014,MNE,Gender,Female,27
2014,MNE,Gender,Male,32
2017,MNE,Gender,Female,22
2017,MNE,Gender,Male,26
2011,MNG,Gender,Female,24
2011,MNG,Gender,Male,25
2014,MNG,Gender,Female,34
2014,MNG,Gender,Male,38
2017,MNG,Gender,Female,30
2017,MNG,Gender,Male,31
2021,MNG,Gender,Female,34
2021,MNG,Gender,Male,35
2017,MOZ,Gender,Female,10
2017,MOZ,Gender,Male,12
2021,MOZ,Gender,Female,7
2021,MOZ,Gender,Male,14
2011,MRT,Gender,Female,7
2011,MRT,Gender,Male,8
2014,MRT,Gender,Female,8
2014,MRT,Gender,Male,10
2017,MRT,Gender,Female,7
2017,MRT,Gender,Male,11
2022,MRT,Gender,Female,7
2022,MRT,Gender,Male,15
2011,MUS,Gender,Female,9
2011,MUS,Gender,Male,20
2014,MUS,Gender,Female,18
2014,MUS,Gender,Male,33
2017,MUS,Gender,Female,15
2017,MUS,Gender,Male,32
2021,MUS,Gender,Female,16
2021,MUS,Gender,Male,25
2011,MWI,Gender,Female,12
2011,MWI,Gender,Male,6
2014,MWI,Gender,Female,8
2014,MWI,Gender,Male,6
2017,MWI,Gender,Female,8
2017,MWI,Gender,Male,9
2021,MWI,Gender,Female,9
2021,MWI,Gender,Male,7
2011,MYS,Gender,Female,10
2011,MYS,Gender,Male,12
2014,MYS,Gender,Female,25
2014,MYS,Gender,Male,36
2017,MYS,Gender,Female,21
2017,MYS,Gender,Male,26
2021,MYS,Gender,Female,13
2021,MYS,Gender,Male,14
2011,NAC,Gender,Female,18
2011,NAC,Gender,Male,22
2014,NAC,Gender,Female,68
2014,NAC,Gender,Male,64
2017,NAC,Gender,Female,69
2017,NAC,Gender,Male,71
2021,NAC,Gender,Female,68
2021,NAC,Gender,Male,67
2014,NAM,Gender,Female,10
2014,NAM,Gender,Male,14
2017,NAM,Gender,Female,15
2017,NAM,Gender,Male,19
2021,NAM,Gender,Female,17
2021,NAM,Gender,Male,25
2011,NER,Gender,Female,2
2011,NER,Gender,Male,1
2014,NER,Gender,Female,2
2014,NER,Gender,Male,3
2017,NER,Gender,Female,4
2017,NER,Gender,Male,4
2022,NER,Gender,Female,4
2022,NER,Gender,Male,2
2011,NGA,Gender,Female,2
2011,NGA,Gender,Male,2
2014,NGA,Gender,Female,5
2014,NGA,Gender,Male,9
2017,NGA,Gender,Female,5
2017,NGA,Gender,Male,6
2021,NGA,Gender,Female,6
2021,NGA,Gender,Male,7
2011,NIC,Gender,Female,7
2011,NIC,Gender,Male,9
2014,NIC,Gender,Female,17
2014,NIC,Gender,Male,14
2017,NIC,Gender,Female,13
2017,NIC,Gender,Male,14
2021,NIC,Gender,Female,13
2021,NIC,Gender,Male,11
2011,NLD,Gender,Female,9
2011,NLD,Gender,Male,17
2014,NLD,Gender,Female,25
2014,NLD,Gender,Male,45
2017,NLD,Gender,Female,30
2017,NLD,Gender,Male,45
2021,NLD,Gender,Female,29
2021,NLD,Gender,Male,40
2014,NOR,Gender,Female,60
2014,NOR,Gender,Male,65
2017,NOR,Gender,Female,68
2017,NOR,Gender,Male,71
2021,NOR,Gender,Female,67
2021,NOR,Gender,Male,67
2011,NPL,Gender,Female,10
2011,NPL,Gender,Male,12
2014,NPL,Gender,Female,10
2014,NPL,Gender,Male,15
2017,NPL,Gender,Female,14
2017,NPL,Gender,Male,13
2021,NPL,Gender,Female,13
2021,NPL,Gender,Male,16
2011,NZL,Gender,Female,25
2011,NZL,Gender,Male,28
2014,NZL,Gender,Female,74
2014,NZL,Gender,Male,63
2017,NZL,Gender,Female,69
2017,NZL,Gender,Male,64
2021,NZL,Gender,Female,61
2021,NZL,Gender,Male,60
2011,OED,Gender,Female,12
2011,OED,Gender,Male,16
2014,OED,Gender,Female,52
2014,OED,Gender,Male,54
2017,OED,Gender,Female,54
2017,OED,Gender,Male,59
2021,OED,Gender,Female,56
2021,OED,Gender,Male,58
2011,OMN,Gender,Female,6
2011,OMN,Gender,Male,12
2011,PAK,Gender,Female,2
2011,PAK,Gender,Male,1
2014,PAK,Gender,Male,3
2017,PAK,Gender,Female,2
2017,PAK,Gender,Male,4
2021,PAK,Gender,Female,3
2021,PAK,Gender,Male,4
2011,PAN,Gender,Female,8
2011,PAN,Gender,Male,11
2014,PAN,Gender,Female,17
2014,PAN,Gender,Male,18
2017,PAN,Gender,Female,11
2017,PAN,Gender,Male,15
2021,PAN,Gender,Female,7
2021,PAN,Gender,Male,14
2011,PER,Gender,Female,12
2011,PER,Gender,Male,13
2014,PER,Gender,Female,16
2014,PER,Gender,Male,20
2017,PER,Gender,Female,16
2017,PER,Gender,Male,22
2021,PER,Gender,Female,21
2021,PER,Gender,Male,23
2011,PHL,Gender,Female,13
2011,PHL,Gender,Male,8
2014,PHL,Gender,Female,15
2014,PHL,Gender,Male,11
2017,PHL,Gender,Female,11
2017,PHL,Gender,Male,10
2021,PHL,Gender,Female,15
2021,PHL,Gender,Male,21
2011,POL,Gender,Female,8
2011,POL,Gender,Male,12
2014,POL,Gender,Female,22
2014,POL,Gender,Male,32
2017,POL,Gender,Female,27
2017,POL,Gender,Male,35
2021,POL,Gender,Female,26
2021,POL,Gender,Male,39
2014,PRI,Gender,Female,24
2014,PRI,Gender,Male,31
2011,PRT,Gender,Female,6
2011,PRT,Gender,Male,10
2014,PRT,Gender,Female,24
2014,PRT,Gender,Male,28
2017,PRT,Gender,Female,25
2017,PRT,Gender,Male,33
2021,PRT,Gender,Female,23
2021,PRT,Gender,Male,39
2011,PRY,Gender,Female,13
2011,PRY,Gender,Male,13
2017,PRY,Gender,Female,13
2017,PRY,Gender,Male,18
2021,PRY,Gender,Female,13
2021,PRY,Gender,Male,11
2011,PSE,Gender,Female,2
2011,PSE,Gender,Male,6
2014,PSE,Gender,Female,3
2014,PSE,Gender,Male,6
2017,PSE,Gender,Female,4
2017,PSE,Gender,Male,11
2021,PSE,Gender,Female,4
2021,PSE,Gender,Male,6
2011,QAT,Gender,Female,10
2011,QAT,Gender,Male,14
2011,ROU,Gender,Female,7
2011,ROU,Gender,Male,10
2014,ROU,Gender,Female,18
2014,ROU,Gender,Male,20
2017,ROU,Gender,Female,18
2017,ROU,Gender,Male,22
2021,ROU,Gender,Female,15
2021,ROU,Gender,Male,23
2011,RUS,Gender,Female,7
2011,RUS,Gender,Male,8
2014,RUS,Gender,Female,23
2014,RUS,Gender,Male,21
2017,RUS,Gender,Female,22
2017,RUS,Gender,Male,24
2021,RUS,Gender,Female,29
2021,RUS,Gender,Male,30
2011,RWA,Gender,Female,8
2011,RWA,Gender,Male,9
2014,RWA,Gender,Female,6
2014,RWA,Gender,Male,11
2017,RWA,Gender,Female,6
2017,RWA,Gender,Male,10
2011,SAS,Gender,Female,8
2011,SAS,Gender,Male,9
2014,SAS,Gender,Female,6
2014,SAS,Gender,Male,11
2017,SAS,Gender,Female,6
2017,SAS,Gender,Male,9
2021,SAS,Gender,Female,10
2021,SAS,Gender,Male,12
2011,SAU,Gender,Female,1
2011,SAU,Gender,Male,3
2014,SAU,Gender,Female,8
2014,SAU,Gender,Male,24
2017,SAU,Gender,Female,10
2017,SAU,Gender,Male,28
2021,SAU,Gender,Female,29
2021,SAU,Gender,Male,35
2011,SDN,Gender,Female,2
2011,SDN,Gender,Male,2
2014,SDN,Gender,Female,3
2014,SDN,Gender,Male,5
2011,SEN,Gender,Female,2
2011,SEN,Gender,Male,5
2014,SEN,Gender,Female,3
2014,SEN,Gender,Male,5
2017,SEN,Gender,Female,8
2017,SEN,Gender,Male,8
2021,SEN,Gender,Female,11
2021,SEN,Gender,Male,9
2011,SGP,Gender,Female,6
2011,SGP,Gender,Male,14
2014,SGP,Gender,Female,38
2014,SGP,Gender,Male,37
2017,SGP,Gender,Female,48
2017,SGP,Gender,Male,46
2021,SGP,Gender,Female,41
2021,SGP,Gender,Male,45
2011,SLE,Gender,Female,6
2011,SLE,Gender,Male,6
2014,SLE,Gender,Female,3
2014,SLE,Gender,Male,5
2017,SLE,Gender,Female,6
2017,SLE,Gender,Male,4
2021,SLE,Gender,Female,5
2021,SLE,Gender,Male,4
2011,SLV,Gender,Female,3
2011,SLV,Gender,Male,5
2014,SLV,Gender,Female,17
2014,SLV,Gender,Male,24
2017,SLV,Gender,Female,10
2017,SLV,Gender,Male,14
2021,SLV,Gender,Female,11
2021,SLV,Gender,Male,10
2014,SOM,Gender,Female,1
2014,SOM,Gender,Male,3
2011,SRB,Gender,Female,14
2011,SRB,Gender,Male,10
2014,SRB,Gender,Female,19
2014,SRB,Gender,Male,21
2017,SRB,Gender,Female,20
2017,SRB,Gender,Male,20
2021,SRB,Gender,Female,21
2021,SRB,Gender,Male,20
2011,SSA,Gender,Female,4
2011,SSA,Gender,Male,5
2014,SSA,Gender,Female,7
2014,SSA,Gender,Male,8
2017,SSA,Gender,Female,7
2017,SSA,Gender,Male,10
2021,SSA,Gender,Female,9
2021,SSA,Gender,Male,11
2017,SSD,Gender,Female,2
2017,SSD,Gender,Male,5
2021,SSD,Gender,Female,3
2021,SSD,Gender,Male,2
2011,SSF,Gender,Female,4
2011,SSF,Gender,Male,5
2014,SSF,Gender,Female,7
2014,SSF,Gender,Male,8
2017,SSF,Gender,Female,7
2017,SSF,Gender,Male,10
2021,SSF,Gender,Female,9
2021,SSF,Gender,Male,11
2011,SVK,Gender,Female,10
2011,SVK,Gender,Male,13
2014,SVK,Gender,Female,28
2014,SVK,Gender,Male,24
2017,SVK,Gender,Female,27
2017,SVK,Gender,Male,32
2021,SVK,Gender,Female,30
2021,SVK,Gender,Male,39
2011,SVN,Gender,Female,12
2011,SVN,Gender,Male,14
2014,SVN,Gender,Female,34
2014,SVN,Gender,Male,36
2017,SVN,Gender,Female,36
2017,SVN,Gender,Male,44
2021,SVN,Gender,Female,37
2021,SVN,Gender,Male,48
2011,SWE,Gender,Female,22
2011,SWE,Gender,Male,24
2014,SWE,Gender,Female,45
2014,SWE,Gender,Male,54
2017,SWE,Gender,Female,38
2017,SWE,Gender,Male,49
2021,SWE,Gender,Female,45
2021,SWE,Gender,Male,52
2011,SWZ,Gender,Female,10
2011,SWZ,Gender,Male,13
2022,SWZ,Gender,Female,9
2022,SWZ,Gender,Male,10
2011,SYR,Gender,Female,11
2011,SYR,Gender,Male,15
2011,TCD,Gender,Female,6
2011,TCD,Gender,Male,6
2014,TCD,Gender,Female,1
2014,TCD,Gender,Male,3
2017,TCD,Gender,Female,2
2017,TCD,Gender,Male,6
2022,TCD,Gender,Female,8
2022,TCD,Gender,Male,9
2011,TGO,Gender,Female,4
2011,TGO,Gender,Male,3
2014,TGO,Gender,Female,5
2014,TGO,Gender,Male,3
2017,TGO,Gender,Female,9
2017,TGO,Gender,Male,9
2021,TGO,Gender,Female,7
2021,TGO,Gender,Male,8
2011,THA,Gender,Female,18
2011,THA,Gender,Male,21
2014,THA,Gender,Female,16
2014,THA,Gender,Male,20
2017,THA,Gender,Female,22
2017,THA,Gender,Male,19
2021,THA,Gender,Female,23
2021,THA,Gender,Male,34
2011,TJK,Gender,Female,3
2011,TJK,Gender,Male,6
2014,TJK,Gender,Female,3
2014,TJK,Gender,Male,5
2017,TJK,Gender,Female,14
2017,TJK,Gender,Male,17
2021,TJK,Gender,Female,12
2021,TJK,Gender,Male,13
2011,TKM,Gender,Female,1
2011,TKM,Gender,Male,1
2017,TKM,Gender,Female,7
2017,TKM,Gender,Male,7
2011,TTO,Gender,Female,7
2011,TTO,Gender,Male,10
2017,TTO,Gender,Female,20
2017,TTO,Gender,Male,35
2014,TUN,Gender,Female,9
2014,TUN,Gender,Male,15
2017,TUN,Gender,Female,7
2017,TUN,Gender,Male,16
2021,TUN,Gender,Female,9
2021,TUN,Gender,Male,11
2011,TUR,Gender,Female,2
2011,TUR,Gender,Male,7
2014,TUR,Gender,Female,25
2014,TUR,Gender,Male,47
2017,TUR,Gender,Female,34
2017,TUR,Gender,Male,52
2021,TUR,Gender,Female,24
2021,TUR,Gender,Male,51
2011,TWN,Gender,Female,9
2011,TWN,Gender,Male,10
2014,TWN,Gender,Female,55
2014,TWN,Gender,Male,56
2017,TWN,Gender,Female,57
2017,TWN,Gender,Male,47
2021,TWN,Gender,Female,62
2021,TWN,Gender,Male,62
2011,TZA,Gender,Female,7
2011,TZA,Gender,Male,6
2014,TZA,Gender,Female,7
2014,TZA,Gender,Male,7
2017,TZA,Gender,Female,5
2017,TZA,Gender,Male,6
2021,TZA,Gender,Female,3
2021,TZA,Gender,Male,6
2011,UGA,Gender,Female,9
2011,UGA,Gender,Male,9
2014,UGA,Gender,Female,14
2014,UGA,Gender,Male,18
2017,UGA,Gender,Female,14
2017,UGA,Gender,Male,16
2021,UGA,Gender,Female,18
2021,UGA,Gender,Male,19
2011,UKR,Gender,Female,8
2011,UKR,Gender,Male,8
2014,UKR,Gender,Female,20
2014,UKR,Gender,Male,24
2017,UKR,Gender,Female,22
2017,UKR,Gender,Male,21
2021,UKR,Gender,Female,32
2021,UKR,Gender,Male,36
2011,UMC,Gender,Female,7
2011,UMC,Gender,Male,9
2014,UMC,Gender,Female,20
2014,UMC,Gender,Male,24
2017,UMC,Gender,Female,19
2017,UMC,Gender,Male,24
2021,UMC,Gender,Female,33
2021,UMC,Gender,Male,37
2011,URY,Gender,Female,14
2011,URY,Gender,Male,16
2014,URY,Gender,Female,44
2014,URY,Gender,Male,46
2017,URY,Gender,Female,45
2017,URY,Gender,Male,42
2021,URY,Gender,Female,42
2021,URY,Gender,Male,42
2011,USA,Gender,Female,18
2011,USA,Gender,Male,22
2014,USA,Gender,Female,67
2014,USA,Gender,Male,62
2017,USA,Gender,Female,67
2017,USA,Gender,Male,70
2021,USA,Gender,Female,67
2021,USA,Gender,Male,66
2011,UZB,Gender,Female,1
2011,UZB,Gender,Male,2
2014,UZB,Gender,Female,2
2014,UZB,Gender,Male,3
2017,UZB,Gender,Female,1
2017,UZB,Gender,Male,3
2021,UZB,Gender,Female,5
2021,UZB,Gender,Male,11
2011,VEN,Gender,Female,1
2011,VEN,Gender,Male,2
2014,VEN,Gender,Female,17
2014,VEN,Gender,Male,23
2017,VEN,Gender,Female,22
2017,VEN,Gender,Male,34
2021,VEN,Gender,Female,6
2021,VEN,Gender,Male,12
2011,VNM,Gender,Female,15
2011,VNM,Gender,Male,17
2014,VNM,Gender,Female,22
2014,VNM,Gender,Male,16
2017,VNM,Gender,Female,19
2017,VNM,Gender,Male,24
2022,VNM,Gender,Female,9
2022,VNM,Gender,Male,11
2011,XKX,Gender,Female,6
2011,XKX,Gender,Male,7
2014,XKX,Gender,Female,13
2014,XKX,Gender,Male,20
2017,XKX,Gender,Female,10
2017,XKX,Gender,Male,19
2021,XKX,Gender,Female,11
2021,XKX,Gender,Male,24
2011,YEM,Gender,Female,1
2011,YEM,Gender,Male,1
2014,YEM,Gender,Male,1
2022,YEM,Gender,Male,3
2011,ZAF,Gender,Female,6
2011,ZAF,Gender,Male,11
2014,ZAF,Gender,Female,19
2014,ZAF,Gender,Male,19
2017,ZAF,Gender,Female,12
2017,ZAF,Gender,Male,15
2021,ZAF,Gender,Female,19
2021,ZAF,Gender,Male,17
2011,ZMB,Gender,Female,8
2011,ZMB,Gender,Male,4
2014,ZMB,Gender,Female,5
2014,ZMB,Gender,Male,6
2017,ZMB,Gender,Female,6
2017,ZMB,Gender,Male,15
2021,ZMB,Gender,Female,6
2021,ZMB,Gender,Male,8
2011,ZWE,Gender,Female,4
2011,ZWE,Gender,Male,6
2014,ZWE,Gender,Female,4
2014,ZWE,Gender,Male,4
2017,ZWE,Gender,Female,4
2017,ZWE,Gender,Male,6
2021,ZWE,Gender,Female,2
2021,ZWE,Gender,Male,4
2011,WLD,Gender,Female,8
2011,WLD,Gender,Male,10
2014,WLD,Gender,Female,21
2014,WLD,Gender,Male,24
2017,WLD,Gender,Female,21
2017,WLD,Gender,Male,24
2021,WLD,Gender,Female,27
2021,WLD,Gender,Male,30
2021,AFG,Settlement,Rural,1
2021,AFG,Settlement,Urban,4
2021,ALB,Settlement,Rural,13
2021,ALB,Settlement,Urban,14
2021,ARM,Settlement,Rural,27
2021,ARM,Settlement,Urban,26
2021,BGD,Settlement,Rural,12
2021,BGD,Settlement,Urban,15
2021,BEN,Settlement,Rural,9
2021,BEN,Settlement,Urban,8
2021,BFA,Settlement,Rural,7
2021,BFA,Settlement,Urban,7
2021,KHM,Settlement,Rural,31
2021,KHM,Settlement,Urban,32
2021,CMR,Settlement,Rural,5
2021,CMR,Settlement,Urban,9
2021,CHL,Settlement,Rural,14
2021,CHL,Settlement,Urban,27
2021,COG,Settlement,Rural,7
2021,COG,Settlement,Urban,5
2021,CIV,Settlement,Rural,3
2021,CIV,Settlement,Urban,5
2021,DOM,Settlement,Rural,17
2021,DOM,Settlement,Urban,23
2021,EGY,Settlement,Rural,9
2021,EGY,Settlement,Urban,7
2021,SLV,Settlement,Rural,10
2021,SLV,Settlement,Urban,11
2021,GEO,Settlement,Rural,26
2021,GEO,Settlement,Urban,23
2021,GHA,Settlement,Rural,7
2021,GHA,Settlement,Urban,8
2021,GIN,Settlement,Rural,6
2021,GIN,Settlement,Urban,6
2021,HND,Settlement,Rural,12
2021,HND,Settlement,Urban,9
2021,IND,Settlement,Rural,11
2021,IND,Settlement,Urban,13
2021,IDN,Settlement,Rural,13
2021,IDN,Settlement,Urban,13
2021,IRQ,Settlement,Rural,3
2021,IRQ,Settlement,Urban,4
2021,ISR,Settlement,Rural,79
2021,ISR,Settlement,Urban,80
2021,JAM,Settlement,Rural,9
2021,JAM,Settlement,Urban,14
2021,KAZ,Settlement,Rural,27
2021,KAZ,Settlement,Urban,31
2021,KEN,Settlement,Rural,21
2021,KEN,Settlement,Urban,25
2021,XKX,Settlement,Rural,21
2021,XKX,Settlement,Urban,16
2021,KGZ,Settlement,Rural,23
2021,KGZ,Settlement,Urban,14
2021,LAO,Settlement,Rural,9
2021,LAO,Settlement,Urban,9
2021,LBR,Settlement,Rural,17
2021,LBR,Settlement,Urban,11
2021,MWI,Settlement,Rural,8
2021,MWI,Settlement,Urban,8
2021,MYS,Settlement,Rural,8
2021,MYS,Settlement,Urban,15
2021,MLI,Settlement,Rural,12
2021,MLI,Settlement,Urban,9
2021,MDA,Settlement,Rural,11
2021,MDA,Settlement,Urban,15
2021,MNG,Settlement,Rural,40
2021,MNG,Settlement,Urban,31
2021,MOZ,Settlement,Rural,10
2021,MOZ,Settlement,Urban,11
2021,NAM,Settlement,Rural,16
2021,NAM,Settlement,Urban,30
2021,NPL,Settlement,Rural,15
2021,NPL,Settlement,Urban,13
2021,NIC,Settlement,Rural,10
2021,NIC,Settlement,Urban,14
2021,NGA,Settlement,Rural,6
2021,NGA,Settlement,Urban,7
2021,PAK,Settlement,Rural,4
2021,PAK,Settlement,Urban,3
2021,PAN,Settlement,Rural,8
2021,PAN,Settlement,Urban,11
2021,PRY,Settlement,Rural,9
2021,PRY,Settlement,Urban,15
2021,PER,Settlement,Rural,20
2021,PER,Settlement,Urban,23
2021,SEN,Settlement,Rural,7
2021,SEN,Settlement,Urban,12
2021,SLE,Settlement,Rural,5
2021,SLE,Settlement,Urban,4
2021,SGP,Settlement,Urban,43
2021,ZAF,Settlement,Rural,18
2021,ZAF,Settlement,Urban,18
2021,SSD,Settlement,Rural,1
2021,SSD,Settlement,Urban,11
2021,TJK,Settlement,Rural,10
2021,TJK,Settlement,Urban,13
2021,TZA,Settlement,Rural,4
2021,TZA,Settlement,Urban,6
2021,TGO,Settlement,Rural,6
2021,TGO,Settlement,Urban,10
2021,TUN,Settlement,Rural,7
2021,TUN,Settlement,Urban,11
2021,UGA,Settlement,Rural,20
2021,UGA,Settlement,Urban,17
2021,URY,Settlement,Rural,31
2021,URY,Settlement,Urban,44
2021,UZB,Settlement,Rural,5
2021,UZB,Settlement,Urban,8
2021,PSE,Settlement,Rural,5
2021,PSE,Settlement,Urban,5
2021,ZMB,Settlement,Rural,5
2021,ZMB,Settlement,Urban,9
2021,ZWE,Settlement,Rural,2
2021,ZWE,Settlement,Urban,5
